country_code,period,period_label,indicator,value,unit,source,fetched_at
BR,2024-08-01,agosto 2024,ipca_variacao_mensal,-0.02,%,ibge_sidra,2026-08-14T03:33:19.189315+00:00
BR,2024-09-01,setembro 2024,ipca_variacao_mensal,0.44,%,ibge_sidra,2026-08-14T03:33:19.189315+00:00
BR,2024-10-01,outubro 2024,ipca_variacao_mensal,0.56,%,ibge_sidra,2026-08-14T03:33:19.189315+00:00
BR,2024-11-01,novembro 2024,ipca_variacao_mensal,0.39,%,ibge_sidra,2026-08-14T03:33:19.189315+00:00
BR,2024-12-01,dezembro 2024,ipca_variacao_mensal,0.52,%,ibge_sidra,2026-08-14T03:33:19.189315+00:00
BR,2025-01-01,janeiro 2025,ipca_variacao_mensal,0.16,%,ibge_sidra,2026-08-14T03:33:19.189315+00:00
BR,2025-02-01,fevereiro 2025,ipca_variacao_mensal,1.31,%,ibge_sidra,2026-08-14T03:33:19.189315+00:00
BR,2025-03-01,março 2025,ipca_variacao_mensal,0.56,%,ibge_sidra,2026-08-14T03:33:19.189315+00:00
BR,2025-04-01,abril 2025,ipca_variacao_mensal,0.43,%,ibge_sidra,2026-08-14T03:33:19.189315+00:00
BR,2025-05-01,maio 2025,ipca_variacao_mensal,0.26,%,ibge_sidra,2026-08-14T03:33:19.189315+00:00
BR,2025-06-01,junho 2025,ipca_variacao_mensal,0.24,%,ibge_sidra,2026-08-14T03:33:19.189315+00:00
BR,2025-07-01,julho 2025,ipca_variacao_mensal,0.26,%,ibge_sidra,2026-08-14T03:33:19.189315+00:00
BR,2025-08-01,agosto 2025,ipca_variacao_mensal,-0.11,%,ibge_sidra,2026-08-14T03:33:19.189315+00:00
BR,2025-09-01,setembro 2025,ipca_variacao_mensal,0.48,%,ibge_sidra,2026-08-14T03:33:19.189315+00:00
BR,2025-10-01,outubro 2025,ipca_variacao_mensal,0.09,%,ibge_sidra,2026-08-14T03:33:19.189315+00:00
BR,2025-11-01,novembro 2025,ipca_variacao_mensal,0.18,%,ibge_sidra,2026-08-14T03:33:19.189315+00:00
BR,2025-12-01,dezembro 2025,ipca_variacao_mensal,0.33,%,ibge_sidra,2026-08-14T03:33:19.189315+00:00
BR,2026-01-01,janeiro 2026,ipca_variacao_mensal,0.33,%,ibge_sidra,2026-08-14T03:33:19.189315+00:00
BR,2026-02-01,fevereiro 2026,ipca_variacao_mensal,0.7,%,ibge_sidra,2026-08-14T03:33:19.189315+00:00
BR,2026-03-01,março 2026,ipca_variacao_mensal,0.88,%,ibge_sidra,2026-08-14T03:33:19.189315+00:00
BR,2026-04-01,abril 2026,ipca_variacao_mensal,0.67,%,ibge_sidra,2026-08-14T03:33:19.189315+00:00
BR,2026-05-01,maio 2026,ipca_variacao_mensal,0.58,%,ibge_sidra,2026-08-14T03:33:19.189315+00:00
BR,2026-06-01,junho 2026,ipca_variacao_mensal,0.16,%,ibge_sidra,2026-08-14T03:33:19.189315+00:00
BR,2026-07-01,julho 2026,ipca_variacao_mensal,0.07,%,ibge_sidra,2026-08-14T03:33:19.189315+00:00
CO,2003-01-01,Enero 2003,ipc_indice,50.42,,dane,2026-08-14T03:33:19.965994+00:00
CO,2004-01-01,Enero 2004,ipc_indice,53.54,,dane,2026-08-14T03:33:19.965994+00:00
CO,2005-01-01,Enero 2005,ipc_indice,56.45,,dane,2026-08-14T03:33:19.965994+00:00
CO,2006-01-01,Enero 2006,ipc_indice,59.02,,dane,2026-08-14T03:33:19.965994+00:00
CO,2007-01-01,Enero 2007,ipc_indice,61.8,,dane,2026-08-14T03:33:19.965994+00:00
CO,2008-01-01,Enero 2008,ipc_indice,65.51,,dane,2026-08-14T03:33:19.965994+00:00
CO,2009-01-01,Enero 2009,ipc_indice,70.21,,dane,2026-08-14T03:33:19.965994+00:00
CO,2010-01-01,Enero 2010,ipc_indice,71.69,,dane,2026-08-14T03:33:19.965994+00:00
CO,2011-01-01,Enero 2011,ipc_indice,74.12,,dane,2026-08-14T03:33:19.965994+00:00
CO,2012-01-01,Enero 2012,ipc_indice,76.75,,dane,2026-08-14T03:33:19.965994+00:00
CO,2013-01-01,Enero 2013,ipc_indice,78.28,,dane,2026-08-14T03:33:19.965994+00:00
CO,2014-01-01,Enero 2014,ipc_indice,79.95,,dane,2026-08-14T03:33:19.965994+00:00
CO,2015-01-01,Enero 2015,ipc_indice,83.0,,dane,2026-08-14T03:33:19.965994+00:00
CO,2016-01-01,Enero 2016,ipc_indice,89.19,,dane,2026-08-14T03:33:19.965994+00:00
CO,2017-01-01,Enero 2017,ipc_indice,94.07,,dane,2026-08-14T03:33:19.965994+00:00
CO,2018-01-01,Enero 2018,ipc_indice,97.53,,dane,2026-08-14T03:33:19.965994+00:00
CO,2019-01-01,Enero 2019,ipc_indice,100.6,,dane,2026-08-14T03:33:19.965994+00:00
CO,2020-01-01,Enero 2020,ipc_indice,104.24,,dane,2026-08-14T03:33:19.965994+00:00
CO,2021-01-01,Enero 2021,ipc_indice,105.91,,dane,2026-08-14T03:33:19.965994+00:00
CO,2022-01-01,Enero 2022,ipc_indice,113.26,,dane,2026-08-14T03:33:19.965994+00:00
CO,2023-01-01,Enero 2023,ipc_indice,128.27,,dane,2026-08-14T03:33:19.965994+00:00
CO,2024-01-01,Enero 2024,ipc_indice,138.98,,dane,2026-08-14T03:33:19.965994+00:00
CO,2025-01-01,Enero 2025,ipc_indice,146.24,,dane,2026-08-14T03:33:19.965994+00:00
CO,2026-01-01,Enero 2026,ipc_indice,154.07,,dane,2026-08-14T03:33:19.965994+00:00
CO,2003-02-01,Febrero 2003,ipc_indice,50.98,,dane,2026-08-14T03:33:19.965994+00:00
CO,2004-02-01,Febrero 2004,ipc_indice,54.18,,dane,2026-08-14T03:33:19.965994+00:00
CO,2005-02-01,Febrero 2005,ipc_indice,57.02,,dane,2026-08-14T03:33:19.965994+00:00
CO,2006-02-01,Febrero 2006,ipc_indice,59.41,,dane,2026-08-14T03:33:19.965994+00:00
CO,2007-02-01,Febrero 2007,ipc_indice,62.53,,dane,2026-08-14T03:33:19.965994+00:00
CO,2008-02-01,Febrero 2008,ipc_indice,66.5,,dane,2026-08-14T03:33:19.965994+00:00
CO,2009-02-01,Febrero 2009,ipc_indice,70.8,,dane,2026-08-14T03:33:19.965994+00:00
CO,2010-02-01,Febrero 2010,ipc_indice,72.28,,dane,2026-08-14T03:33:19.965994+00:00
CO,2011-02-01,Febrero 2011,ipc_indice,74.57,,dane,2026-08-14T03:33:19.965994+00:00
CO,2012-02-01,Febrero 2012,ipc_indice,77.22,,dane,2026-08-14T03:33:19.965994+00:00
CO,2013-02-01,Febrero 2013,ipc_indice,78.63,,dane,2026-08-14T03:33:19.965994+00:00
CO,2014-02-01,Febrero 2014,ipc_indice,80.45,,dane,2026-08-14T03:33:19.965994+00:00
CO,2015-02-01,Febrero 2015,ipc_indice,83.96,,dane,2026-08-14T03:33:19.965994+00:00
CO,2016-02-01,Febrero 2016,ipc_indice,90.33,,dane,2026-08-14T03:33:19.965994+00:00
CO,2017-02-01,Febrero 2017,ipc_indice,95.01,,dane,2026-08-14T03:33:19.965994+00:00
CO,2018-02-01,Febrero 2018,ipc_indice,98.22,,dane,2026-08-14T03:33:19.965994+00:00
CO,2019-02-01,Febrero 2019,ipc_indice,101.18,,dane,2026-08-14T03:33:19.965994+00:00
CO,2020-02-01,Febrero 2020,ipc_indice,104.94,,dane,2026-08-14T03:33:19.965994+00:00
CO,2021-02-01,Febrero 2021,ipc_indice,106.58,,dane,2026-08-14T03:33:19.965994+00:00
CO,2022-02-01,Febrero 2022,ipc_indice,115.11,,dane,2026-08-14T03:33:19.965994+00:00
CO,2023-02-01,Febrero 2023,ipc_indice,130.4,,dane,2026-08-14T03:33:19.965994+00:00
CO,2024-02-01,Febrero 2024,ipc_indice,140.49,,dane,2026-08-14T03:33:19.965994+00:00
CO,2025-02-01,Febrero 2025,ipc_indice,147.9,,dane,2026-08-14T03:33:19.965994+00:00
CO,2026-02-01,Febrero 2026,ipc_indice,155.73,,dane,2026-08-14T03:33:19.965994+00:00
CO,2003-03-01,Marzo 2003,ipc_indice,51.51,,dane,2026-08-14T03:33:19.965994+00:00
CO,2004-03-01,Marzo 2004,ipc_indice,54.71,,dane,2026-08-14T03:33:19.965994+00:00
CO,2005-03-01,Marzo 2005,ipc_indice,57.46,,dane,2026-08-14T03:33:19.965994+00:00
CO,2006-03-01,Marzo 2006,ipc_indice,59.83,,dane,2026-08-14T03:33:19.965994+00:00
CO,2007-03-01,Marzo 2007,ipc_indice,63.29,,dane,2026-08-14T03:33:19.965994+00:00
CO,2008-03-01,Marzo 2008,ipc_indice,67.04,,dane,2026-08-14T03:33:19.965994+00:00
CO,2009-03-01,Marzo 2009,ipc_indice,71.15,,dane,2026-08-14T03:33:19.965994+00:00
CO,2010-03-01,Marzo 2010,ipc_indice,72.46,,dane,2026-08-14T03:33:19.965994+00:00
CO,2011-03-01,Marzo 2011,ipc_indice,74.77,,dane,2026-08-14T03:33:19.965994+00:00
CO,2012-03-01,Marzo 2012,ipc_indice,77.31,,dane,2026-08-14T03:33:19.965994+00:00
CO,2013-03-01,Marzo 2013,ipc_indice,78.79,,dane,2026-08-14T03:33:19.965994+00:00
CO,2014-03-01,Marzo 2014,ipc_indice,80.77,,dane,2026-08-14T03:33:19.965994+00:00
CO,2015-03-01,Marzo 2015,ipc_indice,84.45,,dane,2026-08-14T03:33:19.965994+00:00
CO,2016-03-01,Marzo 2016,ipc_indice,91.18,,dane,2026-08-14T03:33:19.965994+00:00
CO,2017-03-01,Marzo 2017,ipc_indice,95.46,,dane,2026-08-14T03:33:19.965994+00:00
CO,2018-03-01,Marzo 2018,ipc_indice,98.45,,dane,2026-08-14T03:33:19.965994+00:00
CO,2019-03-01,Marzo 2019,ipc_indice,101.62,,dane,2026-08-14T03:33:19.965994+00:00
CO,2020-03-01,Marzo 2020,ipc_indice,105.53,,dane,2026-08-14T03:33:19.965994+00:00
CO,2021-03-01,Marzo 2021,ipc_indice,107.12,,dane,2026-08-14T03:33:19.965994+00:00
CO,2022-03-01,Marzo 2022,ipc_indice,116.26,,dane,2026-08-14T03:33:19.965994+00:00
CO,2023-03-01,Marzo 2023,ipc_indice,131.77,,dane,2026-08-14T03:33:19.965994+00:00
CO,2024-03-01,Marzo 2024,ipc_indice,141.48,,dane,2026-08-14T03:33:19.965994+00:00
CO,2025-03-01,Marzo 2025,ipc_indice,148.68,,dane,2026-08-14T03:33:19.965994+00:00
CO,2026-03-01,Marzo 2026,ipc_indice,156.94,,dane,2026-08-14T03:33:19.965994+00:00
CO,2003-04-01,Abril 2003,ipc_indice,52.1,,dane,2026-08-14T03:33:19.965994+00:00
CO,2004-04-01,Abril 2004,ipc_indice,54.96,,dane,2026-08-14T03:33:19.965994+00:00
CO,2005-04-01,Abril 2005,ipc_indice,57.72,,dane,2026-08-14T03:33:19.965994+00:00
CO,2006-04-01,Abril 2006,ipc_indice,60.09,,dane,2026-08-14T03:33:19.965994+00:00
CO,2007-04-01,Abril 2007,ipc_indice,63.85,,dane,2026-08-14T03:33:19.965994+00:00
CO,2008-04-01,Abril 2008,ipc_indice,67.51,,dane,2026-08-14T03:33:19.965994+00:00
CO,2009-04-01,Abril 2009,ipc_indice,71.38,,dane,2026-08-14T03:33:19.965994+00:00
CO,2010-04-01,Abril 2010,ipc_indice,72.79,,dane,2026-08-14T03:33:19.965994+00:00
CO,2011-04-01,Abril 2011,ipc_indice,74.86,,dane,2026-08-14T03:33:19.965994+00:00
CO,2012-04-01,Abril 2012,ipc_indice,77.42,,dane,2026-08-14T03:33:19.965994+00:00
CO,2013-04-01,Abril 2013,ipc_indice,78.99,,dane,2026-08-14T03:33:19.965994+00:00
CO,2014-04-01,Abril 2014,ipc_indice,81.14,,dane,2026-08-14T03:33:19.965994+00:00
CO,2015-04-01,Abril 2015,ipc_indice,84.9,,dane,2026-08-14T03:33:19.965994+00:00
CO,2016-04-01,Abril 2016,ipc_indice,91.63,,dane,2026-08-14T03:33:19.965994+00:00
CO,2017-04-01,Abril 2017,ipc_indice,95.91,,dane,2026-08-14T03:33:19.965994+00:00
CO,2018-04-01,Abril 2018,ipc_indice,98.91,,dane,2026-08-14T03:33:19.965994+00:00
CO,2019-04-01,Abril 2019,ipc_indice,102.12,,dane,2026-08-14T03:33:19.965994+00:00
CO,2020-04-01,Abril 2020,ipc_indice,105.7,,dane,2026-08-14T03:33:19.965994+00:00
CO,2021-04-01,Abril 2021,ipc_indice,107.76,,dane,2026-08-14T03:33:19.965994+00:00
CO,2022-04-01,Abril 2022,ipc_indice,117.71,,dane,2026-08-14T03:33:19.965994+00:00
CO,2023-04-01,Abril 2023,ipc_indice,132.8,,dane,2026-08-14T03:33:19.965994+00:00
CO,2024-04-01,Abril 2024,ipc_indice,142.32,,dane,2026-08-14T03:33:19.965994+00:00
CO,2025-04-01,Abril 2025,ipc_indice,149.66,,dane,2026-08-14T03:33:19.965994+00:00
CO,2026-04-01,Abril 2026,ipc_indice,158.17,,dane,2026-08-14T03:33:19.965994+00:00
CO,2003-05-01,Mayo 2003,ipc_indice,52.36,,dane,2026-08-14T03:33:19.965994+00:00
CO,2004-05-01,Mayo 2004,ipc_indice,55.17,,dane,2026-08-14T03:33:19.965994+00:00
CO,2005-05-01,Mayo 2005,ipc_indice,57.95,,dane,2026-08-14T03:33:19.965994+00:00
CO,2006-05-01,Mayo 2006,ipc_indice,60.29,,dane,2026-08-14T03:33:19.965994+00:00
CO,2007-05-01,Mayo 2007,ipc_indice,64.05,,dane,2026-08-14T03:33:19.965994+00:00
CO,2008-05-01,Mayo 2008,ipc_indice,68.14,,dane,2026-08-14T03:33:19.965994+00:00
CO,2009-05-01,Mayo 2009,ipc_indice,71.39,,dane,2026-08-14T03:33:19.965994+00:00
CO,2010-05-01,Mayo 2010,ipc_indice,72.87,,dane,2026-08-14T03:33:19.965994+00:00
CO,2011-05-01,Mayo 2011,ipc_indice,75.07,,dane,2026-08-14T03:33:19.965994+00:00
CO,2012-05-01,Mayo 2012,ipc_indice,77.66,,dane,2026-08-14T03:33:19.965994+00:00
CO,2013-05-01,Mayo 2013,ipc_indice,79.21,,dane,2026-08-14T03:33:19.965994+00:00
CO,2014-05-01,Mayo 2014,ipc_indice,81.53,,dane,2026-08-14T03:33:19.965994+00:00
CO,2015-05-01,Mayo 2015,ipc_indice,85.12,,dane,2026-08-14T03:33:19.965994+00:00
CO,2016-05-01,Mayo 2016,ipc_indice,92.1,,dane,2026-08-14T03:33:19.965994+00:00
CO,2017-05-01,Mayo 2017,ipc_indice,96.12,,dane,2026-08-14T03:33:19.965994+00:00
CO,2018-05-01,Mayo 2018,ipc_indice,99.16,,dane,2026-08-14T03:33:19.965994+00:00
CO,2019-05-01,Mayo 2019,ipc_indice,102.44,,dane,2026-08-14T03:33:19.965994+00:00
CO,2020-05-01,Mayo 2020,ipc_indice,105.36,,dane,2026-08-14T03:33:19.965994+00:00
CO,2021-05-01,Mayo 2021,ipc_indice,108.84,,dane,2026-08-14T03:33:19.965994+00:00
CO,2022-05-01,Mayo 2022,ipc_indice,118.7,,dane,2026-08-14T03:33:19.965994+00:00
CO,2023-05-01,Mayo 2023,ipc_indice,133.38,,dane,2026-08-14T03:33:19.965994+00:00
CO,2024-05-01,Mayo 2024,ipc_indice,142.92,,dane,2026-08-14T03:33:19.965994+00:00
CO,2025-05-01,Mayo 2025,ipc_indice,150.14,,dane,2026-08-14T03:33:19.965994+00:00
CO,2026-05-01,Mayo 2026,ipc_indice,158.91,,dane,2026-08-14T03:33:19.965994+00:00
CO,2003-06-01,Junio 2003,ipc_indice,52.33,,dane,2026-08-14T03:33:19.965994+00:00
CO,2004-06-01,Junio 2004,ipc_indice,55.51,,dane,2026-08-14T03:33:19.965994+00:00
CO,2005-06-01,Junio 2005,ipc_indice,58.18,,dane,2026-08-14T03:33:19.965994+00:00
CO,2006-06-01,Junio 2006,ipc_indice,60.48,,dane,2026-08-14T03:33:19.965994+00:00
CO,2007-06-01,Junio 2007,ipc_indice,64.12,,dane,2026-08-14T03:33:19.965994+00:00
CO,2008-06-01,Junio 2008,ipc_indice,68.73,,dane,2026-08-14T03:33:19.965994+00:00
CO,2009-06-01,Junio 2009,ipc_indice,71.35,,dane,2026-08-14T03:33:19.965994+00:00
CO,2010-06-01,Junio 2010,ipc_indice,72.95,,dane,2026-08-14T03:33:19.965994+00:00
CO,2011-06-01,Junio 2011,ipc_indice,75.31,,dane,2026-08-14T03:33:19.965994+00:00
CO,2012-06-01,Junio 2012,ipc_indice,77.72,,dane,2026-08-14T03:33:19.965994+00:00
CO,2013-06-01,Junio 2013,ipc_indice,79.39,,dane,2026-08-14T03:33:19.965994+00:00
CO,2014-06-01,Junio 2014,ipc_indice,81.61,,dane,2026-08-14T03:33:19.965994+00:00
CO,2015-06-01,Junio 2015,ipc_indice,85.21,,dane,2026-08-14T03:33:19.965994+00:00
CO,2016-06-01,Junio 2016,ipc_indice,92.54,,dane,2026-08-14T03:33:19.965994+00:00
CO,2017-06-01,Junio 2017,ipc_indice,96.23,,dane,2026-08-14T03:33:19.965994+00:00
CO,2018-06-01,Junio 2018,ipc_indice,99.31,,dane,2026-08-14T03:33:19.965994+00:00
CO,2019-06-01,Junio 2019,ipc_indice,102.71,,dane,2026-08-14T03:33:19.965994+00:00
CO,2020-06-01,Junio 2020,ipc_indice,104.97,,dane,2026-08-14T03:33:19.965994+00:00
CO,2021-06-01,Junio 2021,ipc_indice,108.78,,dane,2026-08-14T03:33:19.965994+00:00
CO,2022-06-01,Junio 2022,ipc_indice,119.31,,dane,2026-08-14T03:33:19.965994+00:00
CO,2023-06-01,Junio 2023,ipc_indice,133.78,,dane,2026-08-14T03:33:19.965994+00:00
CO,2024-06-01,Junio 2024,ipc_indice,143.38,,dane,2026-08-14T03:33:19.965994+00:00
CO,2025-06-01,Junio 2025,ipc_indice,150.3,,dane,2026-08-14T03:33:19.965994+00:00
CO,2026-06-01,Junio 2026,ipc_indice,159.53,,dane,2026-08-14T03:33:19.965994+00:00
CO,2003-07-01,Julio 2003,ipc_indice,52.26,,dane,2026-08-14T03:33:19.965994+00:00
CO,2004-07-01,Julio 2004,ipc_indice,55.49,,dane,2026-08-14T03:33:19.965994+00:00
CO,2005-07-01,Julio 2005,ipc_indice,58.21,,dane,2026-08-14T03:33:19.965994+00:00
CO,2006-07-01,Julio 2006,ipc_indice,60.73,,dane,2026-08-14T03:33:19.965994+00:00
CO,2007-07-01,Julio 2007,ipc_indice,64.23,,dane,2026-08-14T03:33:19.965994+00:00
CO,2008-07-01,Julio 2008,ipc_indice,69.06,,dane,2026-08-14T03:33:19.965994+00:00
CO,2009-07-01,Julio 2009,ipc_indice,71.32,,dane,2026-08-14T03:33:19.965994+00:00
CO,2010-07-01,Julio 2010,ipc_indice,72.92,,dane,2026-08-14T03:33:19.965994+00:00
CO,2011-07-01,Julio 2011,ipc_indice,75.42,,dane,2026-08-14T03:33:19.965994+00:00
CO,2012-07-01,Julio 2012,ipc_indice,77.7,,dane,2026-08-14T03:33:19.965994+00:00
CO,2013-07-01,Julio 2013,ipc_indice,79.43,,dane,2026-08-14T03:33:19.965994+00:00
CO,2014-07-01,Julio 2014,ipc_indice,81.73,,dane,2026-08-14T03:33:19.965994+00:00
CO,2015-07-01,Julio 2015,ipc_indice,85.37,,dane,2026-08-14T03:33:19.965994+00:00
CO,2016-07-01,Julio 2016,ipc_indice,93.02,,dane,2026-08-14T03:33:19.965994+00:00
CO,2017-07-01,Julio 2017,ipc_indice,96.18,,dane,2026-08-14T03:33:19.965994+00:00
CO,2018-07-01,Julio 2018,ipc_indice,99.18,,dane,2026-08-14T03:33:19.965994+00:00
CO,2019-07-01,Julio 2019,ipc_indice,102.94,,dane,2026-08-14T03:33:19.965994+00:00
CO,2020-07-01,Julio 2020,ipc_indice,104.97,,dane,2026-08-14T03:33:19.965994+00:00
CO,2021-07-01,Julio 2021,ipc_indice,109.14,,dane,2026-08-14T03:33:19.965994+00:00
CO,2022-07-01,Julio 2022,ipc_indice,120.27,,dane,2026-08-14T03:33:19.965994+00:00
CO,2023-07-01,Julio 2023,ipc_indice,134.45,,dane,2026-08-14T03:33:19.965994+00:00
CO,2024-07-01,Julio 2024,ipc_indice,143.67,,dane,2026-08-14T03:33:19.965994+00:00
CO,2025-07-01,Julio 2025,ipc_indice,150.71,,dane,2026-08-14T03:33:19.965994+00:00
CO,2003-08-01,Agosto 2003,ipc_indice,52.42,,dane,2026-08-14T03:33:19.965994+00:00
CO,2004-08-01,Agosto 2004,ipc_indice,55.51,,dane,2026-08-14T03:33:19.965994+00:00
CO,2005-08-01,Agosto 2005,ipc_indice,58.21,,dane,2026-08-14T03:33:19.965994+00:00
CO,2006-08-01,Agosto 2006,ipc_indice,60.96,,dane,2026-08-14T03:33:19.965994+00:00
CO,2007-08-01,Agosto 2007,ipc_indice,64.14,,dane,2026-08-14T03:33:19.965994+00:00
CO,2008-08-01,Agosto 2008,ipc_indice,69.19,,dane,2026-08-14T03:33:19.965994+00:00
CO,2009-08-01,Agosto 2009,ipc_indice,71.35,,dane,2026-08-14T03:33:19.965994+00:00
CO,2010-08-01,Agosto 2010,ipc_indice,73.0,,dane,2026-08-14T03:33:19.965994+00:00
CO,2011-08-01,Agosto 2011,ipc_indice,75.39,,dane,2026-08-14T03:33:19.965994+00:00
CO,2012-08-01,Agosto 2012,ipc_indice,77.73,,dane,2026-08-14T03:33:19.965994+00:00
CO,2013-08-01,Agosto 2013,ipc_indice,79.5,,dane,2026-08-14T03:33:19.965994+00:00
CO,2014-08-01,Agosto 2014,ipc_indice,81.9,,dane,2026-08-14T03:33:19.965994+00:00
CO,2015-08-01,Agosto 2015,ipc_indice,85.78,,dane,2026-08-14T03:33:19.965994+00:00
CO,2016-08-01,Agosto 2016,ipc_indice,92.73,,dane,2026-08-14T03:33:19.965994+00:00
CO,2017-08-01,Agosto 2017,ipc_indice,96.32,,dane,2026-08-14T03:33:19.965994+00:00
CO,2018-08-01,Agosto 2018,ipc_indice,99.3,,dane,2026-08-14T03:33:19.965994+00:00
CO,2019-08-01,Agosto 2019,ipc_indice,103.03,,dane,2026-08-14T03:33:19.965994+00:00
CO,2020-08-01,Agosto 2020,ipc_indice,104.96,,dane,2026-08-14T03:33:19.965994+00:00
CO,2021-08-01,Agosto 2021,ipc_indice,109.62,,dane,2026-08-14T03:33:19.965994+00:00
CO,2022-08-01,Agosto 2022,ipc_indice,121.5,,dane,2026-08-14T03:33:19.965994+00:00
CO,2023-08-01,Agosto 2023,ipc_indice,135.39,,dane,2026-08-14T03:33:19.965994+00:00
CO,2024-08-01,Agosto 2024,ipc_indice,143.67,,dane,2026-08-14T03:33:19.965994+00:00
CO,2025-08-01,Agosto 2025,ipc_indice,150.99,,dane,2026-08-14T03:33:19.965994+00:00
CO,2003-09-01,Septiembre 2003,ipc_indice,52.53,,dane,2026-08-14T03:33:19.965994+00:00
CO,2004-09-01,Septiembre 2004,ipc_indice,55.67,,dane,2026-08-14T03:33:19.965994+00:00
CO,2005-09-01,Septiembre 2005,ipc_indice,58.46,,dane,2026-08-14T03:33:19.965994+00:00
CO,2006-09-01,Septiembre 2006,ipc_indice,61.14,,dane,2026-08-14T03:33:19.965994+00:00
CO,2007-09-01,Septiembre 2007,ipc_indice,64.2,,dane,2026-08-14T03:33:19.965994+00:00
CO,2008-09-01,Septiembre 2008,ipc_indice,69.06,,dane,2026-08-14T03:33:19.965994+00:00
CO,2009-09-01,Septiembre 2009,ipc_indice,71.28,,dane,2026-08-14T03:33:19.965994+00:00
CO,2010-09-01,Septiembre 2010,ipc_indice,72.9,,dane,2026-08-14T03:33:19.965994+00:00
CO,2011-09-01,Septiembre 2011,ipc_indice,75.62,,dane,2026-08-14T03:33:19.965994+00:00
CO,2012-09-01,Septiembre 2012,ipc_indice,77.96,,dane,2026-08-14T03:33:19.965994+00:00
CO,2013-09-01,Septiembre 2013,ipc_indice,79.73,,dane,2026-08-14T03:33:19.965994+00:00
CO,2014-09-01,Septiembre 2014,ipc_indice,82.01,,dane,2026-08-14T03:33:19.965994+00:00
CO,2015-09-01,Septiembre 2015,ipc_indice,86.39,,dane,2026-08-14T03:33:19.965994+00:00
CO,2016-09-01,Septiembre 2016,ipc_indice,92.68,,dane,2026-08-14T03:33:19.965994+00:00
CO,2017-09-01,Septiembre 2017,ipc_indice,96.36,,dane,2026-08-14T03:33:19.965994+00:00
CO,2018-09-01,Septiembre 2018,ipc_indice,99.47,,dane,2026-08-14T03:33:19.965994+00:00
CO,2019-09-01,Septiembre 2019,ipc_indice,103.26,,dane,2026-08-14T03:33:19.965994+00:00
CO,2020-09-01,Septiembre 2020,ipc_indice,105.29,,dane,2026-08-14T03:33:19.965994+00:00
CO,2021-09-01,Septiembre 2021,ipc_indice,110.04,,dane,2026-08-14T03:33:19.965994+00:00
CO,2022-09-01,Septiembre 2022,ipc_indice,122.63,,dane,2026-08-14T03:33:19.965994+00:00
CO,2023-09-01,Septiembre 2023,ipc_indice,136.11,,dane,2026-08-14T03:33:19.965994+00:00
CO,2024-09-01,Septiembre 2024,ipc_indice,144.02,,dane,2026-08-14T03:33:19.965994+00:00
CO,2025-09-01,Septiembre 2025,ipc_indice,151.48,,dane,2026-08-14T03:33:19.965994+00:00
CO,2003-10-01,Octubre 2003,ipc_indice,52.56,,dane,2026-08-14T03:33:19.965994+00:00
CO,2004-10-01,Octubre 2004,ipc_indice,55.66,,dane,2026-08-14T03:33:19.965994+00:00
CO,2005-10-01,Octubre 2005,ipc_indice,58.6,,dane,2026-08-14T03:33:19.965994+00:00
CO,2006-10-01,Octubre 2006,ipc_indice,61.05,,dane,2026-08-14T03:33:19.965994+00:00
CO,2007-10-01,Octubre 2007,ipc_indice,64.2,,dane,2026-08-14T03:33:19.965994+00:00
CO,2008-10-01,Octubre 2008,ipc_indice,69.3,,dane,2026-08-14T03:33:19.965994+00:00
CO,2009-10-01,Octubre 2009,ipc_indice,71.19,,dane,2026-08-14T03:33:19.965994+00:00
CO,2010-10-01,Octubre 2010,ipc_indice,72.84,,dane,2026-08-14T03:33:19.965994+00:00
CO,2011-10-01,Octubre 2011,ipc_indice,75.77,,dane,2026-08-14T03:33:19.965994+00:00
CO,2012-10-01,Octubre 2012,ipc_indice,78.08,,dane,2026-08-14T03:33:19.965994+00:00
CO,2013-10-01,Octubre 2013,ipc_indice,79.52,,dane,2026-08-14T03:33:19.965994+00:00
CO,2014-10-01,Octubre 2014,ipc_indice,82.14,,dane,2026-08-14T03:33:19.965994+00:00
CO,2015-10-01,Octubre 2015,ipc_indice,86.98,,dane,2026-08-14T03:33:19.965994+00:00
CO,2016-10-01,Octubre 2016,ipc_indice,92.62,,dane,2026-08-14T03:33:19.965994+00:00
CO,2017-10-01,Octubre 2017,ipc_indice,96.37,,dane,2026-08-14T03:33:19.965994+00:00
CO,2018-10-01,Octubre 2018,ipc_indice,99.59,,dane,2026-08-14T03:33:19.965994+00:00
CO,2019-10-01,Octubre 2019,ipc_indice,103.43,,dane,2026-08-14T03:33:19.965994+00:00
CO,2020-10-01,Octubre 2020,ipc_indice,105.23,,dane,2026-08-14T03:33:19.965994+00:00
CO,2021-10-01,Octubre 2021,ipc_indice,110.06,,dane,2026-08-14T03:33:19.965994+00:00
CO,2022-10-01,Octubre 2022,ipc_indice,123.51,,dane,2026-08-14T03:33:19.965994+00:00
CO,2023-10-01,Octubre 2023,ipc_indice,136.45,,dane,2026-08-14T03:33:19.965994+00:00
CO,2024-10-01,Octubre 2024,ipc_indice,143.83,,dane,2026-08-14T03:33:19.965994+00:00
CO,2025-10-01,Octubre 2025,ipc_indice,151.76,,dane,2026-08-14T03:33:19.965994+00:00
CO,2003-11-01,Noviembre 2003,ipc_indice,52.75,,dane,2026-08-14T03:33:19.965994+00:00
CO,2004-11-01,Noviembre 2004,ipc_indice,55.82,,dane,2026-08-14T03:33:19.965994+00:00
CO,2005-11-01,Noviembre 2005,ipc_indice,58.66,,dane,2026-08-14T03:33:19.965994+00:00
CO,2006-11-01,Noviembre 2006,ipc_indice,61.19,,dane,2026-08-14T03:33:19.965994+00:00
CO,2007-11-01,Noviembre 2007,ipc_indice,64.51,,dane,2026-08-14T03:33:19.965994+00:00
CO,2008-11-01,Noviembre 2008,ipc_indice,69.49,,dane,2026-08-14T03:33:19.965994+00:00
CO,2009-11-01,Noviembre 2009,ipc_indice,71.14,,dane,2026-08-14T03:33:19.965994+00:00
CO,2010-11-01,Noviembre 2010,ipc_indice,72.98,,dane,2026-08-14T03:33:19.965994+00:00
CO,2011-11-01,Noviembre 2011,ipc_indice,75.87,,dane,2026-08-14T03:33:19.965994+00:00
CO,2012-11-01,Noviembre 2012,ipc_indice,77.98,,dane,2026-08-14T03:33:19.965994+00:00
CO,2013-11-01,Noviembre 2013,ipc_indice,79.35,,dane,2026-08-14T03:33:19.965994+00:00
CO,2014-11-01,Noviembre 2014,ipc_indice,82.25,,dane,2026-08-14T03:33:19.965994+00:00
CO,2015-11-01,Noviembre 2015,ipc_indice,87.51,,dane,2026-08-14T03:33:19.965994+00:00
CO,2016-11-01,Noviembre 2016,ipc_indice,92.73,,dane,2026-08-14T03:33:19.965994+00:00
CO,2017-11-01,Noviembre 2017,ipc_indice,96.55,,dane,2026-08-14T03:33:19.965994+00:00
CO,2018-11-01,Noviembre 2018,ipc_indice,99.7,,dane,2026-08-14T03:33:19.965994+00:00
CO,2019-11-01,Noviembre 2019,ipc_indice,103.54,,dane,2026-08-14T03:33:19.965994+00:00
CO,2020-11-01,Noviembre 2020,ipc_indice,105.08,,dane,2026-08-14T03:33:19.965994+00:00
CO,2021-11-01,Noviembre 2021,ipc_indice,110.6,,dane,2026-08-14T03:33:19.965994+00:00
CO,2022-11-01,Noviembre 2022,ipc_indice,124.46,,dane,2026-08-14T03:33:19.965994+00:00
CO,2023-11-01,Noviembre 2023,ipc_indice,137.09,,dane,2026-08-14T03:33:19.965994+00:00
CO,2024-11-01,Noviembre 2024,ipc_indice,144.22,,dane,2026-08-14T03:33:19.965994+00:00
CO,2025-11-01,Noviembre 2025,ipc_indice,151.87,,dane,2026-08-14T03:33:19.965994+00:00
CO,2003-12-01,Diciembre 2003,ipc_indice,53.07,,dane,2026-08-14T03:33:19.965994+00:00
CO,2004-12-01,Diciembre 2004,ipc_indice,55.99,,dane,2026-08-14T03:33:19.965994+00:00
CO,2005-12-01,Diciembre 2005,ipc_indice,58.7,,dane,2026-08-14T03:33:19.965994+00:00
CO,2006-12-01,Diciembre 2006,ipc_indice,61.33,,dane,2026-08-14T03:33:19.965994+00:00
CO,2007-12-01,Diciembre 2007,ipc_indice,64.82,,dane,2026-08-14T03:33:19.965994+00:00
CO,2008-12-01,Diciembre 2008,ipc_indice,69.8,,dane,2026-08-14T03:33:19.965994+00:00
CO,2009-12-01,Diciembre 2009,ipc_indice,71.2,,dane,2026-08-14T03:33:19.965994+00:00
CO,2010-12-01,Diciembre 2010,ipc_indice,73.45,,dane,2026-08-14T03:33:19.965994+00:00
CO,2011-12-01,Diciembre 2011,ipc_indice,76.19,,dane,2026-08-14T03:33:19.965994+00:00
CO,2012-12-01,Diciembre 2012,ipc_indice,78.05,,dane,2026-08-14T03:33:19.965994+00:00
CO,2013-12-01,Diciembre 2013,ipc_indice,79.56,,dane,2026-08-14T03:33:19.965994+00:00
CO,2014-12-01,Diciembre 2014,ipc_indice,82.47,,dane,2026-08-14T03:33:19.965994+00:00
CO,2015-12-01,Diciembre 2015,ipc_indice,88.05,,dane,2026-08-14T03:33:19.965994+00:00
CO,2016-12-01,Diciembre 2016,ipc_indice,93.11,,dane,2026-08-14T03:33:19.965994+00:00
CO,2017-12-01,Diciembre 2017,ipc_indice,96.92,,dane,2026-08-14T03:33:19.965994+00:00
CO,2018-12-01,Diciembre 2018,ipc_indice,100.0,,dane,2026-08-14T03:33:19.965994+00:00
CO,2019-12-01,Diciembre 2019,ipc_indice,103.8,,dane,2026-08-14T03:33:19.965994+00:00
CO,2020-12-01,Diciembre 2020,ipc_indice,105.48,,dane,2026-08-14T03:33:19.965994+00:00
CO,2021-12-01,Diciembre 2021,ipc_indice,111.41,,dane,2026-08-14T03:33:19.965994+00:00
CO,2022-12-01,Diciembre 2022,ipc_indice,126.03,,dane,2026-08-14T03:33:19.965994+00:00
CO,2023-12-01,Diciembre 2023,ipc_indice,137.72,,dane,2026-08-14T03:33:19.965994+00:00
CO,2024-12-01,Diciembre 2024,ipc_indice,144.88,,dane,2026-08-14T03:33:19.965994+00:00
CO,2025-12-01,Diciembre 2025,ipc_indice,152.27,,dane,2026-08-14T03:33:19.965994+00:00
UY,2025-01-01,Enero 2025,ipc_indice,111.51,,ine_uy_dgi,2026-08-14T03:33:20.379508+00:00
UY,2025-02-01,Febrero 2025,ipc_indice,112.28,,ine_uy_dgi,2026-08-14T03:33:20.379508+00:00
UY,2025-03-01,Marzo 2025,ipc_indice,112.92,,ine_uy_dgi,2026-08-14T03:33:20.379508+00:00
UY,2025-04-01,Abril 2025,ipc_indice,113.28,,ine_uy_dgi,2026-08-14T03:33:20.379508+00:00
UY,2025-05-01,Mayo 2025,ipc_indice,113.41,,ine_uy_dgi,2026-08-14T03:33:20.379508+00:00
UY,2025-06-01,Junio 2025,ipc_indice,113.31,,ine_uy_dgi,2026-08-14T03:33:20.379508+00:00
UY,2025-07-01,Julio 2025,ipc_indice,113.37,,ine_uy_dgi,2026-08-14T03:33:20.379508+00:00
UY,2025-08-01,Agosto 2025,ipc_indice,113.33,,ine_uy_dgi,2026-08-14T03:33:20.379508+00:00
UY,2025-09-01,Setiembre 2025,ipc_indice,113.81,,ine_uy_dgi,2026-08-14T03:33:20.379508+00:00
UY,2025-10-01,Octubre 2025,ipc_indice,114.26,,ine_uy_dgi,2026-08-14T03:33:20.379508+00:00
UY,2025-11-01,Noviembre 2025,ipc_indice,114.42,,ine_uy_dgi,2026-08-14T03:33:20.379508+00:00
UY,2025-12-01,Diciembre 2025,ipc_indice,114.32,,ine_uy_dgi,2026-08-14T03:33:20.379508+00:00
UY,2024-01-01,Enero 2024,ipc_indice,106.15,,ine_uy_dgi,2026-08-14T03:33:20.379508+00:00
UY,2024-02-01,Febrero 2024,ipc_indice,106.83,,ine_uy_dgi,2026-08-14T03:33:20.379508+00:00
UY,2024-03-01,Marzo 2024,ipc_indice,106.85,,ine_uy_dgi,2026-08-14T03:33:20.379508+00:00
UY,2024-04-01,Abril 2024,ipc_indice,107.53,,ine_uy_dgi,2026-08-14T03:33:20.379508+00:00
UY,2024-05-01,Mayo 2024,ipc_indice,107.95,,ine_uy_dgi,2026-08-14T03:33:20.379508+00:00
UY,2024-06-01,Junio 2024,ipc_indice,108.34,,ine_uy_dgi,2026-08-14T03:33:20.379508+00:00
UY,2024-07-01,Julio 2024,ipc_indice,108.45,,ine_uy_dgi,2026-08-14T03:33:20.379508+00:00
UY,2024-08-01,Agosto 2024,ipc_indice,108.76,,ine_uy_dgi,2026-08-14T03:33:20.379508+00:00
UY,2024-09-01,Setiembre 2024,ipc_indice,109.17,,ine_uy_dgi,2026-08-14T03:33:20.379508+00:00
UY,2024-10-01,Octubre 2024,ipc_indice,109.53,,ine_uy_dgi,2026-08-14T03:33:20.379508+00:00
UY,2024-11-01,Noviembre 2024,ipc_indice,109.92,,ine_uy_dgi,2026-08-14T03:33:20.379508+00:00
UY,2024-12-01,Diciembre 2024,ipc_indice,110.29,,ine_uy_dgi,2026-08-14T03:33:20.379508+00:00
UY,2023-01-01,Enero 2023,ipc_indice,101.01,,ine_uy_dgi,2026-08-14T03:33:20.379508+00:00
UY,2023-02-01,Febrero 2023,ipc_indice,102.02,,ine_uy_dgi,2026-08-14T03:33:20.379508+00:00
UY,2023-03-01,Marzo 2023,ipc_indice,102.94,,ine_uy_dgi,2026-08-14T03:33:20.379508+00:00
UY,2023-04-01,Abril 2023,ipc_indice,103.71,,ine_uy_dgi,2026-08-14T03:33:20.379508+00:00
UY,2023-05-01,Mayo 2023,ipc_indice,103.7,,ine_uy_dgi,2026-08-14T03:33:20.379508+00:00
UY,2023-06-01,Junio 2023,ipc_indice,103.22,,ine_uy_dgi,2026-08-14T03:33:20.379508+00:00
UY,2023-07-01,Julio 2023,ipc_indice,102.85,,ine_uy_dgi,2026-08-14T03:33:20.379508+00:00
UY,2023-08-01,Agosto 2023,ipc_indice,103.03,,ine_uy_dgi,2026-08-14T03:33:20.379508+00:00
UY,2023-09-01,Setiembre 2023,ipc_indice,103.66,,ine_uy_dgi,2026-08-14T03:33:20.379508+00:00
UY,2023-10-01,Octubre 2023,ipc_indice,104.3,,ine_uy_dgi,2026-08-14T03:33:20.379508+00:00
UY,2023-11-01,Noviembre 2023,ipc_indice,104.66,,ine_uy_dgi,2026-08-14T03:33:20.379508+00:00
UY,2023-12-01,Diciembre 2023,ipc_indice,104.55,,ine_uy_dgi,2026-08-14T03:33:20.379508+00:00
UY,2022-01-01,Enero 2022,ipc_indice,93.49,,ine_uy_dgi,2026-08-14T03:33:20.379508+00:00
UY,2022-02-01,Febrero 2022,ipc_indice,94.86,,ine_uy_dgi,2026-08-14T03:33:20.379508+00:00
UY,2022-03-01,Marzo 2022,ipc_indice,95.91,,ine_uy_dgi,2026-08-14T03:33:20.379508+00:00
UY,2022-04-01,Abril 2022,ipc_indice,96.38,,ine_uy_dgi,2026-08-14T03:33:20.379508+00:00
UY,2022-05-01,Mayo 2022,ipc_indice,96.83,,ine_uy_dgi,2026-08-14T03:33:20.379508+00:00
UY,2022-06-01,Junio 2022,ipc_indice,97.4,,ine_uy_dgi,2026-08-14T03:33:20.379508+00:00
UY,2022-07-01,Julio 2022,ipc_indice,98.15,,ine_uy_dgi,2026-08-14T03:33:20.379508+00:00
UY,2022-08-01,Agosto 2022,ipc_indice,98.96,,ine_uy_dgi,2026-08-14T03:33:20.379508+00:00
UY,2022-09-01,Setiembre 2022,ipc_indice,99.79,,ine_uy_dgi,2026-08-14T03:33:20.379508+00:00
UY,2022-10-01,Octubre 2022,ipc_indice,100.0,,ine_uy_dgi,2026-08-14T03:33:20.379508+00:00
UY,2022-11-01,Noviembre 2022,ipc_indice,99.72,,ine_uy_dgi,2026-08-14T03:33:20.379508+00:00
UY,2022-12-01,Diciembre 2022,ipc_indice,99.47,,ine_uy_dgi,2026-08-14T03:33:20.379508+00:00
UY,2021-01-01,Enero 2021,ipc_indice,86.44,,ine_uy_dgi,2026-08-14T03:33:20.379508+00:00
UY,2021-02-01,Febrero 2021,ipc_indice,87.15,,ine_uy_dgi,2026-08-14T03:33:20.379508+00:00
UY,2021-03-01,Marzo 2021,ipc_indice,87.69,,ine_uy_dgi,2026-08-14T03:33:20.379508+00:00
UY,2021-04-01,Abril 2021,ipc_indice,88.13,,ine_uy_dgi,2026-08-14T03:33:20.379508+00:00
UY,2021-05-01,Mayo 2021,ipc_indice,88.53,,ine_uy_dgi,2026-08-14T03:33:20.379508+00:00
UY,2021-06-01,Junio 2021,ipc_indice,89.12,,ine_uy_dgi,2026-08-14T03:33:20.379508+00:00
UY,2021-07-01,Julio 2021,ipc_indice,89.58,,ine_uy_dgi,2026-08-14T03:33:20.379508+00:00
UY,2021-08-01,Agosto 2021,ipc_indice,90.35,,ine_uy_dgi,2026-08-14T03:33:20.379508+00:00
UY,2021-09-01,Setiembre 2021,ipc_indice,90.76,,ine_uy_dgi,2026-08-14T03:33:20.379508+00:00
UY,2021-10-01,Octubre 2021,ipc_indice,91.71,,ine_uy_dgi,2026-08-14T03:33:20.379508+00:00
UY,2021-11-01,Noviembre 2021,ipc_indice,91.94,,ine_uy_dgi,2026-08-14T03:33:20.379508+00:00
UY,2021-12-01,Diciembre 2021,ipc_indice,91.85,,ine_uy_dgi,2026-08-14T03:33:20.379508+00:00
UY,2020-01-01,Enero 2020,ipc_indice,79.38,,ine_uy_dgi,2026-08-14T03:33:20.379508+00:00
UY,2020-02-01,Febrero 2020,ipc_indice,79.87,,ine_uy_dgi,2026-08-14T03:33:20.379508+00:00
UY,2020-03-01,Marzo 2020,ipc_indice,80.94,,ine_uy_dgi,2026-08-14T03:33:20.379508+00:00
UY,2020-04-01,Abril 2020,ipc_indice,82.55,,ine_uy_dgi,2026-08-14T03:33:20.379508+00:00
UY,2020-05-01,Mayo 2020,ipc_indice,83.02,,ine_uy_dgi,2026-08-14T03:33:20.379508+00:00
UY,2020-06-01,Junio 2020,ipc_indice,83.03,,ine_uy_dgi,2026-08-14T03:33:20.379508+00:00
UY,2020-07-01,Julio 2020,ipc_indice,83.49,,ine_uy_dgi,2026-08-14T03:33:20.379508+00:00
UY,2020-08-01,Agosto 2020,ipc_indice,83.97,,ine_uy_dgi,2026-08-14T03:33:20.379508+00:00
UY,2020-09-01,Setiembre 2020,ipc_indice,84.51,,ine_uy_dgi,2026-08-14T03:33:20.379508+00:00
UY,2020-10-01,Octubre 2020,ipc_indice,85.0,,ine_uy_dgi,2026-08-14T03:33:20.379508+00:00
UY,2020-11-01,Noviembre 2020,ipc_indice,85.24,,ine_uy_dgi,2026-08-14T03:33:20.379508+00:00
UY,2020-12-01,Diciembre 2020,ipc_indice,85.07,,ine_uy_dgi,2026-08-14T03:33:20.379508+00:00
UY,2019-02-01,Febrero 2019,ipc_indice,73.74,,ine_uy_dgi,2026-08-14T03:33:20.379508+00:00
UY,2019-03-01,Marzo 2019,ipc_indice,74.15,,ine_uy_dgi,2026-08-14T03:33:20.379508+00:00
UY,2019-04-01,Abril 2019,ipc_indice,74.46,,ine_uy_dgi,2026-08-14T03:33:20.379508+00:00
UY,2019-05-01,Mayo 2019,ipc_indice,74.76,,ine_uy_dgi,2026-08-14T03:33:20.379508+00:00
UY,2019-06-01,Junio 2019,ipc_indice,75.24,,ine_uy_dgi,2026-08-14T03:33:20.379508+00:00
UY,2019-07-01,Julio 2019,ipc_indice,75.81,,ine_uy_dgi,2026-08-14T03:33:20.379508+00:00
UY,2019-08-01,Agosto 2019,ipc_indice,76.48,,ine_uy_dgi,2026-08-14T03:33:20.379508+00:00
UY,2019-09-01,Setiembre 2019,ipc_indice,76.88,,ine_uy_dgi,2026-08-14T03:33:20.379508+00:00
UY,2019-10-01,Octubre 2019,ipc_indice,77.46,,ine_uy_dgi,2026-08-14T03:33:20.379508+00:00
UY,2019-11-01,Noviembre 2019,ipc_indice,77.78,,ine_uy_dgi,2026-08-14T03:33:20.379508+00:00
UY,2019-12-01,Diciembre 2019,ipc_indice,77.76,,ine_uy_dgi,2026-08-14T03:33:20.379508+00:00
UY,2018-01-01,Enero 2018,ipc_indice,68.0,,ine_uy_dgi,2026-08-14T03:33:20.379508+00:00
UY,2018-02-01,Febrero 2018,ipc_indice,68.6,,ine_uy_dgi,2026-08-14T03:33:20.379508+00:00
UY,2018-03-01,Marzo 2018,ipc_indice,68.79,,ine_uy_dgi,2026-08-14T03:33:20.379508+00:00
UY,2018-04-01,Abril 2018,ipc_indice,68.84,,ine_uy_dgi,2026-08-14T03:33:20.379508+00:00
UY,2018-05-01,Mayo 2018,ipc_indice,69.39,,ine_uy_dgi,2026-08-14T03:33:20.379508+00:00
UY,2018-06-01,Junio 2018,ipc_indice,70.08,,ine_uy_dgi,2026-08-14T03:33:20.379508+00:00
UY,2018-07-01,Julio 2018,ipc_indice,70.5,,ine_uy_dgi,2026-08-14T03:33:20.379508+00:00
UY,2018-08-01,Agosto 2018,ipc_indice,70.97,,ine_uy_dgi,2026-08-14T03:33:20.379508+00:00
UY,2018-09-01,Setiembre 2018,ipc_indice,71.32,,ine_uy_dgi,2026-08-14T03:33:20.379508+00:00
UY,2018-10-01,Octubre 2018,ipc_indice,71.49,,ine_uy_dgi,2026-08-14T03:33:20.379508+00:00
UY,2018-11-01,Noviembre 2018,ipc_indice,71.75,,ine_uy_dgi,2026-08-14T03:33:20.379508+00:00
UY,2018-12-01,Diciembre 2018,ipc_indice,71.48,,ine_uy_dgi,2026-08-14T03:33:20.379508+00:00
UY,2017-01-01,Enero 2017,ipc_indice,63.75,,ine_uy_dgi,2026-08-14T03:33:20.379508+00:00
UY,2017-02-01,Febrero 2017,ipc_indice,64.07,,ine_uy_dgi,2026-08-14T03:33:20.379508+00:00
UY,2017-03-01,Marzo 2017,ipc_indice,64.5,,ine_uy_dgi,2026-08-14T03:33:20.379508+00:00
UY,2017-04-01,Abril 2017,ipc_indice,64.64,,ine_uy_dgi,2026-08-14T03:33:20.379508+00:00
UY,2017-05-01,Mayo 2017,ipc_indice,64.73,,ine_uy_dgi,2026-08-14T03:33:20.379508+00:00
UY,2017-06-01,Junio 2017,ipc_indice,64.82,,ine_uy_dgi,2026-08-14T03:33:20.379508+00:00
UY,2017-07-01,Julio 2017,ipc_indice,65.03,,ine_uy_dgi,2026-08-14T03:33:20.379508+00:00
UY,2017-08-01,Agosto 2017,ipc_indice,65.53,,ine_uy_dgi,2026-08-14T03:33:20.379508+00:00
UY,2017-09-01,Setiembre 2017,ipc_indice,65.89,,ine_uy_dgi,2026-08-14T03:33:20.379508+00:00
UY,2017-10-01,Octubre 2017,ipc_indice,66.19,,ine_uy_dgi,2026-08-14T03:33:20.379508+00:00
UY,2017-11-01,Noviembre 2017,ipc_indice,66.41,,ine_uy_dgi,2026-08-14T03:33:20.379508+00:00
UY,2017-12-01,Diciembre 2017,ipc_indice,66.21,,ine_uy_dgi,2026-08-14T03:33:20.379508+00:00
UY,2016-02-01,Febrero 2016,ipc_indice,59.82,,ine_uy_dgi,2026-08-14T03:33:20.379508+00:00
UY,2016-03-01,Marzo 2016,ipc_indice,60.44,,ine_uy_dgi,2026-08-14T03:33:20.379508+00:00
UY,2016-04-01,Abril 2016,ipc_indice,60.72,,ine_uy_dgi,2026-08-14T03:33:20.379508+00:00
UY,2016-05-01,Mayo 2016,ipc_indice,61.31,,ine_uy_dgi,2026-08-14T03:33:20.379508+00:00
UY,2016-06-01,Junio 2016,ipc_indice,61.55,,ine_uy_dgi,2026-08-14T03:33:20.379508+00:00
UY,2016-07-01,Julio 2016,ipc_indice,61.79,,ine_uy_dgi,2026-08-14T03:33:20.379508+00:00
UY,2016-08-01,Agosto 2016,ipc_indice,62.15,,ine_uy_dgi,2026-08-14T03:33:20.379508+00:00
UY,2016-09-01,Setiembre 2016,ipc_indice,62.3,,ine_uy_dgi,2026-08-14T03:33:20.379508+00:00
UY,2016-10-01,Octubre 2016,ipc_indice,62.42,,ine_uy_dgi,2026-08-14T03:33:20.379508+00:00
UY,2016-11-01,Noviembre 2016,ipc_indice,62.47,,ine_uy_dgi,2026-08-14T03:33:20.379508+00:00
UY,2016-12-01,Diciembre 2016,ipc_indice,62.13,,ine_uy_dgi,2026-08-14T03:33:20.379508+00:00
UY,2015-02-01,Febrero 2015,ipc_indice,54.28,,ine_uy_dgi,2026-08-14T03:33:20.379508+00:00
UY,2015-03-01,Marzo 2015,ipc_indice,54.65,,ine_uy_dgi,2026-08-14T03:33:20.379508+00:00
UY,2015-04-01,Abril 2015,ipc_indice,54.97,,ine_uy_dgi,2026-08-14T03:33:20.379508+00:00
UY,2015-05-01,Mayo 2015,ipc_indice,55.24,,ine_uy_dgi,2026-08-14T03:33:20.379508+00:00
UY,2015-06-01,Junio 2015,ipc_indice,55.48,,ine_uy_dgi,2026-08-14T03:33:20.379508+00:00
UY,2015-07-01,Julio 2015,ipc_indice,56.15,,ine_uy_dgi,2026-08-14T03:33:20.379508+00:00
UY,2015-08-01,Agosto 2015,ipc_indice,56.81,,ine_uy_dgi,2026-08-14T03:33:20.379508+00:00
UY,2015-09-01,Setiembre 2015,ipc_indice,57.21,,ine_uy_dgi,2026-08-14T03:33:20.379508+00:00
UY,2015-10-01,Octubre 2015,ipc_indice,57.55,,ine_uy_dgi,2026-08-14T03:33:20.379508+00:00
UY,2015-11-01,Noviembre 2015,ipc_indice,57.79,,ine_uy_dgi,2026-08-14T03:33:20.379508+00:00
UY,2015-12-01,Diciembre 2015,ipc_indice,57.48,,ine_uy_dgi,2026-08-14T03:33:20.379508+00:00
UY,2014-01-01,Enero 2014,ipc_indice,49.7,,ine_uy_dgi,2026-08-14T03:33:20.379508+00:00
UY,2014-02-01,Febrero 2014,ipc_indice,50.52,,ine_uy_dgi,2026-08-14T03:33:20.379508+00:00
UY,2014-03-01,Marzo 2014,ipc_indice,50.82,,ine_uy_dgi,2026-08-14T03:33:20.379508+00:00
UY,2014-04-01,Abril 2014,ipc_indice,50.79,,ine_uy_dgi,2026-08-14T03:33:20.379508+00:00
UY,2014-05-01,Mayo 2014,ipc_indice,50.95,,ine_uy_dgi,2026-08-14T03:33:20.379508+00:00
UY,2014-06-01,Junio 2014,ipc_indice,51.12,,ine_uy_dgi,2026-08-14T03:33:20.379508+00:00
UY,2014-07-01,Julio 2014,ipc_indice,51.51,,ine_uy_dgi,2026-08-14T03:33:20.379508+00:00
UY,2014-08-01,Agosto 2014,ipc_indice,51.89,,ine_uy_dgi,2026-08-14T03:33:20.379508+00:00
UY,2014-09-01,Setiembre 2014,ipc_indice,52.41,,ine_uy_dgi,2026-08-14T03:33:20.379508+00:00
UY,2014-10-01,Octubre 2014,ipc_indice,52.72,,ine_uy_dgi,2026-08-14T03:33:20.379508+00:00
UY,2014-11-01,Noviembre 2014,ipc_indice,52.8,,ine_uy_dgi,2026-08-14T03:33:20.379508+00:00
UY,2014-12-01,Diciembre 2014,ipc_indice,52.52,,ine_uy_dgi,2026-08-14T03:33:20.379508+00:00
UY,2013-01-01,Enero 2013,ipc_indice,45.56,,ine_uy_dgi,2026-08-14T03:33:20.379508+00:00
UY,2013-02-01,Febrero 2013,ipc_indice,46.01,,ine_uy_dgi,2026-08-14T03:33:20.379508+00:00
UY,2013-03-01,Marzo 2013,ipc_indice,46.31,,ine_uy_dgi,2026-08-14T03:33:20.379508+00:00
UY,2013-04-01,Abril 2013,ipc_indice,46.52,,ine_uy_dgi,2026-08-14T03:33:20.379508+00:00
UY,2013-05-01,Mayo 2013,ipc_indice,46.67,,ine_uy_dgi,2026-08-14T03:33:20.379508+00:00
UY,2013-06-01,Junio 2013,ipc_indice,46.87,,ine_uy_dgi,2026-08-14T03:33:20.379508+00:00
UY,2013-07-01,Julio 2013,ipc_indice,47.23,,ine_uy_dgi,2026-08-14T03:33:20.379508+00:00
UY,2013-08-01,Agosto 2013,ipc_indice,47.72,,ine_uy_dgi,2026-08-14T03:33:20.379508+00:00
UY,2013-09-01,Setiembre 2013,ipc_indice,48.37,,ine_uy_dgi,2026-08-14T03:33:20.379508+00:00
UY,2013-10-01,Octubre 2013,ipc_indice,48.77,,ine_uy_dgi,2026-08-14T03:33:20.379508+00:00
UY,2013-11-01,Noviembre 2013,ipc_indice,48.87,,ine_uy_dgi,2026-08-14T03:33:20.379508+00:00
UY,2013-12-01,Diciembre 2013,ipc_indice,48.52,,ine_uy_dgi,2026-08-14T03:33:20.379508+00:00
UY,2012-01-01,Enero 2012,ipc_indice,41.9,,ine_uy_dgi,2026-08-14T03:33:20.379508+00:00
UY,2012-02-01,Febrero 2012,ipc_indice,42.25,,ine_uy_dgi,2026-08-14T03:33:20.379508+00:00
UY,2012-03-01,Marzo 2012,ipc_indice,42.67,,ine_uy_dgi,2026-08-14T03:33:20.379508+00:00
UY,2012-04-01,Abril 2012,ipc_indice,43.02,,ine_uy_dgi,2026-08-14T03:33:20.379508+00:00
UY,2012-05-01,Mayo 2012,ipc_indice,43.18,,ine_uy_dgi,2026-08-14T03:33:20.379508+00:00
UY,2012-06-01,Junio 2012,ipc_indice,43.31,,ine_uy_dgi,2026-08-14T03:33:20.379508+00:00
UY,2012-07-01,Julio 2012,ipc_indice,43.43,,ine_uy_dgi,2026-08-14T03:33:20.379508+00:00
UY,2012-08-01,Agosto 2012,ipc_indice,43.84,,ine_uy_dgi,2026-08-14T03:33:20.379508+00:00
UY,2012-09-01,Setiembre 2012,ipc_indice,44.37,,ine_uy_dgi,2026-08-14T03:33:20.379508+00:00
UY,2012-10-01,Octubre 2012,ipc_indice,44.88,,ine_uy_dgi,2026-08-14T03:33:20.379508+00:00
UY,2012-11-01,Noviembre 2012,ipc_indice,45.03,,ine_uy_dgi,2026-08-14T03:33:20.379508+00:00
UY,2012-12-01,Diciembre 2012,ipc_indice,44.7,,ine_uy_dgi,2026-08-14T03:33:20.379508+00:00
UY,2011-01-01,Enero 2011,ipc_indice,38.78,,ine_uy_dgi,2026-08-14T03:33:20.379508+00:00
UY,2011-02-01,Febrero 2011,ipc_indice,39.14,,ine_uy_dgi,2026-08-14T03:33:20.379508+00:00
UY,2011-03-01,Marzo 2011,ipc_indice,39.7,,ine_uy_dgi,2026-08-14T03:33:20.379508+00:00
UY,2011-04-01,Abril 2011,ipc_indice,39.83,,ine_uy_dgi,2026-08-14T03:33:20.379508+00:00
UY,2011-05-01,Mayo 2011,ipc_indice,39.96,,ine_uy_dgi,2026-08-14T03:33:20.379508+00:00
UY,2011-06-01,Junio 2011,ipc_indice,40.1,,ine_uy_dgi,2026-08-14T03:33:20.379508+00:00
UY,2011-07-01,Julio 2011,ipc_indice,40.4,,ine_uy_dgi,2026-08-14T03:33:20.379508+00:00
UY,2011-08-01,Agosto 2011,ipc_indice,40.63,,ine_uy_dgi,2026-08-14T03:33:20.379508+00:00
UY,2011-09-01,Setiembre 2011,ipc_indice,40.84,,ine_uy_dgi,2026-08-14T03:33:20.379508+00:00
UY,2011-10-01,Octubre 2011,ipc_indice,41.13,,ine_uy_dgi,2026-08-14T03:33:20.379508+00:00
UY,2011-11-01,Noviembre 2011,ipc_indice,41.3,,ine_uy_dgi,2026-08-14T03:33:20.379508+00:00
UY,2011-12-01,Diciembre 2011,ipc_indice,41.59,,ine_uy_dgi,2026-08-14T03:33:20.379508+00:00
AR,2016-12-01,NIVEL GENERAL (201612),indec_0_indice,100.0,indice,indec,2026-08-05T21:48:05.576542+00:00
AR,2016-12-01,Alimentos y bebidas no alcohólicas (201612),indec_01_indice,100.0,indice,indec,2026-08-05T21:48:05.576542+00:00
AR,2016-12-01,Bebidas alcohólicas y tabaco (201612),indec_02_indice,100.0,indice,indec,2026-08-05T21:48:05.576542+00:00
AR,2016-12-01,Prendas de vestir y calzado (201612),indec_03_indice,100.0,indice,indec,2026-08-05T21:48:05.576542+00:00
AR,2016-12-01,"Vivienda, agua, electricidad, gas y otros combustibles (201612)",indec_04_indice,100.0,indice,indec,2026-08-05T21:48:05.576542+00:00
AR,2016-12-01,Equipamiento y mantenimiento del hogar (201612),indec_05_indice,100.0,indice,indec,2026-08-05T21:48:05.576542+00:00
AR,2016-12-01,Salud (201612),indec_06_indice,100.0,indice,indec,2026-08-05T21:48:05.576542+00:00
AR,2016-12-01,Transporte (201612),indec_07_indice,100.0,indice,indec,2026-08-05T21:48:05.576542+00:00
AR,2016-12-01,Comunicación (201612),indec_08_indice,100.0,indice,indec,2026-08-05T21:48:05.576542+00:00
AR,2016-12-01,Recreación y cultura (201612),indec_09_indice,100.0,indice,indec,2026-08-05T21:48:05.576542+00:00
AR,2016-12-01,Educación (201612),indec_10_indice,100.0,indice,indec,2026-08-05T21:48:05.576542+00:00
AR,2016-12-01,Restaurantes y hoteles (201612),indec_11_indice,100.0,indice,indec,2026-08-05T21:48:05.576542+00:00
AR,2016-12-01,Bienes y servicios varios (201612),indec_12_indice,100.0,indice,indec,2026-08-05T21:48:05.576542+00:00
AR,2016-12-01,nan (201612),indec_Estacional_indice,100.0,indice,indec,2026-08-05T21:48:05.576542+00:00
AR,2016-12-01,nan (201612),indec_Núcleo_indice,100.0,indice,indec,2026-08-05T21:48:05.576542+00:00
AR,2016-12-01,nan (201612),indec_Regulados_indice,100.0,indice,indec,2026-08-05T21:48:05.576542+00:00
AR,2016-12-01,nan (201612),indec_B_indice,100.0,indice,indec,2026-08-05T21:48:05.576542+00:00
AR,2016-12-01,nan (201612),indec_S_indice,100.0,indice,indec,2026-08-05T21:48:05.576542+00:00
AR,2017-01-01,NIVEL GENERAL (201701),indec_0_indice,101.5859,indice,indec,2026-08-05T21:48:05.576542+00:00
AR,2017-01-01,NIVEL GENERAL (201701),indec_0_variacion_mensual,1.6,%,indec,2026-08-05T21:48:05.576542+00:00
AR,2017-01-01,Alimentos y bebidas no alcohólicas (201701),indec_01_indice,101.3024,indice,indec,2026-08-05T21:48:05.576542+00:00
AR,2017-01-01,Alimentos y bebidas no alcohólicas (201701),indec_01_variacion_mensual,1.3,%,indec,2026-08-05T21:48:05.576542+00:00
AR,2017-01-01,Bebidas alcohólicas y tabaco (201701),indec_02_indice,100.925,indice,indec,2026-08-05T21:48:05.576542+00:00
AR,2017-01-01,Bebidas alcohólicas y tabaco (201701),indec_02_variacion_mensual,0.9,%,indec,2026-08-05T21:48:05.576542+00:00
AR,2017-01-01,Prendas de vestir y calzado (201701),indec_03_indice,99.0066,indice,indec,2026-08-05T21:48:05.576542+00:00
AR,2017-01-01,Prendas de vestir y calzado (201701),indec_03_variacion_mensual,-1.0,%,indec,2026-08-05T21:48:05.576542+00:00
AR,2017-01-01,"Vivienda, agua, electricidad, gas y otros combustibles (201701)",indec_04_indice,101.4784,indice,indec,2026-08-05T21:48:05.576542+00:00
AR,2017-01-01,"Vivienda, agua, electricidad, gas y otros combustibles (201701)",indec_04_variacion_mensual,1.5,%,indec,2026-08-05T21:48:05.576542+00:00
AR,2017-01-01,Equipamiento y mantenimiento del hogar (201701),indec_05_indice,100.8773,indice,indec,2026-08-05T21:48:05.576542+00:00
AR,2017-01-01,Equipamiento y mantenimiento del hogar (201701),indec_05_variacion_mensual,0.9,%,indec,2026-08-05T21:48:05.576542+00:00
AR,2017-01-01,Salud (201701),indec_06_indice,102.3501,indice,indec,2026-08-05T21:48:05.576542+00:00
AR,2017-01-01,Salud (201701),indec_06_variacion_mensual,2.4,%,indec,2026-08-05T21:48:05.576542+00:00
AR,2017-01-01,Transporte (201701),indec_07_indice,102.0755,indice,indec,2026-08-05T21:48:05.576542+00:00
AR,2017-01-01,Transporte (201701),indec_07_variacion_mensual,2.1,%,indec,2026-08-05T21:48:05.576542+00:00
AR,2017-01-01,Comunicación (201701),indec_08_indice,103.0516,indice,indec,2026-08-05T21:48:05.576542+00:00
AR,2017-01-01,Comunicación (201701),indec_08_variacion_mensual,3.1,%,indec,2026-08-05T21:48:05.576542+00:00
AR,2017-01-01,Recreación y cultura (201701),indec_09_indice,103.1906,indice,indec,2026-08-05T21:48:05.576542+00:00
AR,2017-01-01,Recreación y cultura (201701),indec_09_variacion_mensual,3.2,%,indec,2026-08-05T21:48:05.576542+00:00
AR,2017-01-01,Educación (201701),indec_10_indice,100.7952,indice,indec,2026-08-05T21:48:05.576542+00:00
AR,2017-01-01,Educación (201701),indec_10_variacion_mensual,0.8,%,indec,2026-08-05T21:48:05.576542+00:00
AR,2017-01-01,Restaurantes y hoteles (201701),indec_11_indice,103.1002,indice,indec,2026-08-05T21:48:05.576542+00:00
AR,2017-01-01,Restaurantes y hoteles (201701),indec_11_variacion_mensual,3.1,%,indec,2026-08-05T21:48:05.576542+00:00
AR,2017-01-01,Bienes y servicios varios (201701),indec_12_indice,101.9345,indice,indec,2026-08-05T21:48:05.576542+00:00
AR,2017-01-01,Bienes y servicios varios (201701),indec_12_variacion_mensual,1.9,%,indec,2026-08-05T21:48:05.576542+00:00
AR,2017-01-01,nan (201701),indec_Estacional_indice,101.6969,indice,indec,2026-08-05T21:48:05.576542+00:00
AR,2017-01-01,nan (201701),indec_Estacional_variacion_mensual,1.7,%,indec,2026-08-05T21:48:05.576542+00:00
AR,2017-01-01,nan (201701),indec_Núcleo_indice,101.5039,indice,indec,2026-08-05T21:48:05.576542+00:00
AR,2017-01-01,nan (201701),indec_Núcleo_variacion_mensual,1.5,%,indec,2026-08-05T21:48:05.576542+00:00
AR,2017-01-01,nan (201701),indec_Regulados_indice,101.8183,indice,indec,2026-08-05T21:48:05.576542+00:00
AR,2017-01-01,nan (201701),indec_Regulados_variacion_mensual,1.8,%,indec,2026-08-05T21:48:05.576542+00:00
AR,2017-01-01,nan (201701),indec_B_indice,101.1903,indice,indec,2026-08-05T21:48:05.576542+00:00
AR,2017-01-01,nan (201701),indec_B_variacion_mensual,1.2,%,indec,2026-08-05T21:48:05.576542+00:00
AR,2017-01-01,nan (201701),indec_S_indice,102.4355,indice,indec,2026-08-05T21:48:05.576542+00:00
AR,2017-01-01,nan (201701),indec_S_variacion_mensual,2.4,%,indec,2026-08-05T21:48:05.576542+00:00
AR,2017-02-01,NIVEL GENERAL (201702),indec_0_indice,103.6859,indice,indec,2026-08-05T21:48:05.576542+00:00
AR,2017-02-01,NIVEL GENERAL (201702),indec_0_variacion_mensual,2.1,%,indec,2026-08-05T21:48:05.576542+00:00
AR,2017-02-01,Alimentos y bebidas no alcohólicas (201702),indec_01_indice,103.1605,indice,indec,2026-08-05T21:48:05.576542+00:00
AR,2017-02-01,Alimentos y bebidas no alcohólicas (201702),indec_01_variacion_mensual,1.8,%,indec,2026-08-05T21:48:05.576542+00:00
AR,2017-02-01,Bebidas alcohólicas y tabaco (201702),indec_02_indice,105.2395,indice,indec,2026-08-05T21:48:05.576542+00:00
AR,2017-02-01,Bebidas alcohólicas y tabaco (201702),indec_02_variacion_mensual,4.3,%,indec,2026-08-05T21:48:05.576542+00:00
AR,2017-02-01,Prendas de vestir y calzado (201702),indec_03_indice,98.8523,indice,indec,2026-08-05T21:48:05.576542+00:00
AR,2017-02-01,Prendas de vestir y calzado (201702),indec_03_variacion_mensual,-0.2,%,indec,2026-08-05T21:48:05.576542+00:00
AR,2017-02-01,"Vivienda, agua, electricidad, gas y otros combustibles (201702)",indec_04_indice,107.0014,indice,indec,2026-08-05T21:48:05.576542+00:00
AR,2017-02-01,"Vivienda, agua, electricidad, gas y otros combustibles (201702)",indec_04_variacion_mensual,5.4,%,indec,2026-08-05T21:48:05.576542+00:00
AR,2017-02-01,Equipamiento y mantenimiento del hogar (201702),indec_05_indice,101.3278,indice,indec,2026-08-05T21:48:05.576542+00:00
AR,2017-02-01,Equipamiento y mantenimiento del hogar (201702),indec_05_variacion_mensual,0.4,%,indec,2026-08-05T21:48:05.576542+00:00
AR,2017-02-01,Salud (201702),indec_06_indice,105.0852,indice,indec,2026-08-05T21:48:05.576542+00:00
AR,2017-02-01,Salud (201702),indec_06_variacion_mensual,2.7,%,indec,2026-08-05T21:48:05.576542+00:00
AR,2017-02-01,Transporte (201702),indec_07_indice,103.9957,indice,indec,2026-08-05T21:48:05.576542+00:00
AR,2017-02-01,Transporte (201702),indec_07_variacion_mensual,1.9,%,indec,2026-08-05T21:48:05.576542+00:00
AR,2017-02-01,Comunicación (201702),indec_08_indice,107.2514,indice,indec,2026-08-05T21:48:05.576542+00:00
AR,2017-02-01,Comunicación (201702),indec_08_variacion_mensual,4.1,%,indec,2026-08-05T21:48:05.576542+00:00
AR,2017-02-01,Recreación y cultura (201702),indec_09_indice,103.7961,indice,indec,2026-08-05T21:48:05.576542+00:00
AR,2017-02-01,Recreación y cultura (201702),indec_09_variacion_mensual,0.6,%,indec,2026-08-05T21:48:05.576542+00:00
AR,2017-02-01,Educación (201702),indec_10_indice,103.9808,indice,indec,2026-08-05T21:48:05.576542+00:00
AR,2017-02-01,Educación (201702),indec_10_variacion_mensual,3.2,%,indec,2026-08-05T21:48:05.576542+00:00
AR,2017-02-01,Restaurantes y hoteles (201702),indec_11_indice,104.8886,indice,indec,2026-08-05T21:48:05.576542+00:00
AR,2017-02-01,Restaurantes y hoteles (201702),indec_11_variacion_mensual,1.7,%,indec,2026-08-05T21:48:05.576542+00:00
AR,2017-02-01,Bienes y servicios varios (201702),indec_12_indice,103.7951,indice,indec,2026-08-05T21:48:05.576542+00:00
AR,2017-02-01,Bienes y servicios varios (201702),indec_12_variacion_mensual,1.8,%,indec,2026-08-05T21:48:05.576542+00:00
AR,2017-02-01,nan (201702),indec_Estacional_indice,102.3345,indice,indec,2026-08-05T21:48:05.576542+00:00
AR,2017-02-01,nan (201702),indec_Estacional_variacion_mensual,0.6,%,indec,2026-08-05T21:48:05.576542+00:00
AR,2017-02-01,nan (201702),indec_Núcleo_indice,103.2105,indice,indec,2026-08-05T21:48:05.576542+00:00
AR,2017-02-01,nan (201702),indec_Núcleo_variacion_mensual,1.7,%,indec,2026-08-05T21:48:05.576542+00:00
AR,2017-02-01,nan (201702),indec_Regulados_indice,105.9316,indice,indec,2026-08-05T21:48:05.576542+00:00
AR,2017-02-01,nan (201702),indec_Regulados_variacion_mensual,4.0,%,indec,2026-08-05T21:48:05.576542+00:00
AR,2017-02-01,nan (201702),indec_B_indice,102.7002,indice,indec,2026-08-05T21:48:05.576542+00:00
AR,2017-02-01,nan (201702),indec_B_variacion_mensual,1.5,%,indec,2026-08-05T21:48:05.576542+00:00
AR,2017-02-01,nan (201702),indec_S_indice,105.5426,indice,indec,2026-08-05T21:48:05.576542+00:00
AR,2017-02-01,nan (201702),indec_S_variacion_mensual,3.0,%,indec,2026-08-05T21:48:05.576542+00:00
AR,2017-03-01,NIVEL GENERAL (201703),indec_0_indice,106.1476,indice,indec,2026-08-05T21:48:05.576542+00:00
AR,2017-03-01,NIVEL GENERAL (201703),indec_0_variacion_mensual,2.4,%,indec,2026-08-05T21:48:05.576542+00:00
AR,2017-03-01,Alimentos y bebidas no alcohólicas (201703),indec_01_indice,106.0143,indice,indec,2026-08-05T21:48:05.576542+00:00
AR,2017-03-01,Alimentos y bebidas no alcohólicas (201703),indec_01_variacion_mensual,2.8,%,indec,2026-08-05T21:48:05.576542+00:00
AR,2017-03-01,Bebidas alcohólicas y tabaco (201703),indec_02_indice,107.2901,indice,indec,2026-08-05T21:48:05.576542+00:00
AR,2017-03-01,Bebidas alcohólicas y tabaco (201703),indec_02_variacion_mensual,1.9,%,indec,2026-08-05T21:48:05.576542+00:00
AR,2017-03-01,Prendas de vestir y calzado (201703),indec_03_indice,102.255,indice,indec,2026-08-05T21:48:05.576542+00:00
AR,2017-03-01,Prendas de vestir y calzado (201703),indec_03_variacion_mensual,3.4,%,indec,2026-08-05T21:48:05.576542+00:00
AR,2017-03-01,"Vivienda, agua, electricidad, gas y otros combustibles (201703)",indec_04_indice,110.8463,indice,indec,2026-08-05T21:48:05.576542+00:00
AR,2017-03-01,"Vivienda, agua, electricidad, gas y otros combustibles (201703)",indec_04_variacion_mensual,3.6,%,indec,2026-08-05T21:48:05.576542+00:00
AR,2017-03-01,Equipamiento y mantenimiento del hogar (201703),indec_05_indice,102.1787,indice,indec,2026-08-05T21:48:05.576542+00:00
AR,2017-03-01,Equipamiento y mantenimiento del hogar (201703),indec_05_variacion_mensual,0.8,%,indec,2026-08-05T21:48:05.576542+00:00
AR,2017-03-01,Salud (201703),indec_06_indice,107.1422,indice,indec,2026-08-05T21:48:05.576542+00:00
AR,2017-03-01,Salud (201703),indec_06_variacion_mensual,2.0,%,indec,2026-08-05T21:48:05.576542+00:00
AR,2017-03-01,Transporte (201703),indec_07_indice,105.2177,indice,indec,2026-08-05T21:48:05.576542+00:00
AR,2017-03-01,Transporte (201703),indec_07_variacion_mensual,1.2,%,indec,2026-08-05T21:48:05.576542+00:00
AR,2017-03-01,Comunicación (201703),indec_08_indice,110.6933,indice,indec,2026-08-05T21:48:05.576542+00:00
AR,2017-03-01,Comunicación (201703),indec_08_variacion_mensual,3.2,%,indec,2026-08-05T21:48:05.576542+00:00
AR,2017-03-01,Recreación y cultura (201703),indec_09_indice,105.5114,indice,indec,2026-08-05T21:48:05.576542+00:00
AR,2017-03-01,Recreación y cultura (201703),indec_09_variacion_mensual,1.7,%,indec,2026-08-05T21:48:05.576542+00:00
AR,2017-03-01,Educación (201703),indec_10_indice,115.3409,indice,indec,2026-08-05T21:48:05.576542+00:00
AR,2017-03-01,Educación (201703),indec_10_variacion_mensual,10.9,%,indec,2026-08-05T21:48:05.576542+00:00
AR,2017-03-01,Restaurantes y hoteles (201703),indec_11_indice,105.9567,indice,indec,2026-08-05T21:48:05.576542+00:00
AR,2017-03-01,Restaurantes y hoteles (201703),indec_11_variacion_mensual,1.0,%,indec,2026-08-05T21:48:05.576542+00:00
AR,2017-03-01,Bienes y servicios varios (201703),indec_12_indice,105.6633,indice,indec,2026-08-05T21:48:05.576542+00:00
AR,2017-03-01,Bienes y servicios varios (201703),indec_12_variacion_mensual,1.8,%,indec,2026-08-05T21:48:05.576542+00:00
AR,2017-03-01,nan (201703),indec_Estacional_indice,104.7868,indice,indec,2026-08-05T21:48:05.576542+00:00
AR,2017-03-01,nan (201703),indec_Estacional_variacion_mensual,2.4,%,indec,2026-08-05T21:48:05.576542+00:00
AR,2017-03-01,nan (201703),indec_Núcleo_indice,105.2057,indice,indec,2026-08-05T21:48:05.576542+00:00
AR,2017-03-01,nan (201703),indec_Núcleo_variacion_mensual,1.9,%,indec,2026-08-05T21:48:05.576542+00:00
AR,2017-03-01,nan (201703),indec_Regulados_indice,110.0057,indice,indec,2026-08-05T21:48:05.576542+00:00
AR,2017-03-01,nan (201703),indec_Regulados_variacion_mensual,3.8,%,indec,2026-08-05T21:48:05.576542+00:00
AR,2017-03-01,nan (201703),indec_B_indice,104.9817,indice,indec,2026-08-05T21:48:05.576542+00:00
AR,2017-03-01,nan (201703),indec_B_variacion_mensual,2.2,%,indec,2026-08-05T21:48:05.576542+00:00
AR,2017-03-01,nan (201703),indec_S_indice,108.6229,indice,indec,2026-08-05T21:48:05.576542+00:00
AR,2017-03-01,nan (201703),indec_S_variacion_mensual,2.9,%,indec,2026-08-05T21:48:05.576542+00:00
AR,2017-04-01,NIVEL GENERAL (201704),indec_0_indice,108.9667,indice,indec,2026-08-05T21:48:05.576542+00:00
AR,2017-04-01,NIVEL GENERAL (201704),indec_0_variacion_mensual,2.7,%,indec,2026-08-05T21:48:05.576542+00:00
AR,2017-04-01,Alimentos y bebidas no alcohólicas (201704),indec_01_indice,108.3515,indice,indec,2026-08-05T21:48:05.576542+00:00
AR,2017-04-01,Alimentos y bebidas no alcohólicas (201704),indec_01_variacion_mensual,2.2,%,indec,2026-08-05T21:48:05.576542+00:00
AR,2017-04-01,Bebidas alcohólicas y tabaco (201704),indec_02_indice,109.8338,indice,indec,2026-08-05T21:48:05.576542+00:00
AR,2017-04-01,Bebidas alcohólicas y tabaco (201704),indec_02_variacion_mensual,2.4,%,indec,2026-08-05T21:48:05.576542+00:00
AR,2017-04-01,Prendas de vestir y calzado (201704),indec_03_indice,106.8806,indice,indec,2026-08-05T21:48:05.576542+00:00
AR,2017-04-01,Prendas de vestir y calzado (201704),indec_03_variacion_mensual,4.5,%,indec,2026-08-05T21:48:05.576542+00:00
AR,2017-04-01,"Vivienda, agua, electricidad, gas y otros combustibles (201704)",indec_04_indice,117.4108,indice,indec,2026-08-05T21:48:05.576542+00:00
AR,2017-04-01,"Vivienda, agua, electricidad, gas y otros combustibles (201704)",indec_04_variacion_mensual,5.9,%,indec,2026-08-05T21:48:05.576542+00:00
AR,2017-04-01,Equipamiento y mantenimiento del hogar (201704),indec_05_indice,103.3147,indice,indec,2026-08-05T21:48:05.576542+00:00
AR,2017-04-01,Equipamiento y mantenimiento del hogar (201704),indec_05_variacion_mensual,1.1,%,indec,2026-08-05T21:48:05.576542+00:00
AR,2017-04-01,Salud (201704),indec_06_indice,109.052,indice,indec,2026-08-05T21:48:05.576542+00:00
AR,2017-04-01,Salud (201704),indec_06_variacion_mensual,1.8,%,indec,2026-08-05T21:48:05.576542+00:00
AR,2017-04-01,Transporte (201704),indec_07_indice,105.8674,indice,indec,2026-08-05T21:48:05.576542+00:00
AR,2017-04-01,Transporte (201704),indec_07_variacion_mensual,0.6,%,indec,2026-08-05T21:48:05.576542+00:00
AR,2017-04-01,Comunicación (201704),indec_08_indice,118.2686,indice,indec,2026-08-05T21:48:05.576542+00:00
AR,2017-04-01,Comunicación (201704),indec_08_variacion_mensual,6.8,%,indec,2026-08-05T21:48:05.576542+00:00
AR,2017-04-01,Recreación y cultura (201704),indec_09_indice,108.2881,indice,indec,2026-08-05T21:48:05.576542+00:00
AR,2017-04-01,Recreación y cultura (201704),indec_09_variacion_mensual,2.6,%,indec,2026-08-05T21:48:05.576542+00:00
AR,2017-04-01,Educación (201704),indec_10_indice,118.6783,indice,indec,2026-08-05T21:48:05.576542+00:00
AR,2017-04-01,Educación (201704),indec_10_variacion_mensual,2.9,%,indec,2026-08-05T21:48:05.576542+00:00
AR,2017-04-01,Restaurantes y hoteles (201704),indec_11_indice,107.9795,indice,indec,2026-08-05T21:48:05.576542+00:00
AR,2017-04-01,Restaurantes y hoteles (201704),indec_11_variacion_mensual,1.9,%,indec,2026-08-05T21:48:05.576542+00:00
AR,2017-04-01,Bienes y servicios varios (201704),indec_12_indice,107.5442,indice,indec,2026-08-05T21:48:05.576542+00:00
AR,2017-04-01,Bienes y servicios varios (201704),indec_12_variacion_mensual,1.8,%,indec,2026-08-05T21:48:05.576542+00:00
AR,2017-04-01,nan (201704),indec_Estacional_indice,108.1867,indice,indec,2026-08-05T21:48:05.576542+00:00
AR,2017-04-01,nan (201704),indec_Estacional_variacion_mensual,3.2,%,indec,2026-08-05T21:48:05.576542+00:00
AR,2017-04-01,nan (201704),indec_Núcleo_indice,107.427,indice,indec,2026-08-05T21:48:05.576542+00:00
AR,2017-04-01,nan (201704),indec_Núcleo_variacion_mensual,2.1,%,indec,2026-08-05T21:48:05.576542+00:00
AR,2017-04-01,nan (201704),indec_Regulados_indice,114.4649,indice,indec,2026-08-05T21:48:05.576542+00:00
AR,2017-04-01,nan (201704),indec_Regulados_variacion_mensual,4.1,%,indec,2026-08-05T21:48:05.576542+00:00
AR,2017-04-01,nan (201704),indec_B_indice,107.4919,indice,indec,2026-08-05T21:48:05.576542+00:00
AR,2017-04-01,nan (201704),indec_B_variacion_mensual,2.4,%,indec,2026-08-05T21:48:05.576542+00:00
AR,2017-04-01,nan (201704),indec_S_indice,112.0904,indice,indec,2026-08-05T21:48:05.576542+00:00
AR,2017-04-01,nan (201704),indec_S_variacion_mensual,3.2,%,indec,2026-08-05T21:48:05.576542+00:00
AR,2017-05-01,NIVEL GENERAL (201705),indec_0_indice,110.5301,indice,indec,2026-08-05T21:48:05.576542+00:00
AR,2017-05-01,NIVEL GENERAL (201705),indec_0_variacion_mensual,1.4,%,indec,2026-08-05T21:48:05.576542+00:00
AR,2017-05-01,Alimentos y bebidas no alcohólicas (201705),indec_01_indice,109.7631,indice,indec,2026-08-05T21:48:05.576542+00:00
AR,2017-05-01,Alimentos y bebidas no alcohólicas (201705),indec_01_variacion_mensual,1.3,%,indec,2026-08-05T21:48:05.576542+00:00
AR,2017-05-01,Bebidas alcohólicas y tabaco (201705),indec_02_indice,111.7182,indice,indec,2026-08-05T21:48:05.576542+00:00
AR,2017-05-01,Bebidas alcohólicas y tabaco (201705),indec_02_variacion_mensual,1.7,%,indec,2026-08-05T21:48:05.576542+00:00
AR,2017-05-01,Prendas de vestir y calzado (201705),indec_03_indice,108.726,indice,indec,2026-08-05T21:48:05.576542+00:00
AR,2017-05-01,Prendas de vestir y calzado (201705),indec_03_variacion_mensual,1.7,%,indec,2026-08-05T21:48:05.576542+00:00
AR,2017-05-01,"Vivienda, agua, electricidad, gas y otros combustibles (201705)",indec_04_indice,119.5207,indice,indec,2026-08-05T21:48:05.576542+00:00
AR,2017-05-01,"Vivienda, agua, electricidad, gas y otros combustibles (201705)",indec_04_variacion_mensual,1.8,%,indec,2026-08-05T21:48:05.576542+00:00
AR,2017-05-01,Equipamiento y mantenimiento del hogar (201705),indec_05_indice,106.1577,indice,indec,2026-08-05T21:48:05.576542+00:00
AR,2017-05-01,Equipamiento y mantenimiento del hogar (201705),indec_05_variacion_mensual,2.8,%,indec,2026-08-05T21:48:05.576542+00:00
AR,2017-05-01,Salud (201705),indec_06_indice,110.7256,indice,indec,2026-08-05T21:48:05.576542+00:00
AR,2017-05-01,Salud (201705),indec_06_variacion_mensual,1.5,%,indec,2026-08-05T21:48:05.576542+00:00
AR,2017-05-01,Transporte (201705),indec_07_indice,106.8575,indice,indec,2026-08-05T21:48:05.576542+00:00
AR,2017-05-01,Transporte (201705),indec_07_variacion_mensual,0.9,%,indec,2026-08-05T21:48:05.576542+00:00
AR,2017-05-01,Comunicación (201705),indec_08_indice,118.6553,indice,indec,2026-08-05T21:48:05.576542+00:00
AR,2017-05-01,Comunicación (201705),indec_08_variacion_mensual,0.3,%,indec,2026-08-05T21:48:05.576542+00:00
AR,2017-05-01,Recreación y cultura (201705),indec_09_indice,109.0808,indice,indec,2026-08-05T21:48:05.576542+00:00
AR,2017-05-01,Recreación y cultura (201705),indec_09_variacion_mensual,0.7,%,indec,2026-08-05T21:48:05.576542+00:00
AR,2017-05-01,Educación (201705),indec_10_indice,120.69,indice,indec,2026-08-05T21:48:05.576542+00:00
AR,2017-05-01,Educación (201705),indec_10_variacion_mensual,1.7,%,indec,2026-08-05T21:48:05.576542+00:00
AR,2017-05-01,Restaurantes y hoteles (201705),indec_11_indice,109.5541,indice,indec,2026-08-05T21:48:05.576542+00:00
AR,2017-05-01,Restaurantes y hoteles (201705),indec_11_variacion_mensual,1.5,%,indec,2026-08-05T21:48:05.576542+00:00
AR,2017-05-01,Bienes y servicios varios (201705),indec_12_indice,108.9336,indice,indec,2026-08-05T21:48:05.576542+00:00
AR,2017-05-01,Bienes y servicios varios (201705),indec_12_variacion_mensual,1.3,%,indec,2026-08-05T21:48:05.576542+00:00
AR,2017-05-01,nan (201705),indec_Estacional_indice,109.0536,indice,indec,2026-08-05T21:48:05.576542+00:00
AR,2017-05-01,nan (201705),indec_Estacional_variacion_mensual,0.8,%,indec,2026-08-05T21:48:05.576542+00:00
AR,2017-05-01,nan (201705),indec_Núcleo_indice,109.2069,indice,indec,2026-08-05T21:48:05.576542+00:00
AR,2017-05-01,nan (201705),indec_Núcleo_variacion_mensual,1.7,%,indec,2026-08-05T21:48:05.576542+00:00
AR,2017-05-01,nan (201705),indec_Regulados_indice,115.6559,indice,indec,2026-08-05T21:48:05.576542+00:00
AR,2017-05-01,nan (201705),indec_Regulados_variacion_mensual,1.0,%,indec,2026-08-05T21:48:05.576542+00:00
AR,2017-05-01,nan (201705),indec_B_indice,109.0098,indice,indec,2026-08-05T21:48:05.576542+00:00
AR,2017-05-01,nan (201705),indec_B_variacion_mensual,1.4,%,indec,2026-08-05T21:48:05.576542+00:00
AR,2017-05-01,nan (201705),indec_S_indice,113.7331,indice,indec,2026-08-05T21:48:05.576542+00:00
AR,2017-05-01,nan (201705),indec_S_variacion_mensual,1.5,%,indec,2026-08-05T21:48:05.576542+00:00
AR,2017-06-01,NIVEL GENERAL (201706),indec_0_indice,111.8477,indice,indec,2026-08-05T21:48:05.576542+00:00
AR,2017-06-01,NIVEL GENERAL (201706),indec_0_variacion_mensual,1.2,%,indec,2026-08-05T21:48:05.576542+00:00
AR,2017-06-01,Alimentos y bebidas no alcohólicas (201706),indec_01_indice,110.7483,indice,indec,2026-08-05T21:48:05.576542+00:00
AR,2017-06-01,Alimentos y bebidas no alcohólicas (201706),indec_01_variacion_mensual,0.9,%,indec,2026-08-05T21:48:05.576542+00:00
AR,2017-06-01,Bebidas alcohólicas y tabaco (201706),indec_02_indice,112.4572,indice,indec,2026-08-05T21:48:05.576542+00:00
AR,2017-06-01,Bebidas alcohólicas y tabaco (201706),indec_02_variacion_mensual,0.7,%,indec,2026-08-05T21:48:05.576542+00:00
AR,2017-06-01,Prendas de vestir y calzado (201706),indec_03_indice,109.6911,indice,indec,2026-08-05T21:48:05.576542+00:00
AR,2017-06-01,Prendas de vestir y calzado (201706),indec_03_variacion_mensual,0.9,%,indec,2026-08-05T21:48:05.576542+00:00
AR,2017-06-01,"Vivienda, agua, electricidad, gas y otros combustibles (201706)",indec_04_indice,121.6359,indice,indec,2026-08-05T21:48:05.576542+00:00
AR,2017-06-01,"Vivienda, agua, electricidad, gas y otros combustibles (201706)",indec_04_variacion_mensual,1.8,%,indec,2026-08-05T21:48:05.576542+00:00
AR,2017-06-01,Equipamiento y mantenimiento del hogar (201706),indec_05_indice,107.4904,indice,indec,2026-08-05T21:48:05.576542+00:00
AR,2017-06-01,Equipamiento y mantenimiento del hogar (201706),indec_05_variacion_mensual,1.3,%,indec,2026-08-05T21:48:05.576542+00:00
AR,2017-06-01,Salud (201706),indec_06_indice,112.3558,indice,indec,2026-08-05T21:48:05.576542+00:00
AR,2017-06-01,Salud (201706),indec_06_variacion_mensual,1.5,%,indec,2026-08-05T21:48:05.576542+00:00
AR,2017-06-01,Transporte (201706),indec_07_indice,107.5925,indice,indec,2026-08-05T21:48:05.576542+00:00
AR,2017-06-01,Transporte (201706),indec_07_variacion_mensual,0.7,%,indec,2026-08-05T21:48:05.576542+00:00
AR,2017-06-01,Comunicación (201706),indec_08_indice,120.1049,indice,indec,2026-08-05T21:48:05.576542+00:00
AR,2017-06-01,Comunicación (201706),indec_08_variacion_mensual,1.2,%,indec,2026-08-05T21:48:05.576542+00:00
AR,2017-06-01,Recreación y cultura (201706),indec_09_indice,111.6195,indice,indec,2026-08-05T21:48:05.576542+00:00
AR,2017-06-01,Recreación y cultura (201706),indec_09_variacion_mensual,2.3,%,indec,2026-08-05T21:48:05.576542+00:00
AR,2017-06-01,Educación (201706),indec_10_indice,121.8757,indice,indec,2026-08-05T21:48:05.576542+00:00
AR,2017-06-01,Educación (201706),indec_10_variacion_mensual,1.0,%,indec,2026-08-05T21:48:05.576542+00:00
AR,2017-06-01,Restaurantes y hoteles (201706),indec_11_indice,110.9475,indice,indec,2026-08-05T21:48:05.576542+00:00
AR,2017-06-01,Restaurantes y hoteles (201706),indec_11_variacion_mensual,1.3,%,indec,2026-08-05T21:48:05.576542+00:00
AR,2017-06-01,Bienes y servicios varios (201706),indec_12_indice,110.3729,indice,indec,2026-08-05T21:48:05.576542+00:00
AR,2017-06-01,Bienes y servicios varios (201706),indec_12_variacion_mensual,1.3,%,indec,2026-08-05T21:48:05.576542+00:00
AR,2017-06-01,nan (201706),indec_Estacional_indice,110.0769,indice,indec,2026-08-05T21:48:05.576542+00:00
AR,2017-06-01,nan (201706),indec_Estacional_variacion_mensual,0.9,%,indec,2026-08-05T21:48:05.576542+00:00
AR,2017-06-01,nan (201706),indec_Núcleo_indice,110.6653,indice,indec,2026-08-05T21:48:05.576542+00:00
AR,2017-06-01,nan (201706),indec_Núcleo_variacion_mensual,1.3,%,indec,2026-08-05T21:48:05.576542+00:00
AR,2017-06-01,nan (201706),indec_Regulados_indice,116.6875,indice,indec,2026-08-05T21:48:05.576542+00:00
AR,2017-06-01,nan (201706),indec_Regulados_variacion_mensual,0.9,%,indec,2026-08-05T21:48:05.576542+00:00
AR,2017-06-01,nan (201706),indec_B_indice,110.1215,indice,indec,2026-08-05T21:48:05.576542+00:00
AR,2017-06-01,nan (201706),indec_B_variacion_mensual,1.0,%,indec,2026-08-05T21:48:05.576542+00:00
AR,2017-06-01,nan (201706),indec_S_indice,115.419,indice,indec,2026-08-05T21:48:05.576542+00:00
AR,2017-06-01,nan (201706),indec_S_variacion_mensual,1.5,%,indec,2026-08-05T21:48:05.576542+00:00
AR,2017-07-01,NIVEL GENERAL (201707),indec_0_indice,113.7852,indice,indec,2026-08-05T21:48:05.576542+00:00
AR,2017-07-01,NIVEL GENERAL (201707),indec_0_variacion_mensual,1.7,%,indec,2026-08-05T21:48:05.576542+00:00
AR,2017-07-01,Alimentos y bebidas no alcohólicas (201707),indec_01_indice,112.0115,indice,indec,2026-08-05T21:48:05.576542+00:00
AR,2017-07-01,Alimentos y bebidas no alcohólicas (201707),indec_01_variacion_mensual,1.1,%,indec,2026-08-05T21:48:05.576542+00:00
AR,2017-07-01,Bebidas alcohólicas y tabaco (201707),indec_02_indice,115.794,indice,indec,2026-08-05T21:48:05.576542+00:00
AR,2017-07-01,Bebidas alcohólicas y tabaco (201707),indec_02_variacion_mensual,3.0,%,indec,2026-08-05T21:48:05.576542+00:00
AR,2017-07-01,Prendas de vestir y calzado (201707),indec_03_indice,108.3524,indice,indec,2026-08-05T21:48:05.576542+00:00
AR,2017-07-01,Prendas de vestir y calzado (201707),indec_03_variacion_mensual,-1.2,%,indec,2026-08-05T21:48:05.576542+00:00
AR,2017-07-01,"Vivienda, agua, electricidad, gas y otros combustibles (201707)",indec_04_indice,124.0879,indice,indec,2026-08-05T21:48:05.576542+00:00
AR,2017-07-01,"Vivienda, agua, electricidad, gas y otros combustibles (201707)",indec_04_variacion_mensual,2.0,%,indec,2026-08-05T21:48:05.576542+00:00
AR,2017-07-01,Equipamiento y mantenimiento del hogar (201707),indec_05_indice,110.0984,indice,indec,2026-08-05T21:48:05.576542+00:00
AR,2017-07-01,Equipamiento y mantenimiento del hogar (201707),indec_05_variacion_mensual,2.4,%,indec,2026-08-05T21:48:05.576542+00:00
AR,2017-07-01,Salud (201707),indec_06_indice,116.0848,indice,indec,2026-08-05T21:48:05.576542+00:00
AR,2017-07-01,Salud (201707),indec_06_variacion_mensual,3.3,%,indec,2026-08-05T21:48:05.576542+00:00
AR,2017-07-01,Transporte (201707),indec_07_indice,109.9058,indice,indec,2026-08-05T21:48:05.576542+00:00
AR,2017-07-01,Transporte (201707),indec_07_variacion_mensual,2.2,%,indec,2026-08-05T21:48:05.576542+00:00
AR,2017-07-01,Comunicación (201707),indec_08_indice,121.2281,indice,indec,2026-08-05T21:48:05.576542+00:00
AR,2017-07-01,Comunicación (201707),indec_08_variacion_mensual,0.9,%,indec,2026-08-05T21:48:05.576542+00:00
AR,2017-07-01,Recreación y cultura (201707),indec_09_indice,115.609,indice,indec,2026-08-05T21:48:05.576542+00:00
AR,2017-07-01,Recreación y cultura (201707),indec_09_variacion_mensual,3.6,%,indec,2026-08-05T21:48:05.576542+00:00
AR,2017-07-01,Educación (201707),indec_10_indice,122.8868,indice,indec,2026-08-05T21:48:05.576542+00:00
AR,2017-07-01,Educación (201707),indec_10_variacion_mensual,0.8,%,indec,2026-08-05T21:48:05.576542+00:00
AR,2017-07-01,Restaurantes y hoteles (201707),indec_11_indice,113.777,indice,indec,2026-08-05T21:48:05.576542+00:00
AR,2017-07-01,Restaurantes y hoteles (201707),indec_11_variacion_mensual,2.6,%,indec,2026-08-05T21:48:05.576542+00:00
AR,2017-07-01,Bienes y servicios varios (201707),indec_12_indice,111.8348,indice,indec,2026-08-05T21:48:05.576542+00:00
AR,2017-07-01,Bienes y servicios varios (201707),indec_12_variacion_mensual,1.3,%,indec,2026-08-05T21:48:05.576542+00:00
AR,2017-07-01,nan (201707),indec_Estacional_indice,110.589,indice,indec,2026-08-05T21:48:05.576542+00:00
AR,2017-07-01,nan (201707),indec_Estacional_variacion_mensual,0.5,%,indec,2026-08-05T21:48:05.576542+00:00
AR,2017-07-01,nan (201707),indec_Núcleo_indice,112.6183,indice,indec,2026-08-05T21:48:05.576542+00:00
AR,2017-07-01,nan (201707),indec_Núcleo_variacion_mensual,1.8,%,indec,2026-08-05T21:48:05.576542+00:00
AR,2017-07-01,nan (201707),indec_Regulados_indice,119.3618,indice,indec,2026-08-05T21:48:05.576542+00:00
AR,2017-07-01,nan (201707),indec_Regulados_variacion_mensual,2.3,%,indec,2026-08-05T21:48:05.576542+00:00
AR,2017-07-01,nan (201707),indec_B_indice,111.4205,indice,indec,2026-08-05T21:48:05.576542+00:00
AR,2017-07-01,nan (201707),indec_B_variacion_mensual,1.2,%,indec,2026-08-05T21:48:05.576542+00:00
AR,2017-07-01,nan (201707),indec_S_indice,118.5735,indice,indec,2026-08-05T21:48:05.576542+00:00
AR,2017-07-01,nan (201707),indec_S_variacion_mensual,2.7,%,indec,2026-08-05T21:48:05.576542+00:00
AR,2017-08-01,NIVEL GENERAL (201708),indec_0_indice,115.3819,indice,indec,2026-08-05T21:48:05.576542+00:00
AR,2017-08-01,NIVEL GENERAL (201708),indec_0_variacion_mensual,1.4,%,indec,2026-08-05T21:48:05.576542+00:00
AR,2017-08-01,Alimentos y bebidas no alcohólicas (201708),indec_01_indice,114.3467,indice,indec,2026-08-05T21:48:05.576542+00:00
AR,2017-08-01,Alimentos y bebidas no alcohólicas (201708),indec_01_variacion_mensual,2.1,%,indec,2026-08-05T21:48:05.576542+00:00
AR,2017-08-01,Bebidas alcohólicas y tabaco (201708),indec_02_indice,117.3256,indice,indec,2026-08-05T21:48:05.576542+00:00
AR,2017-08-01,Bebidas alcohólicas y tabaco (201708),indec_02_variacion_mensual,1.3,%,indec,2026-08-05T21:48:05.576542+00:00
AR,2017-08-01,Prendas de vestir y calzado (201708),indec_03_indice,107.6769,indice,indec,2026-08-05T21:48:05.576542+00:00
AR,2017-08-01,Prendas de vestir y calzado (201708),indec_03_variacion_mensual,-0.6,%,indec,2026-08-05T21:48:05.576542+00:00
AR,2017-08-01,"Vivienda, agua, electricidad, gas y otros combustibles (201708)",indec_04_indice,126.7648,indice,indec,2026-08-05T21:48:05.576542+00:00
AR,2017-08-01,"Vivienda, agua, electricidad, gas y otros combustibles (201708)",indec_04_variacion_mensual,2.2,%,indec,2026-08-05T21:48:05.576542+00:00
AR,2017-08-01,Equipamiento y mantenimiento del hogar (201708),indec_05_indice,111.1513,indice,indec,2026-08-05T21:48:05.576542+00:00
AR,2017-08-01,Equipamiento y mantenimiento del hogar (201708),indec_05_variacion_mensual,1.0,%,indec,2026-08-05T21:48:05.576542+00:00
AR,2017-08-01,Salud (201708),indec_06_indice,119.0025,indice,indec,2026-08-05T21:48:05.576542+00:00
AR,2017-08-01,Salud (201708),indec_06_variacion_mensual,2.5,%,indec,2026-08-05T21:48:05.576542+00:00
AR,2017-08-01,Transporte (201708),indec_07_indice,111.0994,indice,indec,2026-08-05T21:48:05.576542+00:00
AR,2017-08-01,Transporte (201708),indec_07_variacion_mensual,1.1,%,indec,2026-08-05T21:48:05.576542+00:00
AR,2017-08-01,Comunicación (201708),indec_08_indice,123.052,indice,indec,2026-08-05T21:48:05.576542+00:00
AR,2017-08-01,Comunicación (201708),indec_08_variacion_mensual,1.5,%,indec,2026-08-05T21:48:05.576542+00:00
AR,2017-08-01,Recreación y cultura (201708),indec_09_indice,116.3997,indice,indec,2026-08-05T21:48:05.576542+00:00
AR,2017-08-01,Recreación y cultura (201708),indec_09_variacion_mensual,0.7,%,indec,2026-08-05T21:48:05.576542+00:00
AR,2017-08-01,Educación (201708),indec_10_indice,125.3185,indice,indec,2026-08-05T21:48:05.576542+00:00
AR,2017-08-01,Educación (201708),indec_10_variacion_mensual,2.0,%,indec,2026-08-05T21:48:05.576542+00:00
AR,2017-08-01,Restaurantes y hoteles (201708),indec_11_indice,114.5928,indice,indec,2026-08-05T21:48:05.576542+00:00
AR,2017-08-01,Restaurantes y hoteles (201708),indec_11_variacion_mensual,0.7,%,indec,2026-08-05T21:48:05.576542+00:00
AR,2017-08-01,Bienes y servicios varios (201708),indec_12_indice,113.6021,indice,indec,2026-08-05T21:48:05.576542+00:00
AR,2017-08-01,Bienes y servicios varios (201708),indec_12_variacion_mensual,1.6,%,indec,2026-08-05T21:48:05.576542+00:00
AR,2017-08-01,nan (201708),indec_Estacional_indice,111.7749,indice,indec,2026-08-05T21:48:05.576542+00:00
AR,2017-08-01,nan (201708),indec_Estacional_variacion_mensual,1.1,%,indec,2026-08-05T21:48:05.576542+00:00
AR,2017-08-01,nan (201708),indec_Núcleo_indice,114.231,indice,indec,2026-08-05T21:48:05.576542+00:00
AR,2017-08-01,nan (201708),indec_Núcleo_variacion_mensual,1.4,%,indec,2026-08-05T21:48:05.576542+00:00
AR,2017-08-01,nan (201708),indec_Regulados_indice,121.1349,indice,indec,2026-08-05T21:48:05.576542+00:00
AR,2017-08-01,nan (201708),indec_Regulados_variacion_mensual,1.5,%,indec,2026-08-05T21:48:05.576542+00:00
AR,2017-08-01,nan (201708),indec_B_indice,112.8612,indice,indec,2026-08-05T21:48:05.576542+00:00
AR,2017-08-01,nan (201708),indec_B_variacion_mensual,1.3,%,indec,2026-08-05T21:48:05.576542+00:00
AR,2017-08-01,nan (201708),indec_S_indice,120.4902,indice,indec,2026-08-05T21:48:05.576542+00:00
AR,2017-08-01,nan (201708),indec_S_variacion_mensual,1.6,%,indec,2026-08-05T21:48:05.576542+00:00
AR,2017-09-01,NIVEL GENERAL (201709),indec_0_indice,117.5719,indice,indec,2026-08-05T21:48:05.576542+00:00
AR,2017-09-01,NIVEL GENERAL (201709),indec_0_variacion_mensual,1.9,%,indec,2026-08-05T21:48:05.576542+00:00
AR,2017-09-01,Alimentos y bebidas no alcohólicas (201709),indec_01_indice,116.4048,indice,indec,2026-08-05T21:48:05.576542+00:00
AR,2017-09-01,Alimentos y bebidas no alcohólicas (201709),indec_01_variacion_mensual,1.8,%,indec,2026-08-05T21:48:05.576542+00:00
AR,2017-09-01,Bebidas alcohólicas y tabaco (201709),indec_02_indice,118.1383,indice,indec,2026-08-05T21:48:05.576542+00:00
AR,2017-09-01,Bebidas alcohólicas y tabaco (201709),indec_02_variacion_mensual,0.7,%,indec,2026-08-05T21:48:05.576542+00:00
AR,2017-09-01,Prendas de vestir y calzado (201709),indec_03_indice,111.7682,indice,indec,2026-08-05T21:48:05.576542+00:00
AR,2017-09-01,Prendas de vestir y calzado (201709),indec_03_variacion_mensual,3.8,%,indec,2026-08-05T21:48:05.576542+00:00
AR,2017-09-01,"Vivienda, agua, electricidad, gas y otros combustibles (201709)",indec_04_indice,129.2656,indice,indec,2026-08-05T21:48:05.576542+00:00
AR,2017-09-01,"Vivienda, agua, electricidad, gas y otros combustibles (201709)",indec_04_variacion_mensual,2.0,%,indec,2026-08-05T21:48:05.576542+00:00
AR,2017-09-01,Equipamiento y mantenimiento del hogar (201709),indec_05_indice,112.2879,indice,indec,2026-08-05T21:48:05.576542+00:00
AR,2017-09-01,Equipamiento y mantenimiento del hogar (201709),indec_05_variacion_mensual,1.0,%,indec,2026-08-05T21:48:05.576542+00:00
AR,2017-09-01,Salud (201709),indec_06_indice,121.8977,indice,indec,2026-08-05T21:48:05.576542+00:00
AR,2017-09-01,Salud (201709),indec_06_variacion_mensual,2.4,%,indec,2026-08-05T21:48:05.576542+00:00
AR,2017-09-01,Transporte (201709),indec_07_indice,111.9943,indice,indec,2026-08-05T21:48:05.576542+00:00
AR,2017-09-01,Transporte (201709),indec_07_variacion_mensual,0.8,%,indec,2026-08-05T21:48:05.576542+00:00
AR,2017-09-01,Comunicación (201709),indec_08_indice,124.3454,indice,indec,2026-08-05T21:48:05.576542+00:00
AR,2017-09-01,Comunicación (201709),indec_08_variacion_mensual,1.1,%,indec,2026-08-05T21:48:05.576542+00:00
AR,2017-09-01,Recreación y cultura (201709),indec_09_indice,119.536,indice,indec,2026-08-05T21:48:05.576542+00:00
AR,2017-09-01,Recreación y cultura (201709),indec_09_variacion_mensual,2.7,%,indec,2026-08-05T21:48:05.576542+00:00
AR,2017-09-01,Educación (201709),indec_10_indice,129.9791,indice,indec,2026-08-05T21:48:05.576542+00:00
AR,2017-09-01,Educación (201709),indec_10_variacion_mensual,3.7,%,indec,2026-08-05T21:48:05.576542+00:00
AR,2017-09-01,Restaurantes y hoteles (201709),indec_11_indice,116.2141,indice,indec,2026-08-05T21:48:05.576542+00:00
AR,2017-09-01,Restaurantes y hoteles (201709),indec_11_variacion_mensual,1.4,%,indec,2026-08-05T21:48:05.576542+00:00
AR,2017-09-01,Bienes y servicios varios (201709),indec_12_indice,115.4941,indice,indec,2026-08-05T21:48:05.576542+00:00
AR,2017-09-01,Bienes y servicios varios (201709),indec_12_variacion_mensual,1.7,%,indec,2026-08-05T21:48:05.576542+00:00
AR,2017-09-01,nan (201709),indec_Estacional_indice,116.214,indice,indec,2026-08-05T21:48:05.576542+00:00
AR,2017-09-01,nan (201709),indec_Estacional_variacion_mensual,4.0,%,indec,2026-08-05T21:48:05.576542+00:00
AR,2017-09-01,nan (201709),indec_Núcleo_indice,116.0978,indice,indec,2026-08-05T21:48:05.576542+00:00
AR,2017-09-01,nan (201709),indec_Núcleo_variacion_mensual,1.6,%,indec,2026-08-05T21:48:05.576542+00:00
AR,2017-09-01,nan (201709),indec_Regulados_indice,123.2159,indice,indec,2026-08-05T21:48:05.576542+00:00
AR,2017-09-01,nan (201709),indec_Regulados_variacion_mensual,1.7,%,indec,2026-08-05T21:48:05.576542+00:00
AR,2017-09-01,nan (201709),indec_B_indice,114.9903,indice,indec,2026-08-05T21:48:05.576542+00:00
AR,2017-09-01,nan (201709),indec_B_variacion_mensual,1.9,%,indec,2026-08-05T21:48:05.576542+00:00
AR,2017-09-01,nan (201709),indec_S_indice,122.8259,indice,indec,2026-08-05T21:48:05.576542+00:00
AR,2017-09-01,nan (201709),indec_S_variacion_mensual,1.9,%,indec,2026-08-05T21:48:05.576542+00:00
AR,2017-10-01,NIVEL GENERAL (201710),indec_0_indice,119.3528,indice,indec,2026-08-05T21:48:05.576542+00:00
AR,2017-10-01,NIVEL GENERAL (201710),indec_0_variacion_mensual,1.5,%,indec,2026-08-05T21:48:05.576542+00:00
AR,2017-10-01,Alimentos y bebidas no alcohólicas (201710),indec_01_indice,118.1646,indice,indec,2026-08-05T21:48:05.576542+00:00
AR,2017-10-01,Alimentos y bebidas no alcohólicas (201710),indec_01_variacion_mensual,1.5,%,indec,2026-08-05T21:48:05.576542+00:00
AR,2017-10-01,Bebidas alcohólicas y tabaco (201710),indec_02_indice,121.695,indice,indec,2026-08-05T21:48:05.576542+00:00
AR,2017-10-01,Bebidas alcohólicas y tabaco (201710),indec_02_variacion_mensual,3.0,%,indec,2026-08-05T21:48:05.576542+00:00
AR,2017-10-01,Prendas de vestir y calzado (201710),indec_03_indice,114.138,indice,indec,2026-08-05T21:48:05.576542+00:00
AR,2017-10-01,Prendas de vestir y calzado (201710),indec_03_variacion_mensual,2.1,%,indec,2026-08-05T21:48:05.576542+00:00
AR,2017-10-01,"Vivienda, agua, electricidad, gas y otros combustibles (201710)",indec_04_indice,130.4139,indice,indec,2026-08-05T21:48:05.576542+00:00
AR,2017-10-01,"Vivienda, agua, electricidad, gas y otros combustibles (201710)",indec_04_variacion_mensual,0.9,%,indec,2026-08-05T21:48:05.576542+00:00
AR,2017-10-01,Equipamiento y mantenimiento del hogar (201710),indec_05_indice,113.0973,indice,indec,2026-08-05T21:48:05.576542+00:00
AR,2017-10-01,Equipamiento y mantenimiento del hogar (201710),indec_05_variacion_mensual,0.7,%,indec,2026-08-05T21:48:05.576542+00:00
AR,2017-10-01,Salud (201710),indec_06_indice,123.2121,indice,indec,2026-08-05T21:48:05.576542+00:00
AR,2017-10-01,Salud (201710),indec_06_variacion_mensual,1.1,%,indec,2026-08-05T21:48:05.576542+00:00
AR,2017-10-01,Transporte (201710),indec_07_indice,113.4318,indice,indec,2026-08-05T21:48:05.576542+00:00
AR,2017-10-01,Transporte (201710),indec_07_variacion_mensual,1.3,%,indec,2026-08-05T21:48:05.576542+00:00
AR,2017-10-01,Comunicación (201710),indec_08_indice,130.9342,indice,indec,2026-08-05T21:48:05.576542+00:00
AR,2017-10-01,Comunicación (201710),indec_08_variacion_mensual,5.3,%,indec,2026-08-05T21:48:05.576542+00:00
AR,2017-10-01,Recreación y cultura (201710),indec_09_indice,121.032,indice,indec,2026-08-05T21:48:05.576542+00:00
AR,2017-10-01,Recreación y cultura (201710),indec_09_variacion_mensual,1.3,%,indec,2026-08-05T21:48:05.576542+00:00
AR,2017-10-01,Educación (201710),indec_10_indice,131.0253,indice,indec,2026-08-05T21:48:05.576542+00:00
AR,2017-10-01,Educación (201710),indec_10_variacion_mensual,0.8,%,indec,2026-08-05T21:48:05.576542+00:00
AR,2017-10-01,Restaurantes y hoteles (201710),indec_11_indice,117.834,indice,indec,2026-08-05T21:48:05.576542+00:00
AR,2017-10-01,Restaurantes y hoteles (201710),indec_11_variacion_mensual,1.4,%,indec,2026-08-05T21:48:05.576542+00:00
AR,2017-10-01,Bienes y servicios varios (201710),indec_12_indice,117.0803,indice,indec,2026-08-05T21:48:05.576542+00:00
AR,2017-10-01,Bienes y servicios varios (201710),indec_12_variacion_mensual,1.4,%,indec,2026-08-05T21:48:05.576542+00:00
AR,2017-10-01,nan (201710),indec_Estacional_indice,119.0242,indice,indec,2026-08-05T21:48:05.576542+00:00
AR,2017-10-01,nan (201710),indec_Estacional_variacion_mensual,2.4,%,indec,2026-08-05T21:48:05.576542+00:00
AR,2017-10-01,nan (201710),indec_Núcleo_indice,117.6245,indice,indec,2026-08-05T21:48:05.576542+00:00
AR,2017-10-01,nan (201710),indec_Núcleo_variacion_mensual,1.3,%,indec,2026-08-05T21:48:05.576542+00:00
AR,2017-10-01,nan (201710),indec_Regulados_indice,125.2808,indice,indec,2026-08-05T21:48:05.576542+00:00
AR,2017-10-01,nan (201710),indec_Regulados_variacion_mensual,1.7,%,indec,2026-08-05T21:48:05.576542+00:00
AR,2017-10-01,nan (201710),indec_B_indice,116.8116,indice,indec,2026-08-05T21:48:05.576542+00:00
AR,2017-10-01,nan (201710),indec_B_variacion_mensual,1.6,%,indec,2026-08-05T21:48:05.576542+00:00
AR,2017-10-01,nan (201710),indec_S_indice,124.5736,indice,indec,2026-08-05T21:48:05.576542+00:00
AR,2017-10-01,nan (201710),indec_S_variacion_mensual,1.4,%,indec,2026-08-05T21:48:05.576542+00:00
AR,2017-11-01,NIVEL GENERAL (201711),indec_0_indice,120.994,indice,indec,2026-08-05T21:48:05.576542+00:00
AR,2017-11-01,NIVEL GENERAL (201711),indec_0_variacion_mensual,1.4,%,indec,2026-08-05T21:48:05.576542+00:00
AR,2017-11-01,Alimentos y bebidas no alcohólicas (201711),indec_01_indice,119.5688,indice,indec,2026-08-05T21:48:05.576542+00:00
AR,2017-11-01,Alimentos y bebidas no alcohólicas (201711),indec_01_variacion_mensual,1.2,%,indec,2026-08-05T21:48:05.576542+00:00
AR,2017-11-01,Bebidas alcohólicas y tabaco (201711),indec_02_indice,123.0467,indice,indec,2026-08-05T21:48:05.576542+00:00
AR,2017-11-01,Bebidas alcohólicas y tabaco (201711),indec_02_variacion_mensual,1.1,%,indec,2026-08-05T21:48:05.576542+00:00
AR,2017-11-01,Prendas de vestir y calzado (201711),indec_03_indice,115.6644,indice,indec,2026-08-05T21:48:05.576542+00:00
AR,2017-11-01,Prendas de vestir y calzado (201711),indec_03_variacion_mensual,1.3,%,indec,2026-08-05T21:48:05.576542+00:00
AR,2017-11-01,"Vivienda, agua, electricidad, gas y otros combustibles (201711)",indec_04_indice,132.0294,indice,indec,2026-08-05T21:48:05.576542+00:00
AR,2017-11-01,"Vivienda, agua, electricidad, gas y otros combustibles (201711)",indec_04_variacion_mensual,1.2,%,indec,2026-08-05T21:48:05.576542+00:00
AR,2017-11-01,Equipamiento y mantenimiento del hogar (201711),indec_05_indice,114.1215,indice,indec,2026-08-05T21:48:05.576542+00:00
AR,2017-11-01,Equipamiento y mantenimiento del hogar (201711),indec_05_variacion_mensual,0.9,%,indec,2026-08-05T21:48:05.576542+00:00
AR,2017-11-01,Salud (201711),indec_06_indice,124.8225,indice,indec,2026-08-05T21:48:05.576542+00:00
AR,2017-11-01,Salud (201711),indec_06_variacion_mensual,1.3,%,indec,2026-08-05T21:48:05.576542+00:00
AR,2017-11-01,Transporte (201711),indec_07_indice,116.8496,indice,indec,2026-08-05T21:48:05.576542+00:00
AR,2017-11-01,Transporte (201711),indec_07_variacion_mensual,3.0,%,indec,2026-08-05T21:48:05.576542+00:00
AR,2017-11-01,Comunicación (201711),indec_08_indice,131.8833,indice,indec,2026-08-05T21:48:05.576542+00:00
AR,2017-11-01,Comunicación (201711),indec_08_variacion_mensual,0.7,%,indec,2026-08-05T21:48:05.576542+00:00
AR,2017-11-01,Recreación y cultura (201711),indec_09_indice,121.8725,indice,indec,2026-08-05T21:48:05.576542+00:00
AR,2017-11-01,Recreación y cultura (201711),indec_09_variacion_mensual,0.7,%,indec,2026-08-05T21:48:05.576542+00:00
AR,2017-11-01,Educación (201711),indec_10_indice,131.4832,indice,indec,2026-08-05T21:48:05.576542+00:00
AR,2017-11-01,Educación (201711),indec_10_variacion_mensual,0.3,%,indec,2026-08-05T21:48:05.576542+00:00
AR,2017-11-01,Restaurantes y hoteles (201711),indec_11_indice,119.9896,indice,indec,2026-08-05T21:48:05.576542+00:00
AR,2017-11-01,Restaurantes y hoteles (201711),indec_11_variacion_mensual,1.8,%,indec,2026-08-05T21:48:05.576542+00:00
AR,2017-11-01,Bienes y servicios varios (201711),indec_12_indice,118.5168,indice,indec,2026-08-05T21:48:05.576542+00:00
AR,2017-11-01,Bienes y servicios varios (201711),indec_12_variacion_mensual,1.2,%,indec,2026-08-05T21:48:05.576542+00:00
AR,2017-11-01,nan (201711),indec_Estacional_indice,121.0614,indice,indec,2026-08-05T21:48:05.576542+00:00
AR,2017-11-01,nan (201711),indec_Estacional_variacion_mensual,1.7,%,indec,2026-08-05T21:48:05.576542+00:00
AR,2017-11-01,nan (201711),indec_Núcleo_indice,119.1358,indice,indec,2026-08-05T21:48:05.576542+00:00
AR,2017-11-01,nan (201711),indec_Núcleo_variacion_mensual,1.3,%,indec,2026-08-05T21:48:05.576542+00:00
AR,2017-11-01,nan (201711),indec_Regulados_indice,127.1472,indice,indec,2026-08-05T21:48:05.576542+00:00
AR,2017-11-01,nan (201711),indec_Regulados_variacion_mensual,1.5,%,indec,2026-08-05T21:48:05.576542+00:00
AR,2017-11-01,nan (201711),indec_B_indice,118.602,indice,indec,2026-08-05T21:48:05.576542+00:00
AR,2017-11-01,nan (201711),indec_B_variacion_mensual,1.5,%,indec,2026-08-05T21:48:05.576542+00:00
AR,2017-11-01,nan (201711),indec_S_indice,125.9672,indice,indec,2026-08-05T21:48:05.576542+00:00
AR,2017-11-01,nan (201711),indec_S_variacion_mensual,1.1,%,indec,2026-08-05T21:48:05.576542+00:00
AR,2017-12-01,NIVEL GENERAL (201712),indec_0_indice,124.7956,indice,indec,2026-08-05T21:48:05.576542+00:00
AR,2017-12-01,NIVEL GENERAL (201712),indec_0_variacion_mensual,3.1,%,indec,2026-08-05T21:48:05.576542+00:00
AR,2017-12-01,NIVEL GENERAL (201712),indec_0_variacion_interanual,24.8,%,indec,2026-08-05T21:48:05.576542+00:00
AR,2017-12-01,Alimentos y bebidas no alcohólicas (201712),indec_01_indice,120.36,indice,indec,2026-08-05T21:48:05.576542+00:00
AR,2017-12-01,Alimentos y bebidas no alcohólicas (201712),indec_01_variacion_mensual,0.7,%,indec,2026-08-05T21:48:05.576542+00:00
AR,2017-12-01,Alimentos y bebidas no alcohólicas (201712),indec_01_variacion_interanual,20.4,%,indec,2026-08-05T21:48:05.576542+00:00
AR,2017-12-01,Bebidas alcohólicas y tabaco (201712),indec_02_indice,123.7178,indice,indec,2026-08-05T21:48:05.576542+00:00
AR,2017-12-01,Bebidas alcohólicas y tabaco (201712),indec_02_variacion_mensual,0.5,%,indec,2026-08-05T21:48:05.576542+00:00
AR,2017-12-01,Bebidas alcohólicas y tabaco (201712),indec_02_variacion_interanual,23.7,%,indec,2026-08-05T21:48:05.576542+00:00
AR,2017-12-01,Prendas de vestir y calzado (201712),indec_03_indice,116.6315,indice,indec,2026-08-05T21:48:05.576542+00:00
AR,2017-12-01,Prendas de vestir y calzado (201712),indec_03_variacion_mensual,0.8,%,indec,2026-08-05T21:48:05.576542+00:00
AR,2017-12-01,Prendas de vestir y calzado (201712),indec_03_variacion_interanual,16.6,%,indec,2026-08-05T21:48:05.576542+00:00
AR,2017-12-01,"Vivienda, agua, electricidad, gas y otros combustibles (201712)",indec_04_indice,155.5929,indice,indec,2026-08-05T21:48:05.576542+00:00
AR,2017-12-01,"Vivienda, agua, electricidad, gas y otros combustibles (201712)",indec_04_variacion_mensual,17.8,%,indec,2026-08-05T21:48:05.576542+00:00
AR,2017-12-01,"Vivienda, agua, electricidad, gas y otros combustibles (201712)",indec_04_variacion_interanual,55.6,%,indec,2026-08-05T21:48:05.576542+00:00
AR,2017-12-01,Equipamiento y mantenimiento del hogar (201712),indec_05_indice,117.436,indice,indec,2026-08-05T21:48:05.576542+00:00
AR,2017-12-01,Equipamiento y mantenimiento del hogar (201712),indec_05_variacion_mensual,2.9,%,indec,2026-08-05T21:48:05.576542+00:00
AR,2017-12-01,Equipamiento y mantenimiento del hogar (201712),indec_05_variacion_interanual,17.4,%,indec,2026-08-05T21:48:05.576542+00:00
AR,2017-12-01,Salud (201712),indec_06_indice,127.7938,indice,indec,2026-08-05T21:48:05.576542+00:00
AR,2017-12-01,Salud (201712),indec_06_variacion_mensual,2.4,%,indec,2026-08-05T21:48:05.576542+00:00
AR,2017-12-01,Salud (201712),indec_06_variacion_interanual,27.8,%,indec,2026-08-05T21:48:05.576542+00:00
AR,2017-12-01,Transporte (201712),indec_07_indice,120.6253,indice,indec,2026-08-05T21:48:05.576542+00:00
AR,2017-12-01,Transporte (201712),indec_07_variacion_mensual,3.2,%,indec,2026-08-05T21:48:05.576542+00:00
AR,2017-12-01,Transporte (201712),indec_07_variacion_interanual,20.6,%,indec,2026-08-05T21:48:05.576542+00:00
AR,2017-12-01,Comunicación (201712),indec_08_indice,134.1367,indice,indec,2026-08-05T21:48:05.576542+00:00
AR,2017-12-01,Comunicación (201712),indec_08_variacion_mensual,1.7,%,indec,2026-08-05T21:48:05.576542+00:00
AR,2017-12-01,Comunicación (201712),indec_08_variacion_interanual,34.1,%,indec,2026-08-05T21:48:05.576542+00:00
AR,2017-12-01,Recreación y cultura (201712),indec_09_indice,122.7547,indice,indec,2026-08-05T21:48:05.576542+00:00
AR,2017-12-01,Recreación y cultura (201712),indec_09_variacion_mensual,0.7,%,indec,2026-08-05T21:48:05.576542+00:00
AR,2017-12-01,Recreación y cultura (201712),indec_09_variacion_interanual,22.8,%,indec,2026-08-05T21:48:05.576542+00:00
AR,2017-12-01,Educación (201712),indec_10_indice,131.4716,indice,indec,2026-08-05T21:48:05.576542+00:00
AR,2017-12-01,Educación (201712),indec_10_variacion_mensual,0.0,%,indec,2026-08-05T21:48:05.576542+00:00
AR,2017-12-01,Educación (201712),indec_10_variacion_interanual,31.5,%,indec,2026-08-05T21:48:05.576542+00:00
AR,2017-12-01,Restaurantes y hoteles (201712),indec_11_indice,122.136,indice,indec,2026-08-05T21:48:05.576542+00:00
AR,2017-12-01,Restaurantes y hoteles (201712),indec_11_variacion_mensual,1.8,%,indec,2026-08-05T21:48:05.576542+00:00
AR,2017-12-01,Restaurantes y hoteles (201712),indec_11_variacion_interanual,22.1,%,indec,2026-08-05T21:48:05.576542+00:00
AR,2017-12-01,Bienes y servicios varios (201712),indec_12_indice,119.8176,indice,indec,2026-08-05T21:48:05.576542+00:00
AR,2017-12-01,Bienes y servicios varios (201712),indec_12_variacion_mensual,1.1,%,indec,2026-08-05T21:48:05.576542+00:00
AR,2017-12-01,Bienes y servicios varios (201712),indec_12_variacion_interanual,19.8,%,indec,2026-08-05T21:48:05.576542+00:00
AR,2017-12-01,nan (201712),indec_Estacional_indice,121.4632,indice,indec,2026-08-05T21:48:05.576542+00:00
AR,2017-12-01,nan (201712),indec_Estacional_variacion_mensual,0.3,%,indec,2026-08-05T21:48:05.576542+00:00
AR,2017-12-01,nan (201712),indec_Estacional_variacion_interanual,21.5,%,indec,2026-08-05T21:48:05.576542+00:00
AR,2017-12-01,nan (201712),indec_Núcleo_indice,121.1263,indice,indec,2026-08-05T21:48:05.576542+00:00
AR,2017-12-01,nan (201712),indec_Núcleo_variacion_mensual,1.7,%,indec,2026-08-05T21:48:05.576542+00:00
AR,2017-12-01,nan (201712),indec_Núcleo_variacion_interanual,21.1,%,indec,2026-08-05T21:48:05.576542+00:00
AR,2017-12-01,nan (201712),indec_Regulados_indice,138.6978,indice,indec,2026-08-05T21:48:05.576542+00:00
AR,2017-12-01,nan (201712),indec_Regulados_variacion_mensual,9.1,%,indec,2026-08-05T21:48:05.576542+00:00
AR,2017-12-01,nan (201712),indec_Regulados_variacion_interanual,38.7,%,indec,2026-08-05T21:48:05.576542+00:00
AR,2017-12-01,nan (201712),indec_B_indice,120.0841,indice,indec,2026-08-05T21:48:05.576542+00:00
AR,2017-12-01,nan (201712),indec_B_variacion_mensual,1.2,%,indec,2026-08-05T21:48:05.576542+00:00
AR,2017-12-01,nan (201712),indec_B_variacion_interanual,20.1,%,indec,2026-08-05T21:48:05.576542+00:00
AR,2017-12-01,nan (201712),indec_S_indice,134.189,indice,indec,2026-08-05T21:48:05.576542+00:00
AR,2017-12-01,nan (201712),indec_S_variacion_mensual,6.5,%,indec,2026-08-05T21:48:05.576542+00:00
AR,2017-12-01,nan (201712),indec_S_variacion_interanual,34.2,%,indec,2026-08-05T21:48:05.576542+00:00
AR,2018-01-01,NIVEL GENERAL (201801),indec_0_indice,126.9887,indice,indec,2026-08-05T21:48:05.576542+00:00
AR,2018-01-01,NIVEL GENERAL (201801),indec_0_variacion_mensual,1.8,%,indec,2026-08-05T21:48:05.576542+00:00
AR,2018-01-01,NIVEL GENERAL (201801),indec_0_variacion_interanual,25.0,%,indec,2026-08-05T21:48:05.576542+00:00
AR,2018-01-01,Alimentos y bebidas no alcohólicas (201801),indec_01_indice,122.8752,indice,indec,2026-08-05T21:48:05.576542+00:00
AR,2018-01-01,Alimentos y bebidas no alcohólicas (201801),indec_01_variacion_mensual,2.1,%,indec,2026-08-05T21:48:05.576542+00:00
AR,2018-01-01,Alimentos y bebidas no alcohólicas (201801),indec_01_variacion_interanual,21.3,%,indec,2026-08-05T21:48:05.576542+00:00
AR,2018-01-01,Bebidas alcohólicas y tabaco (201801),indec_02_indice,126.558,indice,indec,2026-08-05T21:48:05.576542+00:00
AR,2018-01-01,Bebidas alcohólicas y tabaco (201801),indec_02_variacion_mensual,2.3,%,indec,2026-08-05T21:48:05.576542+00:00
AR,2018-01-01,Bebidas alcohólicas y tabaco (201801),indec_02_variacion_interanual,25.4,%,indec,2026-08-05T21:48:05.576542+00:00
AR,2018-01-01,Prendas de vestir y calzado (201801),indec_03_indice,115.7454,indice,indec,2026-08-05T21:48:05.576542+00:00
AR,2018-01-01,Prendas de vestir y calzado (201801),indec_03_variacion_mensual,-0.8,%,indec,2026-08-05T21:48:05.576542+00:00
AR,2018-01-01,Prendas de vestir y calzado (201801),indec_03_variacion_interanual,16.9,%,indec,2026-08-05T21:48:05.576542+00:00
AR,2018-01-01,"Vivienda, agua, electricidad, gas y otros combustibles (201801)",indec_04_indice,157.216,indice,indec,2026-08-05T21:48:05.576542+00:00
AR,2018-01-01,"Vivienda, agua, electricidad, gas y otros combustibles (201801)",indec_04_variacion_mensual,1.0,%,indec,2026-08-05T21:48:05.576542+00:00
AR,2018-01-01,"Vivienda, agua, electricidad, gas y otros combustibles (201801)",indec_04_variacion_interanual,54.9,%,indec,2026-08-05T21:48:05.576542+00:00
AR,2018-01-01,Equipamiento y mantenimiento del hogar (201801),indec_05_indice,118.6538,indice,indec,2026-08-05T21:48:05.576542+00:00
AR,2018-01-01,Equipamiento y mantenimiento del hogar (201801),indec_05_variacion_mensual,1.0,%,indec,2026-08-05T21:48:05.576542+00:00
AR,2018-01-01,Equipamiento y mantenimiento del hogar (201801),indec_05_variacion_interanual,17.6,%,indec,2026-08-05T21:48:05.576542+00:00
AR,2018-01-01,Salud (201801),indec_06_indice,130.037,indice,indec,2026-08-05T21:48:05.576542+00:00
AR,2018-01-01,Salud (201801),indec_06_variacion_mensual,1.8,%,indec,2026-08-05T21:48:05.576542+00:00
AR,2018-01-01,Salud (201801),indec_06_variacion_interanual,27.1,%,indec,2026-08-05T21:48:05.576542+00:00
AR,2018-01-01,Transporte (201801),indec_07_indice,123.2423,indice,indec,2026-08-05T21:48:05.576542+00:00
AR,2018-01-01,Transporte (201801),indec_07_variacion_mensual,2.2,%,indec,2026-08-05T21:48:05.576542+00:00
AR,2018-01-01,Transporte (201801),indec_07_variacion_interanual,20.7,%,indec,2026-08-05T21:48:05.576542+00:00
AR,2018-01-01,Comunicación (201801),indec_08_indice,136.6524,indice,indec,2026-08-05T21:48:05.576542+00:00
AR,2018-01-01,Comunicación (201801),indec_08_variacion_mensual,1.9,%,indec,2026-08-05T21:48:05.576542+00:00
AR,2018-01-01,Comunicación (201801),indec_08_variacion_interanual,32.6,%,indec,2026-08-05T21:48:05.576542+00:00
AR,2018-01-01,Recreación y cultura (201801),indec_09_indice,127.0012,indice,indec,2026-08-05T21:48:05.576542+00:00
AR,2018-01-01,Recreación y cultura (201801),indec_09_variacion_mensual,3.5,%,indec,2026-08-05T21:48:05.576542+00:00
AR,2018-01-01,Recreación y cultura (201801),indec_09_variacion_interanual,23.1,%,indec,2026-08-05T21:48:05.576542+00:00
AR,2018-01-01,Educación (201801),indec_10_indice,132.3079,indice,indec,2026-08-05T21:48:05.576542+00:00
AR,2018-01-01,Educación (201801),indec_10_variacion_mensual,0.6,%,indec,2026-08-05T21:48:05.576542+00:00
AR,2018-01-01,Educación (201801),indec_10_variacion_interanual,31.3,%,indec,2026-08-05T21:48:05.576542+00:00
AR,2018-01-01,Restaurantes y hoteles (201801),indec_11_indice,125.7038,indice,indec,2026-08-05T21:48:05.576542+00:00
AR,2018-01-01,Restaurantes y hoteles (201801),indec_11_variacion_mensual,2.9,%,indec,2026-08-05T21:48:05.576542+00:00
AR,2018-01-01,Restaurantes y hoteles (201801),indec_11_variacion_interanual,21.9,%,indec,2026-08-05T21:48:05.576542+00:00
AR,2018-01-01,Bienes y servicios varios (201801),indec_12_indice,122.7189,indice,indec,2026-08-05T21:48:05.576542+00:00
AR,2018-01-01,Bienes y servicios varios (201801),indec_12_variacion_mensual,2.4,%,indec,2026-08-05T21:48:05.576542+00:00
AR,2018-01-01,Bienes y servicios varios (201801),indec_12_variacion_interanual,20.4,%,indec,2026-08-05T21:48:05.576542+00:00
AR,2018-01-01,nan (201801),indec_Estacional_indice,124.7001,indice,indec,2026-08-05T21:48:05.576542+00:00
AR,2018-01-01,nan (201801),indec_Estacional_variacion_mensual,2.7,%,indec,2026-08-05T21:48:05.576542+00:00
AR,2018-01-01,nan (201801),indec_Estacional_variacion_interanual,22.6,%,indec,2026-08-05T21:48:05.576542+00:00
AR,2018-01-01,nan (201801),indec_Núcleo_indice,122.9418,indice,indec,2026-08-05T21:48:05.576542+00:00
AR,2018-01-01,nan (201801),indec_Núcleo_variacion_mensual,1.5,%,indec,2026-08-05T21:48:05.576542+00:00
AR,2018-01-01,nan (201801),indec_Núcleo_variacion_interanual,21.1,%,indec,2026-08-05T21:48:05.576542+00:00
AR,2018-01-01,nan (201801),indec_Regulados_indice,141.6541,indice,indec,2026-08-05T21:48:05.576542+00:00
AR,2018-01-01,nan (201801),indec_Regulados_variacion_mensual,2.1,%,indec,2026-08-05T21:48:05.576542+00:00
AR,2018-01-01,nan (201801),indec_Regulados_variacion_interanual,39.1,%,indec,2026-08-05T21:48:05.576542+00:00
AR,2018-01-01,nan (201801),indec_B_indice,122.0571,indice,indec,2026-08-05T21:48:05.576542+00:00
AR,2018-01-01,nan (201801),indec_B_variacion_mensual,1.6,%,indec,2026-08-05T21:48:05.576542+00:00
AR,2018-01-01,nan (201801),indec_B_variacion_interanual,20.6,%,indec,2026-08-05T21:48:05.576542+00:00
AR,2018-01-01,nan (201801),indec_S_indice,137.0514,indice,indec,2026-08-05T21:48:05.576542+00:00
AR,2018-01-01,nan (201801),indec_S_variacion_mensual,2.1,%,indec,2026-08-05T21:48:05.576542+00:00
AR,2018-01-01,nan (201801),indec_S_variacion_interanual,33.8,%,indec,2026-08-05T21:48:05.576542+00:00
AR,2018-02-01,NIVEL GENERAL (201802),indec_0_indice,130.0606,indice,indec,2026-08-05T21:48:05.576542+00:00
AR,2018-02-01,NIVEL GENERAL (201802),indec_0_variacion_mensual,2.4,%,indec,2026-08-05T21:48:05.576542+00:00
AR,2018-02-01,NIVEL GENERAL (201802),indec_0_variacion_interanual,25.4,%,indec,2026-08-05T21:48:05.576542+00:00
AR,2018-02-01,Alimentos y bebidas no alcohólicas (201802),indec_01_indice,125.5566,indice,indec,2026-08-05T21:48:05.576542+00:00
AR,2018-02-01,Alimentos y bebidas no alcohólicas (201802),indec_01_variacion_mensual,2.2,%,indec,2026-08-05T21:48:05.576542+00:00
AR,2018-02-01,Alimentos y bebidas no alcohólicas (201802),indec_01_variacion_interanual,21.7,%,indec,2026-08-05T21:48:05.576542+00:00
AR,2018-02-01,Bebidas alcohólicas y tabaco (201802),indec_02_indice,128.7394,indice,indec,2026-08-05T21:48:05.576542+00:00
AR,2018-02-01,Bebidas alcohólicas y tabaco (201802),indec_02_variacion_mensual,1.7,%,indec,2026-08-05T21:48:05.576542+00:00
AR,2018-02-01,Bebidas alcohólicas y tabaco (201802),indec_02_variacion_interanual,22.3,%,indec,2026-08-05T21:48:05.576542+00:00
AR,2018-02-01,Prendas de vestir y calzado (201802),indec_03_indice,115.036,indice,indec,2026-08-05T21:48:05.576542+00:00
AR,2018-02-01,Prendas de vestir y calzado (201802),indec_03_variacion_mensual,-0.6,%,indec,2026-08-05T21:48:05.576542+00:00
AR,2018-02-01,Prendas de vestir y calzado (201802),indec_03_variacion_interanual,16.4,%,indec,2026-08-05T21:48:05.576542+00:00
AR,2018-02-01,"Vivienda, agua, electricidad, gas y otros combustibles (201802)",indec_04_indice,163.1754,indice,indec,2026-08-05T21:48:05.576542+00:00
AR,2018-02-01,"Vivienda, agua, electricidad, gas y otros combustibles (201802)",indec_04_variacion_mensual,3.8,%,indec,2026-08-05T21:48:05.576542+00:00
AR,2018-02-01,"Vivienda, agua, electricidad, gas y otros combustibles (201802)",indec_04_variacion_interanual,52.5,%,indec,2026-08-05T21:48:05.576542+00:00
AR,2018-02-01,Equipamiento y mantenimiento del hogar (201802),indec_05_indice,120.7253,indice,indec,2026-08-05T21:48:05.576542+00:00
AR,2018-02-01,Equipamiento y mantenimiento del hogar (201802),indec_05_variacion_mensual,1.7,%,indec,2026-08-05T21:48:05.576542+00:00
AR,2018-02-01,Equipamiento y mantenimiento del hogar (201802),indec_05_variacion_interanual,19.1,%,indec,2026-08-05T21:48:05.576542+00:00
AR,2018-02-01,Salud (201802),indec_06_indice,133.0853,indice,indec,2026-08-05T21:48:05.576542+00:00
AR,2018-02-01,Salud (201802),indec_06_variacion_mensual,2.3,%,indec,2026-08-05T21:48:05.576542+00:00
AR,2018-02-01,Salud (201802),indec_06_variacion_interanual,26.6,%,indec,2026-08-05T21:48:05.576542+00:00
AR,2018-02-01,Transporte (201802),indec_07_indice,128.7666,indice,indec,2026-08-05T21:48:05.576542+00:00
AR,2018-02-01,Transporte (201802),indec_07_variacion_mensual,4.5,%,indec,2026-08-05T21:48:05.576542+00:00
AR,2018-02-01,Transporte (201802),indec_07_variacion_interanual,23.8,%,indec,2026-08-05T21:48:05.576542+00:00
AR,2018-02-01,Comunicación (201802),indec_08_indice,149.113,indice,indec,2026-08-05T21:48:05.576542+00:00
AR,2018-02-01,Comunicación (201802),indec_08_variacion_mensual,9.1,%,indec,2026-08-05T21:48:05.576542+00:00
AR,2018-02-01,Comunicación (201802),indec_08_variacion_interanual,39.0,%,indec,2026-08-05T21:48:05.576542+00:00
AR,2018-02-01,Recreación y cultura (201802),indec_09_indice,128.2519,indice,indec,2026-08-05T21:48:05.576542+00:00
AR,2018-02-01,Recreación y cultura (201802),indec_09_variacion_mensual,1.0,%,indec,2026-08-05T21:48:05.576542+00:00
AR,2018-02-01,Recreación y cultura (201802),indec_09_variacion_interanual,23.6,%,indec,2026-08-05T21:48:05.576542+00:00
AR,2018-02-01,Educación (201802),indec_10_indice,134.8324,indice,indec,2026-08-05T21:48:05.576542+00:00
AR,2018-02-01,Educación (201802),indec_10_variacion_mensual,1.9,%,indec,2026-08-05T21:48:05.576542+00:00
AR,2018-02-01,Educación (201802),indec_10_variacion_interanual,29.7,%,indec,2026-08-05T21:48:05.576542+00:00
AR,2018-02-01,Restaurantes y hoteles (201802),indec_11_indice,128.3425,indice,indec,2026-08-05T21:48:05.576542+00:00
AR,2018-02-01,Restaurantes y hoteles (201802),indec_11_variacion_mensual,2.1,%,indec,2026-08-05T21:48:05.576542+00:00
AR,2018-02-01,Restaurantes y hoteles (201802),indec_11_variacion_interanual,22.4,%,indec,2026-08-05T21:48:05.576542+00:00
AR,2018-02-01,Bienes y servicios varios (201802),indec_12_indice,124.8704,indice,indec,2026-08-05T21:48:05.576542+00:00
AR,2018-02-01,Bienes y servicios varios (201802),indec_12_variacion_mensual,1.8,%,indec,2026-08-05T21:48:05.576542+00:00
AR,2018-02-01,Bienes y servicios varios (201802),indec_12_variacion_interanual,20.3,%,indec,2026-08-05T21:48:05.576542+00:00
AR,2018-02-01,nan (201802),indec_Estacional_indice,123.8509,indice,indec,2026-08-05T21:48:05.576542+00:00
AR,2018-02-01,nan (201802),indec_Estacional_variacion_mensual,-0.7,%,indec,2026-08-05T21:48:05.576542+00:00
AR,2018-02-01,nan (201802),indec_Estacional_variacion_interanual,21.0,%,indec,2026-08-05T21:48:05.576542+00:00
AR,2018-02-01,nan (201802),indec_Núcleo_indice,125.5123,indice,indec,2026-08-05T21:48:05.576542+00:00
AR,2018-02-01,nan (201802),indec_Núcleo_variacion_mensual,2.1,%,indec,2026-08-05T21:48:05.576542+00:00
AR,2018-02-01,nan (201802),indec_Núcleo_variacion_interanual,21.6,%,indec,2026-08-05T21:48:05.576542+00:00
AR,2018-02-01,nan (201802),indec_Regulados_indice,148.4773,indice,indec,2026-08-05T21:48:05.576542+00:00
AR,2018-02-01,nan (201802),indec_Regulados_variacion_mensual,4.8,%,indec,2026-08-05T21:48:05.576542+00:00
AR,2018-02-01,nan (201802),indec_Regulados_variacion_interanual,40.2,%,indec,2026-08-05T21:48:05.576542+00:00
AR,2018-02-01,nan (201802),indec_B_indice,124.237,indice,indec,2026-08-05T21:48:05.576542+00:00
AR,2018-02-01,nan (201802),indec_B_variacion_mensual,1.8,%,indec,2026-08-05T21:48:05.576542+00:00
AR,2018-02-01,nan (201802),indec_B_variacion_interanual,21.0,%,indec,2026-08-05T21:48:05.576542+00:00
AR,2018-02-01,nan (201802),indec_S_indice,141.8872,indice,indec,2026-08-05T21:48:05.576542+00:00
AR,2018-02-01,nan (201802),indec_S_variacion_mensual,3.5,%,indec,2026-08-05T21:48:05.576542+00:00
AR,2018-02-01,nan (201802),indec_S_variacion_interanual,34.4,%,indec,2026-08-05T21:48:05.576542+00:00
AR,2018-03-01,NIVEL GENERAL (201803),indec_0_indice,133.1054,indice,indec,2026-08-05T21:48:05.576542+00:00
AR,2018-03-01,NIVEL GENERAL (201803),indec_0_variacion_mensual,2.3,%,indec,2026-08-05T21:48:05.576542+00:00
AR,2018-03-01,NIVEL GENERAL (201803),indec_0_variacion_interanual,25.4,%,indec,2026-08-05T21:48:05.576542+00:00
AR,2018-03-01,Alimentos y bebidas no alcohólicas (201803),indec_01_indice,128.469,indice,indec,2026-08-05T21:48:05.576542+00:00
AR,2018-03-01,Alimentos y bebidas no alcohólicas (201803),indec_01_variacion_mensual,2.3,%,indec,2026-08-05T21:48:05.576542+00:00
AR,2018-03-01,Alimentos y bebidas no alcohólicas (201803),indec_01_variacion_interanual,21.2,%,indec,2026-08-05T21:48:05.576542+00:00
AR,2018-03-01,Bebidas alcohólicas y tabaco (201803),indec_02_indice,129.6226,indice,indec,2026-08-05T21:48:05.576542+00:00
AR,2018-03-01,Bebidas alcohólicas y tabaco (201803),indec_02_variacion_mensual,0.7,%,indec,2026-08-05T21:48:05.576542+00:00
AR,2018-03-01,Bebidas alcohólicas y tabaco (201803),indec_02_variacion_interanual,20.8,%,indec,2026-08-05T21:48:05.576542+00:00
AR,2018-03-01,Prendas de vestir y calzado (201803),indec_03_indice,120.0687,indice,indec,2026-08-05T21:48:05.576542+00:00
AR,2018-03-01,Prendas de vestir y calzado (201803),indec_03_variacion_mensual,4.4,%,indec,2026-08-05T21:48:05.576542+00:00
AR,2018-03-01,Prendas de vestir y calzado (201803),indec_03_variacion_interanual,17.4,%,indec,2026-08-05T21:48:05.576542+00:00
AR,2018-03-01,"Vivienda, agua, electricidad, gas y otros combustibles (201803)",indec_04_indice,164.1018,indice,indec,2026-08-05T21:48:05.576542+00:00
AR,2018-03-01,"Vivienda, agua, electricidad, gas y otros combustibles (201803)",indec_04_variacion_mensual,0.6,%,indec,2026-08-05T21:48:05.576542+00:00
AR,2018-03-01,"Vivienda, agua, electricidad, gas y otros combustibles (201803)",indec_04_variacion_interanual,48.0,%,indec,2026-08-05T21:48:05.576542+00:00
AR,2018-03-01,Equipamiento y mantenimiento del hogar (201803),indec_05_indice,126.1821,indice,indec,2026-08-05T21:48:05.576542+00:00
AR,2018-03-01,Equipamiento y mantenimiento del hogar (201803),indec_05_variacion_mensual,4.5,%,indec,2026-08-05T21:48:05.576542+00:00
AR,2018-03-01,Equipamiento y mantenimiento del hogar (201803),indec_05_variacion_interanual,23.5,%,indec,2026-08-05T21:48:05.576542+00:00
AR,2018-03-01,Salud (201803),indec_06_indice,134.821,indice,indec,2026-08-05T21:48:05.576542+00:00
AR,2018-03-01,Salud (201803),indec_06_variacion_mensual,1.3,%,indec,2026-08-05T21:48:05.576542+00:00
AR,2018-03-01,Salud (201803),indec_06_variacion_interanual,25.8,%,indec,2026-08-05T21:48:05.576542+00:00
AR,2018-03-01,Transporte (201803),indec_07_indice,131.0603,indice,indec,2026-08-05T21:48:05.576542+00:00
AR,2018-03-01,Transporte (201803),indec_07_variacion_mensual,1.8,%,indec,2026-08-05T21:48:05.576542+00:00
AR,2018-03-01,Transporte (201803),indec_07_variacion_interanual,24.6,%,indec,2026-08-05T21:48:05.576542+00:00
AR,2018-03-01,Comunicación (201803),indec_08_indice,153.2069,indice,indec,2026-08-05T21:48:05.576542+00:00
AR,2018-03-01,Comunicación (201803),indec_08_variacion_mensual,2.7,%,indec,2026-08-05T21:48:05.576542+00:00
AR,2018-03-01,Comunicación (201803),indec_08_variacion_interanual,38.4,%,indec,2026-08-05T21:48:05.576542+00:00
AR,2018-03-01,Recreación y cultura (201803),indec_09_indice,129.8108,indice,indec,2026-08-05T21:48:05.576542+00:00
AR,2018-03-01,Recreación y cultura (201803),indec_09_variacion_mensual,1.2,%,indec,2026-08-05T21:48:05.576542+00:00
AR,2018-03-01,Recreación y cultura (201803),indec_09_variacion_interanual,23.0,%,indec,2026-08-05T21:48:05.576542+00:00
AR,2018-03-01,Educación (201803),indec_10_indice,153.4357,indice,indec,2026-08-05T21:48:05.576542+00:00
AR,2018-03-01,Educación (201803),indec_10_variacion_mensual,13.8,%,indec,2026-08-05T21:48:05.576542+00:00
AR,2018-03-01,Educación (201803),indec_10_variacion_interanual,33.0,%,indec,2026-08-05T21:48:05.576542+00:00
AR,2018-03-01,Restaurantes y hoteles (201803),indec_11_indice,130.5949,indice,indec,2026-08-05T21:48:05.576542+00:00
AR,2018-03-01,Restaurantes y hoteles (201803),indec_11_variacion_mensual,1.8,%,indec,2026-08-05T21:48:05.576542+00:00
AR,2018-03-01,Restaurantes y hoteles (201803),indec_11_variacion_interanual,23.3,%,indec,2026-08-05T21:48:05.576542+00:00
AR,2018-03-01,Bienes y servicios varios (201803),indec_12_indice,127.1891,indice,indec,2026-08-05T21:48:05.576542+00:00
AR,2018-03-01,Bienes y servicios varios (201803),indec_12_variacion_mensual,1.9,%,indec,2026-08-05T21:48:05.576542+00:00
AR,2018-03-01,Bienes y servicios varios (201803),indec_12_variacion_interanual,20.4,%,indec,2026-08-05T21:48:05.576542+00:00
AR,2018-03-01,nan (201803),indec_Estacional_indice,125.8663,indice,indec,2026-08-05T21:48:05.576542+00:00
AR,2018-03-01,nan (201803),indec_Estacional_variacion_mensual,1.6,%,indec,2026-08-05T21:48:05.576542+00:00
AR,2018-03-01,nan (201803),indec_Estacional_variacion_interanual,20.1,%,indec,2026-08-05T21:48:05.576542+00:00
AR,2018-03-01,nan (201803),indec_Núcleo_indice,128.746,indice,indec,2026-08-05T21:48:05.576542+00:00
AR,2018-03-01,nan (201803),indec_Núcleo_variacion_mensual,2.6,%,indec,2026-08-05T21:48:05.576542+00:00
AR,2018-03-01,nan (201803),indec_Núcleo_variacion_interanual,22.4,%,indec,2026-08-05T21:48:05.576542+00:00
AR,2018-03-01,nan (201803),indec_Regulados_indice,151.4854,indice,indec,2026-08-05T21:48:05.576542+00:00
AR,2018-03-01,nan (201803),indec_Regulados_variacion_mensual,2.0,%,indec,2026-08-05T21:48:05.576542+00:00
AR,2018-03-01,nan (201803),indec_Regulados_variacion_interanual,37.7,%,indec,2026-08-05T21:48:05.576542+00:00
AR,2018-03-01,nan (201803),indec_B_indice,126.9088,indice,indec,2026-08-05T21:48:05.576542+00:00
AR,2018-03-01,nan (201803),indec_B_variacion_mensual,2.2,%,indec,2026-08-05T21:48:05.576542+00:00
AR,2018-03-01,nan (201803),indec_B_variacion_interanual,20.9,%,indec,2026-08-05T21:48:05.576542+00:00
AR,2018-03-01,nan (201803),indec_S_indice,145.6943,indice,indec,2026-08-05T21:48:05.576542+00:00
AR,2018-03-01,nan (201803),indec_S_variacion_mensual,2.7,%,indec,2026-08-05T21:48:05.576542+00:00
AR,2018-03-01,nan (201803),indec_S_variacion_interanual,34.1,%,indec,2026-08-05T21:48:05.576542+00:00
AR,2018-04-01,NIVEL GENERAL (201804),indec_0_indice,136.7512,indice,indec,2026-08-05T21:48:05.576542+00:00
AR,2018-04-01,NIVEL GENERAL (201804),indec_0_variacion_mensual,2.7,%,indec,2026-08-05T21:48:05.576542+00:00
AR,2018-04-01,NIVEL GENERAL (201804),indec_0_variacion_interanual,25.5,%,indec,2026-08-05T21:48:05.576542+00:00
AR,2018-04-01,Alimentos y bebidas no alcohólicas (201804),indec_01_indice,129.9559,indice,indec,2026-08-05T21:48:05.576542+00:00
AR,2018-04-01,Alimentos y bebidas no alcohólicas (201804),indec_01_variacion_mensual,1.2,%,indec,2026-08-05T21:48:05.576542+00:00
AR,2018-04-01,Alimentos y bebidas no alcohólicas (201804),indec_01_variacion_interanual,19.9,%,indec,2026-08-05T21:48:05.576542+00:00
AR,2018-04-01,Bebidas alcohólicas y tabaco (201804),indec_02_indice,131.2858,indice,indec,2026-08-05T21:48:05.576542+00:00
AR,2018-04-01,Bebidas alcohólicas y tabaco (201804),indec_02_variacion_mensual,1.3,%,indec,2026-08-05T21:48:05.576542+00:00
AR,2018-04-01,Bebidas alcohólicas y tabaco (201804),indec_02_variacion_interanual,19.5,%,indec,2026-08-05T21:48:05.576542+00:00
AR,2018-04-01,Prendas de vestir y calzado (201804),indec_03_indice,124.9254,indice,indec,2026-08-05T21:48:05.576542+00:00
AR,2018-04-01,Prendas de vestir y calzado (201804),indec_03_variacion_mensual,4.0,%,indec,2026-08-05T21:48:05.576542+00:00
AR,2018-04-01,Prendas de vestir y calzado (201804),indec_03_variacion_interanual,16.9,%,indec,2026-08-05T21:48:05.576542+00:00
AR,2018-04-01,"Vivienda, agua, electricidad, gas y otros combustibles (201804)",indec_04_indice,177.2462,indice,indec,2026-08-05T21:48:05.576542+00:00
AR,2018-04-01,"Vivienda, agua, electricidad, gas y otros combustibles (201804)",indec_04_variacion_mensual,8.0,%,indec,2026-08-05T21:48:05.576542+00:00
AR,2018-04-01,"Vivienda, agua, electricidad, gas y otros combustibles (201804)",indec_04_variacion_interanual,51.0,%,indec,2026-08-05T21:48:05.576542+00:00
AR,2018-04-01,Equipamiento y mantenimiento del hogar (201804),indec_05_indice,127.7561,indice,indec,2026-08-05T21:48:05.576542+00:00
AR,2018-04-01,Equipamiento y mantenimiento del hogar (201804),indec_05_variacion_mensual,1.2,%,indec,2026-08-05T21:48:05.576542+00:00
AR,2018-04-01,Equipamiento y mantenimiento del hogar (201804),indec_05_variacion_interanual,23.7,%,indec,2026-08-05T21:48:05.576542+00:00
AR,2018-04-01,Salud (201804),indec_06_indice,137.2231,indice,indec,2026-08-05T21:48:05.576542+00:00
AR,2018-04-01,Salud (201804),indec_06_variacion_mensual,1.8,%,indec,2026-08-05T21:48:05.576542+00:00
AR,2018-04-01,Salud (201804),indec_06_variacion_interanual,25.8,%,indec,2026-08-05T21:48:05.576542+00:00
AR,2018-04-01,Transporte (201804),indec_07_indice,136.3269,indice,indec,2026-08-05T21:48:05.576542+00:00
AR,2018-04-01,Transporte (201804),indec_07_variacion_mensual,4.0,%,indec,2026-08-05T21:48:05.576542+00:00
AR,2018-04-01,Transporte (201804),indec_07_variacion_interanual,28.8,%,indec,2026-08-05T21:48:05.576542+00:00
AR,2018-04-01,Comunicación (201804),indec_08_indice,154.7928,indice,indec,2026-08-05T21:48:05.576542+00:00
AR,2018-04-01,Comunicación (201804),indec_08_variacion_mensual,1.0,%,indec,2026-08-05T21:48:05.576542+00:00
AR,2018-04-01,Comunicación (201804),indec_08_variacion_interanual,30.9,%,indec,2026-08-05T21:48:05.576542+00:00
AR,2018-04-01,Recreación y cultura (201804),indec_09_indice,132.3056,indice,indec,2026-08-05T21:48:05.576542+00:00
AR,2018-04-01,Recreación y cultura (201804),indec_09_variacion_mensual,1.9,%,indec,2026-08-05T21:48:05.576542+00:00
AR,2018-04-01,Recreación y cultura (201804),indec_09_variacion_interanual,22.2,%,indec,2026-08-05T21:48:05.576542+00:00
AR,2018-04-01,Educación (201804),indec_10_indice,154.6926,indice,indec,2026-08-05T21:48:05.576542+00:00
AR,2018-04-01,Educación (201804),indec_10_variacion_mensual,0.8,%,indec,2026-08-05T21:48:05.576542+00:00
AR,2018-04-01,Educación (201804),indec_10_variacion_interanual,30.3,%,indec,2026-08-05T21:48:05.576542+00:00
AR,2018-04-01,Restaurantes y hoteles (201804),indec_11_indice,133.5827,indice,indec,2026-08-05T21:48:05.576542+00:00
AR,2018-04-01,Restaurantes y hoteles (201804),indec_11_variacion_mensual,2.3,%,indec,2026-08-05T21:48:05.576542+00:00
AR,2018-04-01,Restaurantes y hoteles (201804),indec_11_variacion_interanual,23.7,%,indec,2026-08-05T21:48:05.576542+00:00
AR,2018-04-01,Bienes y servicios varios (201804),indec_12_indice,129.3332,indice,indec,2026-08-05T21:48:05.576542+00:00
AR,2018-04-01,Bienes y servicios varios (201804),indec_12_variacion_mensual,1.7,%,indec,2026-08-05T21:48:05.576542+00:00
AR,2018-04-01,Bienes y servicios varios (201804),indec_12_variacion_interanual,20.3,%,indec,2026-08-05T21:48:05.576542+00:00
AR,2018-04-01,nan (201804),indec_Estacional_indice,126.9623,indice,indec,2026-08-05T21:48:05.576542+00:00
AR,2018-04-01,nan (201804),indec_Estacional_variacion_mensual,0.9,%,indec,2026-08-05T21:48:05.576542+00:00
AR,2018-04-01,nan (201804),indec_Estacional_variacion_interanual,17.4,%,indec,2026-08-05T21:48:05.576542+00:00
AR,2018-04-01,nan (201804),indec_Núcleo_indice,131.4884,indice,indec,2026-08-05T21:48:05.576542+00:00
AR,2018-04-01,nan (201804),indec_Núcleo_variacion_mensual,2.1,%,indec,2026-08-05T21:48:05.576542+00:00
AR,2018-04-01,nan (201804),indec_Núcleo_variacion_interanual,22.4,%,indec,2026-08-05T21:48:05.576542+00:00
AR,2018-04-01,nan (201804),indec_Regulados_indice,159.451,indice,indec,2026-08-05T21:48:05.576542+00:00
AR,2018-04-01,nan (201804),indec_Regulados_variacion_mensual,5.3,%,indec,2026-08-05T21:48:05.576542+00:00
AR,2018-04-01,nan (201804),indec_Regulados_variacion_interanual,39.3,%,indec,2026-08-05T21:48:05.576542+00:00
AR,2018-04-01,nan (201804),indec_B_indice,129.6896,indice,indec,2026-08-05T21:48:05.576542+00:00
AR,2018-04-01,nan (201804),indec_B_variacion_mensual,2.2,%,indec,2026-08-05T21:48:05.576542+00:00
AR,2018-04-01,nan (201804),indec_B_variacion_interanual,20.7,%,indec,2026-08-05T21:48:05.576542+00:00
AR,2018-04-01,nan (201804),indec_S_indice,151.1036,indice,indec,2026-08-05T21:48:05.576542+00:00
AR,2018-04-01,nan (201804),indec_S_variacion_mensual,3.7,%,indec,2026-08-05T21:48:05.576542+00:00
AR,2018-04-01,nan (201804),indec_S_variacion_interanual,34.8,%,indec,2026-08-05T21:48:05.576542+00:00
AR,2018-05-01,NIVEL GENERAL (201805),indec_0_indice,139.5893,indice,indec,2026-08-05T21:48:05.576542+00:00
AR,2018-05-01,NIVEL GENERAL (201805),indec_0_variacion_mensual,2.1,%,indec,2026-08-05T21:48:05.576542+00:00
AR,2018-05-01,NIVEL GENERAL (201805),indec_0_variacion_interanual,26.3,%,indec,2026-08-05T21:48:05.576542+00:00
AR,2018-05-01,Alimentos y bebidas no alcohólicas (201805),indec_01_indice,134.2019,indice,indec,2026-08-05T21:48:05.576542+00:00
AR,2018-05-01,Alimentos y bebidas no alcohólicas (201805),indec_01_variacion_mensual,3.3,%,indec,2026-08-05T21:48:05.576542+00:00
AR,2018-05-01,Alimentos y bebidas no alcohólicas (201805),indec_01_variacion_interanual,22.3,%,indec,2026-08-05T21:48:05.576542+00:00
AR,2018-05-01,Bebidas alcohólicas y tabaco (201805),indec_02_indice,133.4078,indice,indec,2026-08-05T21:48:05.576542+00:00
AR,2018-05-01,Bebidas alcohólicas y tabaco (201805),indec_02_variacion_mensual,1.6,%,indec,2026-08-05T21:48:05.576542+00:00
AR,2018-05-01,Bebidas alcohólicas y tabaco (201805),indec_02_variacion_interanual,19.4,%,indec,2026-08-05T21:48:05.576542+00:00
AR,2018-05-01,Prendas de vestir y calzado (201805),indec_03_indice,127.3628,indice,indec,2026-08-05T21:48:05.576542+00:00
AR,2018-05-01,Prendas de vestir y calzado (201805),indec_03_variacion_mensual,2.0,%,indec,2026-08-05T21:48:05.576542+00:00
AR,2018-05-01,Prendas de vestir y calzado (201805),indec_03_variacion_interanual,17.1,%,indec,2026-08-05T21:48:05.576542+00:00
AR,2018-05-01,"Vivienda, agua, electricidad, gas y otros combustibles (201805)",indec_04_indice,175.9498,indice,indec,2026-08-05T21:48:05.576542+00:00
AR,2018-05-01,"Vivienda, agua, electricidad, gas y otros combustibles (201805)",indec_04_variacion_mensual,-0.7,%,indec,2026-08-05T21:48:05.576542+00:00
AR,2018-05-01,"Vivienda, agua, electricidad, gas y otros combustibles (201805)",indec_04_variacion_interanual,47.2,%,indec,2026-08-05T21:48:05.576542+00:00
AR,2018-05-01,Equipamiento y mantenimiento del hogar (201805),indec_05_indice,130.576,indice,indec,2026-08-05T21:48:05.576542+00:00
AR,2018-05-01,Equipamiento y mantenimiento del hogar (201805),indec_05_variacion_mensual,2.2,%,indec,2026-08-05T21:48:05.576542+00:00
AR,2018-05-01,Equipamiento y mantenimiento del hogar (201805),indec_05_variacion_interanual,23.0,%,indec,2026-08-05T21:48:05.576542+00:00
AR,2018-05-01,Salud (201805),indec_06_indice,140.2549,indice,indec,2026-08-05T21:48:05.576542+00:00
AR,2018-05-01,Salud (201805),indec_06_variacion_mensual,2.2,%,indec,2026-08-05T21:48:05.576542+00:00
AR,2018-05-01,Salud (201805),indec_06_variacion_interanual,26.7,%,indec,2026-08-05T21:48:05.576542+00:00
AR,2018-05-01,Transporte (201805),indec_07_indice,138.9243,indice,indec,2026-08-05T21:48:05.576542+00:00
AR,2018-05-01,Transporte (201805),indec_07_variacion_mensual,1.9,%,indec,2026-08-05T21:48:05.576542+00:00
AR,2018-05-01,Transporte (201805),indec_07_variacion_interanual,30.0,%,indec,2026-08-05T21:48:05.576542+00:00
AR,2018-05-01,Comunicación (201805),indec_08_indice,160.8721,indice,indec,2026-08-05T21:48:05.576542+00:00
AR,2018-05-01,Comunicación (201805),indec_08_variacion_mensual,3.9,%,indec,2026-08-05T21:48:05.576542+00:00
AR,2018-05-01,Comunicación (201805),indec_08_variacion_interanual,35.6,%,indec,2026-08-05T21:48:05.576542+00:00
AR,2018-05-01,Recreación y cultura (201805),indec_09_indice,135.6359,indice,indec,2026-08-05T21:48:05.576542+00:00
AR,2018-05-01,Recreación y cultura (201805),indec_09_variacion_mensual,2.5,%,indec,2026-08-05T21:48:05.576542+00:00
AR,2018-05-01,Recreación y cultura (201805),indec_09_variacion_interanual,24.3,%,indec,2026-08-05T21:48:05.576542+00:00
AR,2018-05-01,Educación (201805),indec_10_indice,156.0746,indice,indec,2026-08-05T21:48:05.576542+00:00
AR,2018-05-01,Educación (201805),indec_10_variacion_mensual,0.9,%,indec,2026-08-05T21:48:05.576542+00:00
AR,2018-05-01,Educación (201805),indec_10_variacion_interanual,29.3,%,indec,2026-08-05T21:48:05.576542+00:00
AR,2018-05-01,Restaurantes y hoteles (201805),indec_11_indice,136.7886,indice,indec,2026-08-05T21:48:05.576542+00:00
AR,2018-05-01,Restaurantes y hoteles (201805),indec_11_variacion_mensual,2.4,%,indec,2026-08-05T21:48:05.576542+00:00
AR,2018-05-01,Restaurantes y hoteles (201805),indec_11_variacion_interanual,24.9,%,indec,2026-08-05T21:48:05.576542+00:00
AR,2018-05-01,Bienes y servicios varios (201805),indec_12_indice,131.8763,indice,indec,2026-08-05T21:48:05.576542+00:00
AR,2018-05-01,Bienes y servicios varios (201805),indec_12_variacion_mensual,2.0,%,indec,2026-08-05T21:48:05.576542+00:00
AR,2018-05-01,Bienes y servicios varios (201805),indec_12_variacion_interanual,21.1,%,indec,2026-08-05T21:48:05.576542+00:00
AR,2018-05-01,nan (201805),indec_Estacional_indice,130.1734,indice,indec,2026-08-05T21:48:05.576542+00:00
AR,2018-05-01,nan (201805),indec_Estacional_variacion_mensual,2.5,%,indec,2026-08-05T21:48:05.576542+00:00
AR,2018-05-01,nan (201805),indec_Estacional_variacion_interanual,19.4,%,indec,2026-08-05T21:48:05.576542+00:00
AR,2018-05-01,nan (201805),indec_Núcleo_indice,134.9794,indice,indec,2026-08-05T21:48:05.576542+00:00
AR,2018-05-01,nan (201805),indec_Núcleo_variacion_mensual,2.7,%,indec,2026-08-05T21:48:05.576542+00:00
AR,2018-05-01,nan (201805),indec_Núcleo_variacion_interanual,23.6,%,indec,2026-08-05T21:48:05.576542+00:00
AR,2018-05-01,nan (201805),indec_Regulados_indice,160.024,indice,indec,2026-08-05T21:48:05.576542+00:00
AR,2018-05-01,nan (201805),indec_Regulados_variacion_mensual,0.4,%,indec,2026-08-05T21:48:05.576542+00:00
AR,2018-05-01,nan (201805),indec_Regulados_variacion_interanual,38.4,%,indec,2026-08-05T21:48:05.576542+00:00
AR,2018-05-01,nan (201805),indec_B_indice,133.2216,indice,indec,2026-08-05T21:48:05.576542+00:00
AR,2018-05-01,nan (201805),indec_B_variacion_mensual,2.7,%,indec,2026-08-05T21:48:05.576542+00:00
AR,2018-05-01,nan (201805),indec_B_variacion_interanual,22.2,%,indec,2026-08-05T21:48:05.576542+00:00
AR,2018-05-01,nan (201805),indec_S_indice,152.736,indice,indec,2026-08-05T21:48:05.576542+00:00
AR,2018-05-01,nan (201805),indec_S_variacion_mensual,1.1,%,indec,2026-08-05T21:48:05.576542+00:00
AR,2018-05-01,nan (201805),indec_S_variacion_interanual,34.3,%,indec,2026-08-05T21:48:05.576542+00:00
AR,2018-06-01,NIVEL GENERAL (201806),indec_0_indice,144.8053,indice,indec,2026-08-05T21:48:05.576542+00:00
AR,2018-06-01,NIVEL GENERAL (201806),indec_0_variacion_mensual,3.7,%,indec,2026-08-05T21:48:05.576542+00:00
AR,2018-06-01,NIVEL GENERAL (201806),indec_0_variacion_interanual,29.5,%,indec,2026-08-05T21:48:05.576542+00:00
AR,2018-06-01,Alimentos y bebidas no alcohólicas (201806),indec_01_indice,141.151,indice,indec,2026-08-05T21:48:05.576542+00:00
AR,2018-06-01,Alimentos y bebidas no alcohólicas (201806),indec_01_variacion_mensual,5.2,%,indec,2026-08-05T21:48:05.576542+00:00
AR,2018-06-01,Alimentos y bebidas no alcohólicas (201806),indec_01_variacion_interanual,27.5,%,indec,2026-08-05T21:48:05.576542+00:00
AR,2018-06-01,Bebidas alcohólicas y tabaco (201806),indec_02_indice,134.6168,indice,indec,2026-08-05T21:48:05.576542+00:00
AR,2018-06-01,Bebidas alcohólicas y tabaco (201806),indec_02_variacion_mensual,0.9,%,indec,2026-08-05T21:48:05.576542+00:00
AR,2018-06-01,Bebidas alcohólicas y tabaco (201806),indec_02_variacion_interanual,19.7,%,indec,2026-08-05T21:48:05.576542+00:00
AR,2018-06-01,Prendas de vestir y calzado (201806),indec_03_indice,129.8016,indice,indec,2026-08-05T21:48:05.576542+00:00
AR,2018-06-01,Prendas de vestir y calzado (201806),indec_03_variacion_mensual,1.9,%,indec,2026-08-05T21:48:05.576542+00:00
AR,2018-06-01,Prendas de vestir y calzado (201806),indec_03_variacion_interanual,18.3,%,indec,2026-08-05T21:48:05.576542+00:00
AR,2018-06-01,"Vivienda, agua, electricidad, gas y otros combustibles (201806)",indec_04_indice,180.6206,indice,indec,2026-08-05T21:48:05.576542+00:00
AR,2018-06-01,"Vivienda, agua, electricidad, gas y otros combustibles (201806)",indec_04_variacion_mensual,2.7,%,indec,2026-08-05T21:48:05.576542+00:00
AR,2018-06-01,"Vivienda, agua, electricidad, gas y otros combustibles (201806)",indec_04_variacion_interanual,48.5,%,indec,2026-08-05T21:48:05.576542+00:00
AR,2018-06-01,Equipamiento y mantenimiento del hogar (201806),indec_05_indice,135.829,indice,indec,2026-08-05T21:48:05.576542+00:00
AR,2018-06-01,Equipamiento y mantenimiento del hogar (201806),indec_05_variacion_mensual,4.0,%,indec,2026-08-05T21:48:05.576542+00:00
AR,2018-06-01,Equipamiento y mantenimiento del hogar (201806),indec_05_variacion_interanual,26.4,%,indec,2026-08-05T21:48:05.576542+00:00
AR,2018-06-01,Salud (201806),indec_06_indice,146.2916,indice,indec,2026-08-05T21:48:05.576542+00:00
AR,2018-06-01,Salud (201806),indec_06_variacion_mensual,4.3,%,indec,2026-08-05T21:48:05.576542+00:00
AR,2018-06-01,Salud (201806),indec_06_variacion_interanual,30.2,%,indec,2026-08-05T21:48:05.576542+00:00
AR,2018-06-01,Transporte (201806),indec_07_indice,147.1719,indice,indec,2026-08-05T21:48:05.576542+00:00
AR,2018-06-01,Transporte (201806),indec_07_variacion_mensual,5.9,%,indec,2026-08-05T21:48:05.576542+00:00
AR,2018-06-01,Transporte (201806),indec_07_variacion_interanual,36.8,%,indec,2026-08-05T21:48:05.576542+00:00
AR,2018-06-01,Comunicación (201806),indec_08_indice,161.4822,indice,indec,2026-08-05T21:48:05.576542+00:00
AR,2018-06-01,Comunicación (201806),indec_08_variacion_mensual,0.4,%,indec,2026-08-05T21:48:05.576542+00:00
AR,2018-06-01,Comunicación (201806),indec_08_variacion_interanual,34.5,%,indec,2026-08-05T21:48:05.576542+00:00
AR,2018-06-01,Recreación y cultura (201806),indec_09_indice,140.1805,indice,indec,2026-08-05T21:48:05.576542+00:00
AR,2018-06-01,Recreación y cultura (201806),indec_09_variacion_mensual,3.4,%,indec,2026-08-05T21:48:05.576542+00:00
AR,2018-06-01,Recreación y cultura (201806),indec_09_variacion_interanual,25.6,%,indec,2026-08-05T21:48:05.576542+00:00
AR,2018-06-01,Educación (201806),indec_10_indice,157.9789,indice,indec,2026-08-05T21:48:05.576542+00:00
AR,2018-06-01,Educación (201806),indec_10_variacion_mensual,1.2,%,indec,2026-08-05T21:48:05.576542+00:00
AR,2018-06-01,Educación (201806),indec_10_variacion_interanual,29.6,%,indec,2026-08-05T21:48:05.576542+00:00
AR,2018-06-01,Restaurantes y hoteles (201806),indec_11_indice,140.423,indice,indec,2026-08-05T21:48:05.576542+00:00
AR,2018-06-01,Restaurantes y hoteles (201806),indec_11_variacion_mensual,2.7,%,indec,2026-08-05T21:48:05.576542+00:00
AR,2018-06-01,Restaurantes y hoteles (201806),indec_11_variacion_interanual,26.6,%,indec,2026-08-05T21:48:05.576542+00:00
AR,2018-06-01,Bienes y servicios varios (201806),indec_12_indice,136.0669,indice,indec,2026-08-05T21:48:05.576542+00:00
AR,2018-06-01,Bienes y servicios varios (201806),indec_12_variacion_mensual,3.2,%,indec,2026-08-05T21:48:05.576542+00:00
AR,2018-06-01,Bienes y servicios varios (201806),indec_12_variacion_interanual,23.3,%,indec,2026-08-05T21:48:05.576542+00:00
AR,2018-06-01,nan (201806),indec_Estacional_indice,134.5438,indice,indec,2026-08-05T21:48:05.576542+00:00
AR,2018-06-01,nan (201806),indec_Estacional_variacion_mensual,3.4,%,indec,2026-08-05T21:48:05.576542+00:00
AR,2018-06-01,nan (201806),indec_Estacional_variacion_interanual,22.2,%,indec,2026-08-05T21:48:05.576542+00:00
AR,2018-06-01,nan (201806),indec_Núcleo_indice,140.4784,indice,indec,2026-08-05T21:48:05.576542+00:00
AR,2018-06-01,nan (201806),indec_Núcleo_variacion_mensual,4.1,%,indec,2026-08-05T21:48:05.576542+00:00
AR,2018-06-01,nan (201806),indec_Núcleo_variacion_interanual,26.9,%,indec,2026-08-05T21:48:05.576542+00:00
AR,2018-06-01,nan (201806),indec_Regulados_indice,164.7325,indice,indec,2026-08-05T21:48:05.576542+00:00
AR,2018-06-01,nan (201806),indec_Regulados_variacion_mensual,2.9,%,indec,2026-08-05T21:48:05.576542+00:00
AR,2018-06-01,nan (201806),indec_Regulados_variacion_interanual,41.2,%,indec,2026-08-05T21:48:05.576542+00:00
AR,2018-06-01,nan (201806),indec_B_indice,138.9729,indice,indec,2026-08-05T21:48:05.576542+00:00
AR,2018-06-01,nan (201806),indec_B_variacion_mensual,4.3,%,indec,2026-08-05T21:48:05.576542+00:00
AR,2018-06-01,nan (201806),indec_B_variacion_interanual,26.2,%,indec,2026-08-05T21:48:05.576542+00:00
AR,2018-06-01,nan (201806),indec_S_indice,156.6875,indice,indec,2026-08-05T21:48:05.576542+00:00
AR,2018-06-01,nan (201806),indec_S_variacion_mensual,2.6,%,indec,2026-08-05T21:48:05.576542+00:00
AR,2018-06-01,nan (201806),indec_S_variacion_interanual,35.8,%,indec,2026-08-05T21:48:05.576542+00:00
AR,2018-07-01,NIVEL GENERAL (201807),indec_0_indice,149.2966,indice,indec,2026-08-05T21:48:05.576542+00:00
AR,2018-07-01,NIVEL GENERAL (201807),indec_0_variacion_mensual,3.1,%,indec,2026-08-05T21:48:05.576542+00:00
AR,2018-07-01,NIVEL GENERAL (201807),indec_0_variacion_interanual,31.2,%,indec,2026-08-05T21:48:05.576542+00:00
AR,2018-07-01,Alimentos y bebidas no alcohólicas (201807),indec_01_indice,146.7848,indice,indec,2026-08-05T21:48:05.576542+00:00
AR,2018-07-01,Alimentos y bebidas no alcohólicas (201807),indec_01_variacion_mensual,4.0,%,indec,2026-08-05T21:48:05.576542+00:00
AR,2018-07-01,Alimentos y bebidas no alcohólicas (201807),indec_01_variacion_interanual,31.0,%,indec,2026-08-05T21:48:05.576542+00:00
AR,2018-07-01,Bebidas alcohólicas y tabaco (201807),indec_02_indice,138.1218,indice,indec,2026-08-05T21:48:05.576542+00:00
AR,2018-07-01,Bebidas alcohólicas y tabaco (201807),indec_02_variacion_mensual,2.6,%,indec,2026-08-05T21:48:05.576542+00:00
AR,2018-07-01,Bebidas alcohólicas y tabaco (201807),indec_02_variacion_interanual,19.3,%,indec,2026-08-05T21:48:05.576542+00:00
AR,2018-07-01,Prendas de vestir y calzado (201807),indec_03_indice,129.6084,indice,indec,2026-08-05T21:48:05.576542+00:00
AR,2018-07-01,Prendas de vestir y calzado (201807),indec_03_variacion_mensual,-0.1,%,indec,2026-08-05T21:48:05.576542+00:00
AR,2018-07-01,Prendas de vestir y calzado (201807),indec_03_variacion_interanual,19.6,%,indec,2026-08-05T21:48:05.576542+00:00
AR,2018-07-01,"Vivienda, agua, electricidad, gas y otros combustibles (201807)",indec_04_indice,182.4306,indice,indec,2026-08-05T21:48:05.576542+00:00
AR,2018-07-01,"Vivienda, agua, electricidad, gas y otros combustibles (201807)",indec_04_variacion_mensual,1.0,%,indec,2026-08-05T21:48:05.576542+00:00
AR,2018-07-01,"Vivienda, agua, electricidad, gas y otros combustibles (201807)",indec_04_variacion_interanual,47.0,%,indec,2026-08-05T21:48:05.576542+00:00
AR,2018-07-01,Equipamiento y mantenimiento del hogar (201807),indec_05_indice,141.5414,indice,indec,2026-08-05T21:48:05.576542+00:00
AR,2018-07-01,Equipamiento y mantenimiento del hogar (201807),indec_05_variacion_mensual,4.2,%,indec,2026-08-05T21:48:05.576542+00:00
AR,2018-07-01,Equipamiento y mantenimiento del hogar (201807),indec_05_variacion_interanual,28.6,%,indec,2026-08-05T21:48:05.576542+00:00
AR,2018-07-01,Salud (201807),indec_06_indice,150.399,indice,indec,2026-08-05T21:48:05.576542+00:00
AR,2018-07-01,Salud (201807),indec_06_variacion_mensual,2.8,%,indec,2026-08-05T21:48:05.576542+00:00
AR,2018-07-01,Salud (201807),indec_06_variacion_interanual,29.6,%,indec,2026-08-05T21:48:05.576542+00:00
AR,2018-07-01,Transporte (201807),indec_07_indice,154.8231,indice,indec,2026-08-05T21:48:05.576542+00:00
AR,2018-07-01,Transporte (201807),indec_07_variacion_mensual,5.2,%,indec,2026-08-05T21:48:05.576542+00:00
AR,2018-07-01,Transporte (201807),indec_07_variacion_interanual,40.9,%,indec,2026-08-05T21:48:05.576542+00:00
AR,2018-07-01,Comunicación (201807),indec_08_indice,162.4498,indice,indec,2026-08-05T21:48:05.576542+00:00
AR,2018-07-01,Comunicación (201807),indec_08_variacion_mensual,0.6,%,indec,2026-08-05T21:48:05.576542+00:00
AR,2018-07-01,Comunicación (201807),indec_08_variacion_interanual,34.0,%,indec,2026-08-05T21:48:05.576542+00:00
AR,2018-07-01,Recreación y cultura (201807),indec_09_indice,147.2814,indice,indec,2026-08-05T21:48:05.576542+00:00
AR,2018-07-01,Recreación y cultura (201807),indec_09_variacion_mensual,5.1,%,indec,2026-08-05T21:48:05.576542+00:00
AR,2018-07-01,Recreación y cultura (201807),indec_09_variacion_interanual,27.4,%,indec,2026-08-05T21:48:05.576542+00:00
AR,2018-07-01,Educación (201807),indec_10_indice,160.7826,indice,indec,2026-08-05T21:48:05.576542+00:00
AR,2018-07-01,Educación (201807),indec_10_variacion_mensual,1.8,%,indec,2026-08-05T21:48:05.576542+00:00
AR,2018-07-01,Educación (201807),indec_10_variacion_interanual,30.8,%,indec,2026-08-05T21:48:05.576542+00:00
AR,2018-07-01,Restaurantes y hoteles (201807),indec_11_indice,144.436,indice,indec,2026-08-05T21:48:05.576542+00:00
AR,2018-07-01,Restaurantes y hoteles (201807),indec_11_variacion_mensual,2.9,%,indec,2026-08-05T21:48:05.576542+00:00
AR,2018-07-01,Restaurantes y hoteles (201807),indec_11_variacion_interanual,26.9,%,indec,2026-08-05T21:48:05.576542+00:00
AR,2018-07-01,Bienes y servicios varios (201807),indec_12_indice,141.4245,indice,indec,2026-08-05T21:48:05.576542+00:00
AR,2018-07-01,Bienes y servicios varios (201807),indec_12_variacion_mensual,3.9,%,indec,2026-08-05T21:48:05.576542+00:00
AR,2018-07-01,Bienes y servicios varios (201807),indec_12_variacion_interanual,26.5,%,indec,2026-08-05T21:48:05.576542+00:00
AR,2018-07-01,nan (201807),indec_Estacional_indice,139.6235,indice,indec,2026-08-05T21:48:05.576542+00:00
AR,2018-07-01,nan (201807),indec_Estacional_variacion_mensual,3.8,%,indec,2026-08-05T21:48:05.576542+00:00
AR,2018-07-01,nan (201807),indec_Estacional_variacion_interanual,26.3,%,indec,2026-08-05T21:48:05.576542+00:00
AR,2018-07-01,nan (201807),indec_Núcleo_indice,144.964,indice,indec,2026-08-05T21:48:05.576542+00:00
AR,2018-07-01,nan (201807),indec_Núcleo_variacion_mensual,3.2,%,indec,2026-08-05T21:48:05.576542+00:00
AR,2018-07-01,nan (201807),indec_Núcleo_variacion_interanual,28.7,%,indec,2026-08-05T21:48:05.576542+00:00
AR,2018-07-01,nan (201807),indec_Regulados_indice,168.9885,indice,indec,2026-08-05T21:48:05.576542+00:00
AR,2018-07-01,nan (201807),indec_Regulados_variacion_mensual,2.6,%,indec,2026-08-05T21:48:05.576542+00:00
AR,2018-07-01,nan (201807),indec_Regulados_variacion_interanual,41.6,%,indec,2026-08-05T21:48:05.576542+00:00
AR,2018-07-01,nan (201807),indec_B_indice,144.1465,indice,indec,2026-08-05T21:48:05.576542+00:00
AR,2018-07-01,nan (201807),indec_B_variacion_mensual,3.7,%,indec,2026-08-05T21:48:05.576542+00:00
AR,2018-07-01,nan (201807),indec_B_variacion_interanual,29.4,%,indec,2026-08-05T21:48:05.576542+00:00
AR,2018-07-01,nan (201807),indec_S_indice,159.953,indice,indec,2026-08-05T21:48:05.576542+00:00
AR,2018-07-01,nan (201807),indec_S_variacion_mensual,2.1,%,indec,2026-08-05T21:48:05.576542+00:00
AR,2018-07-01,nan (201807),indec_S_variacion_interanual,34.9,%,indec,2026-08-05T21:48:05.576542+00:00
AR,2018-08-01,NIVEL GENERAL (201808),indec_0_indice,155.1034,indice,indec,2026-08-05T21:48:05.576542+00:00
AR,2018-08-01,NIVEL GENERAL (201808),indec_0_variacion_mensual,3.9,%,indec,2026-08-05T21:48:05.576542+00:00
AR,2018-08-01,NIVEL GENERAL (201808),indec_0_variacion_interanual,34.4,%,indec,2026-08-05T21:48:05.576542+00:00
AR,2018-08-01,Alimentos y bebidas no alcohólicas (201808),indec_01_indice,152.6743,indice,indec,2026-08-05T21:48:05.576542+00:00
AR,2018-08-01,Alimentos y bebidas no alcohólicas (201808),indec_01_variacion_mensual,4.0,%,indec,2026-08-05T21:48:05.576542+00:00
AR,2018-08-01,Alimentos y bebidas no alcohólicas (201808),indec_01_variacion_interanual,33.5,%,indec,2026-08-05T21:48:05.576542+00:00
AR,2018-08-01,Bebidas alcohólicas y tabaco (201808),indec_02_indice,139.9915,indice,indec,2026-08-05T21:48:05.576542+00:00
AR,2018-08-01,Bebidas alcohólicas y tabaco (201808),indec_02_variacion_mensual,1.4,%,indec,2026-08-05T21:48:05.576542+00:00
AR,2018-08-01,Bebidas alcohólicas y tabaco (201808),indec_02_variacion_interanual,19.3,%,indec,2026-08-05T21:48:05.576542+00:00
AR,2018-08-01,Prendas de vestir y calzado (201808),indec_03_indice,130.051,indice,indec,2026-08-05T21:48:05.576542+00:00
AR,2018-08-01,Prendas de vestir y calzado (201808),indec_03_variacion_mensual,0.3,%,indec,2026-08-05T21:48:05.576542+00:00
AR,2018-08-01,Prendas de vestir y calzado (201808),indec_03_variacion_interanual,20.8,%,indec,2026-08-05T21:48:05.576542+00:00
AR,2018-08-01,"Vivienda, agua, electricidad, gas y otros combustibles (201808)",indec_04_indice,193.6678,indice,indec,2026-08-05T21:48:05.576542+00:00
AR,2018-08-01,"Vivienda, agua, electricidad, gas y otros combustibles (201808)",indec_04_variacion_mensual,6.2,%,indec,2026-08-05T21:48:05.576542+00:00
AR,2018-08-01,"Vivienda, agua, electricidad, gas y otros combustibles (201808)",indec_04_variacion_interanual,52.8,%,indec,2026-08-05T21:48:05.576542+00:00
AR,2018-08-01,Equipamiento y mantenimiento del hogar (201808),indec_05_indice,145.9741,indice,indec,2026-08-05T21:48:05.576542+00:00
AR,2018-08-01,Equipamiento y mantenimiento del hogar (201808),indec_05_variacion_mensual,3.1,%,indec,2026-08-05T21:48:05.576542+00:00
AR,2018-08-01,Equipamiento y mantenimiento del hogar (201808),indec_05_variacion_interanual,31.3,%,indec,2026-08-05T21:48:05.576542+00:00
AR,2018-08-01,Salud (201808),indec_06_indice,156.5273,indice,indec,2026-08-05T21:48:05.576542+00:00
AR,2018-08-01,Salud (201808),indec_06_variacion_mensual,4.1,%,indec,2026-08-05T21:48:05.576542+00:00
AR,2018-08-01,Salud (201808),indec_06_variacion_interanual,31.5,%,indec,2026-08-05T21:48:05.576542+00:00
AR,2018-08-01,Transporte (201808),indec_07_indice,161.083,indice,indec,2026-08-05T21:48:05.576542+00:00
AR,2018-08-01,Transporte (201808),indec_07_variacion_mensual,4.0,%,indec,2026-08-05T21:48:05.576542+00:00
AR,2018-08-01,Transporte (201808),indec_07_variacion_interanual,45.0,%,indec,2026-08-05T21:48:05.576542+00:00
AR,2018-08-01,Comunicación (201808),indec_08_indice,182.6004,indice,indec,2026-08-05T21:48:05.576542+00:00
AR,2018-08-01,Comunicación (201808),indec_08_variacion_mensual,12.4,%,indec,2026-08-05T21:48:05.576542+00:00
AR,2018-08-01,Comunicación (201808),indec_08_variacion_interanual,48.4,%,indec,2026-08-05T21:48:05.576542+00:00
AR,2018-08-01,Recreación y cultura (201808),indec_09_indice,152.1489,indice,indec,2026-08-05T21:48:05.576542+00:00
AR,2018-08-01,Recreación y cultura (201808),indec_09_variacion_mensual,3.3,%,indec,2026-08-05T21:48:05.576542+00:00
AR,2018-08-01,Recreación y cultura (201808),indec_09_variacion_interanual,30.7,%,indec,2026-08-05T21:48:05.576542+00:00
AR,2018-08-01,Educación (201808),indec_10_indice,163.8623,indice,indec,2026-08-05T21:48:05.576542+00:00
AR,2018-08-01,Educación (201808),indec_10_variacion_mensual,1.9,%,indec,2026-08-05T21:48:05.576542+00:00
AR,2018-08-01,Educación (201808),indec_10_variacion_interanual,30.8,%,indec,2026-08-05T21:48:05.576542+00:00
AR,2018-08-01,Restaurantes y hoteles (201808),indec_11_indice,147.9425,indice,indec,2026-08-05T21:48:05.576542+00:00
AR,2018-08-01,Restaurantes y hoteles (201808),indec_11_variacion_mensual,2.4,%,indec,2026-08-05T21:48:05.576542+00:00
AR,2018-08-01,Restaurantes y hoteles (201808),indec_11_variacion_interanual,29.1,%,indec,2026-08-05T21:48:05.576542+00:00
AR,2018-08-01,Bienes y servicios varios (201808),indec_12_indice,148.3437,indice,indec,2026-08-05T21:48:05.576542+00:00
AR,2018-08-01,Bienes y servicios varios (201808),indec_12_variacion_mensual,4.9,%,indec,2026-08-05T21:48:05.576542+00:00
AR,2018-08-01,Bienes y servicios varios (201808),indec_12_variacion_interanual,30.6,%,indec,2026-08-05T21:48:05.576542+00:00
AR,2018-08-01,nan (201808),indec_Estacional_indice,142.3224,indice,indec,2026-08-05T21:48:05.576542+00:00
AR,2018-08-01,nan (201808),indec_Estacional_variacion_mensual,1.9,%,indec,2026-08-05T21:48:05.576542+00:00
AR,2018-08-01,nan (201808),indec_Estacional_variacion_interanual,27.3,%,indec,2026-08-05T21:48:05.576542+00:00
AR,2018-08-01,nan (201808),indec_Núcleo_indice,149.8236,indice,indec,2026-08-05T21:48:05.576542+00:00
AR,2018-08-01,nan (201808),indec_Núcleo_variacion_mensual,3.4,%,indec,2026-08-05T21:48:05.576542+00:00
AR,2018-08-01,nan (201808),indec_Núcleo_variacion_interanual,31.2,%,indec,2026-08-05T21:48:05.576542+00:00
AR,2018-08-01,nan (201808),indec_Regulados_indice,179.4614,indice,indec,2026-08-05T21:48:05.576542+00:00
AR,2018-08-01,nan (201808),indec_Regulados_variacion_mensual,6.2,%,indec,2026-08-05T21:48:05.576542+00:00
AR,2018-08-01,nan (201808),indec_Regulados_variacion_interanual,48.2,%,indec,2026-08-05T21:48:05.576542+00:00
AR,2018-08-01,nan (201808),indec_B_indice,148.6981,indice,indec,2026-08-05T21:48:05.576542+00:00
AR,2018-08-01,nan (201808),indec_B_variacion_mensual,3.2,%,indec,2026-08-05T21:48:05.576542+00:00
AR,2018-08-01,nan (201808),indec_B_variacion_interanual,31.8,%,indec,2026-08-05T21:48:05.576542+00:00
AR,2018-08-01,nan (201808),indec_S_indice,167.999,indice,indec,2026-08-05T21:48:05.576542+00:00
AR,2018-08-01,nan (201808),indec_S_variacion_mensual,5.0,%,indec,2026-08-05T21:48:05.576542+00:00
AR,2018-08-01,nan (201808),indec_S_variacion_interanual,39.4,%,indec,2026-08-05T21:48:05.576542+00:00
AR,2018-09-01,NIVEL GENERAL (201809),indec_0_indice,165.2383,indice,indec,2026-08-05T21:48:05.576542+00:00
AR,2018-09-01,NIVEL GENERAL (201809),indec_0_variacion_mensual,6.5,%,indec,2026-08-05T21:48:05.576542+00:00
AR,2018-09-01,NIVEL GENERAL (201809),indec_0_variacion_interanual,40.5,%,indec,2026-08-05T21:48:05.576542+00:00
AR,2018-09-01,Alimentos y bebidas no alcohólicas (201809),indec_01_indice,163.3911,indice,indec,2026-08-05T21:48:05.576542+00:00
AR,2018-09-01,Alimentos y bebidas no alcohólicas (201809),indec_01_variacion_mensual,7.0,%,indec,2026-08-05T21:48:05.576542+00:00
AR,2018-09-01,Alimentos y bebidas no alcohólicas (201809),indec_01_variacion_interanual,40.4,%,indec,2026-08-05T21:48:05.576542+00:00
AR,2018-09-01,Bebidas alcohólicas y tabaco (201809),indec_02_indice,146.1856,indice,indec,2026-08-05T21:48:05.576542+00:00
AR,2018-09-01,Bebidas alcohólicas y tabaco (201809),indec_02_variacion_mensual,4.4,%,indec,2026-08-05T21:48:05.576542+00:00
AR,2018-09-01,Bebidas alcohólicas y tabaco (201809),indec_02_variacion_interanual,23.7,%,indec,2026-08-05T21:48:05.576542+00:00
AR,2018-09-01,Prendas de vestir y calzado (201809),indec_03_indice,142.776,indice,indec,2026-08-05T21:48:05.576542+00:00
AR,2018-09-01,Prendas de vestir y calzado (201809),indec_03_variacion_mensual,9.8,%,indec,2026-08-05T21:48:05.576542+00:00
AR,2018-09-01,Prendas de vestir y calzado (201809),indec_03_variacion_interanual,27.7,%,indec,2026-08-05T21:48:05.576542+00:00
AR,2018-09-01,"Vivienda, agua, electricidad, gas y otros combustibles (201809)",indec_04_indice,198.1079,indice,indec,2026-08-05T21:48:05.576542+00:00
AR,2018-09-01,"Vivienda, agua, electricidad, gas y otros combustibles (201809)",indec_04_variacion_mensual,2.3,%,indec,2026-08-05T21:48:05.576542+00:00
AR,2018-09-01,"Vivienda, agua, electricidad, gas y otros combustibles (201809)",indec_04_variacion_interanual,53.3,%,indec,2026-08-05T21:48:05.576542+00:00
AR,2018-09-01,Equipamiento y mantenimiento del hogar (201809),indec_05_indice,160.1563,indice,indec,2026-08-05T21:48:05.576542+00:00
AR,2018-09-01,Equipamiento y mantenimiento del hogar (201809),indec_05_variacion_mensual,9.7,%,indec,2026-08-05T21:48:05.576542+00:00
AR,2018-09-01,Equipamiento y mantenimiento del hogar (201809),indec_05_variacion_interanual,42.6,%,indec,2026-08-05T21:48:05.576542+00:00
AR,2018-09-01,Salud (201809),indec_06_indice,163.6215,indice,indec,2026-08-05T21:48:05.576542+00:00
AR,2018-09-01,Salud (201809),indec_06_variacion_mensual,4.5,%,indec,2026-08-05T21:48:05.576542+00:00
AR,2018-09-01,Salud (201809),indec_06_variacion_interanual,34.2,%,indec,2026-08-05T21:48:05.576542+00:00
AR,2018-09-01,Transporte (201809),indec_07_indice,177.8431,indice,indec,2026-08-05T21:48:05.576542+00:00
AR,2018-09-01,Transporte (201809),indec_07_variacion_mensual,10.4,%,indec,2026-08-05T21:48:05.576542+00:00
AR,2018-09-01,Transporte (201809),indec_07_variacion_interanual,58.8,%,indec,2026-08-05T21:48:05.576542+00:00
AR,2018-09-01,Comunicación (201809),indec_08_indice,186.4637,indice,indec,2026-08-05T21:48:05.576542+00:00
AR,2018-09-01,Comunicación (201809),indec_08_variacion_mensual,2.1,%,indec,2026-08-05T21:48:05.576542+00:00
AR,2018-09-01,Comunicación (201809),indec_08_variacion_interanual,50.0,%,indec,2026-08-05T21:48:05.576542+00:00
AR,2018-09-01,Recreación y cultura (201809),indec_09_indice,162.4851,indice,indec,2026-08-05T21:48:05.576542+00:00
AR,2018-09-01,Recreación y cultura (201809),indec_09_variacion_mensual,6.8,%,indec,2026-08-05T21:48:05.576542+00:00
AR,2018-09-01,Recreación y cultura (201809),indec_09_variacion_interanual,35.9,%,indec,2026-08-05T21:48:05.576542+00:00
AR,2018-09-01,Educación (201809),indec_10_indice,166.5346,indice,indec,2026-08-05T21:48:05.576542+00:00
AR,2018-09-01,Educación (201809),indec_10_variacion_mensual,1.6,%,indec,2026-08-05T21:48:05.576542+00:00
AR,2018-09-01,Educación (201809),indec_10_variacion_interanual,28.1,%,indec,2026-08-05T21:48:05.576542+00:00
AR,2018-09-01,Restaurantes y hoteles (201809),indec_11_indice,156.4246,indice,indec,2026-08-05T21:48:05.576542+00:00
AR,2018-09-01,Restaurantes y hoteles (201809),indec_11_variacion_mensual,5.7,%,indec,2026-08-05T21:48:05.576542+00:00
AR,2018-09-01,Restaurantes y hoteles (201809),indec_11_variacion_interanual,34.6,%,indec,2026-08-05T21:48:05.576542+00:00
AR,2018-09-01,Bienes y servicios varios (201809),indec_12_indice,160.1018,indice,indec,2026-08-05T21:48:05.576542+00:00
AR,2018-09-01,Bienes y servicios varios (201809),indec_12_variacion_mensual,7.9,%,indec,2026-08-05T21:48:05.576542+00:00
AR,2018-09-01,Bienes y servicios varios (201809),indec_12_variacion_interanual,38.6,%,indec,2026-08-05T21:48:05.576542+00:00
AR,2018-09-01,nan (201809),indec_Estacional_indice,147.9747,indice,indec,2026-08-05T21:48:05.576542+00:00
AR,2018-09-01,nan (201809),indec_Estacional_variacion_mensual,4.0,%,indec,2026-08-05T21:48:05.576542+00:00
AR,2018-09-01,nan (201809),indec_Estacional_variacion_interanual,27.3,%,indec,2026-08-05T21:48:05.576542+00:00
AR,2018-09-01,nan (201809),indec_Núcleo_indice,161.272,indice,indec,2026-08-05T21:48:05.576542+00:00
AR,2018-09-01,nan (201809),indec_Núcleo_variacion_mensual,7.6,%,indec,2026-08-05T21:48:05.576542+00:00
AR,2018-09-01,nan (201809),indec_Núcleo_variacion_interanual,38.9,%,indec,2026-08-05T21:48:05.576542+00:00
AR,2018-09-01,nan (201809),indec_Regulados_indice,187.9015,indice,indec,2026-08-05T21:48:05.576542+00:00
AR,2018-09-01,nan (201809),indec_Regulados_variacion_mensual,4.7,%,indec,2026-08-05T21:48:05.576542+00:00
AR,2018-09-01,nan (201809),indec_Regulados_variacion_interanual,52.5,%,indec,2026-08-05T21:48:05.576542+00:00
AR,2018-09-01,nan (201809),indec_B_indice,161.5813,indice,indec,2026-08-05T21:48:05.576542+00:00
AR,2018-09-01,nan (201809),indec_B_variacion_mensual,8.7,%,indec,2026-08-05T21:48:05.576542+00:00
AR,2018-09-01,nan (201809),indec_B_variacion_interanual,40.5,%,indec,2026-08-05T21:48:05.576542+00:00
AR,2018-09-01,nan (201809),indec_S_indice,173.0112,indice,indec,2026-08-05T21:48:05.576542+00:00
AR,2018-09-01,nan (201809),indec_S_variacion_mensual,3.0,%,indec,2026-08-05T21:48:05.576542+00:00
AR,2018-09-01,nan (201809),indec_S_variacion_interanual,40.9,%,indec,2026-08-05T21:48:05.576542+00:00
AR,2018-10-01,NIVEL GENERAL (201810),indec_0_indice,174.1473,indice,indec,2026-08-05T21:48:05.576542+00:00
AR,2018-10-01,NIVEL GENERAL (201810),indec_0_variacion_mensual,5.4,%,indec,2026-08-05T21:48:05.576542+00:00
AR,2018-10-01,NIVEL GENERAL (201810),indec_0_variacion_interanual,45.9,%,indec,2026-08-05T21:48:05.576542+00:00
AR,2018-10-01,Alimentos y bebidas no alcohólicas (201810),indec_01_indice,173.0007,indice,indec,2026-08-05T21:48:05.576542+00:00
AR,2018-10-01,Alimentos y bebidas no alcohólicas (201810),indec_01_variacion_mensual,5.9,%,indec,2026-08-05T21:48:05.576542+00:00
AR,2018-10-01,Alimentos y bebidas no alcohólicas (201810),indec_01_variacion_interanual,46.4,%,indec,2026-08-05T21:48:05.576542+00:00
AR,2018-10-01,Bebidas alcohólicas y tabaco (201810),indec_02_indice,149.5775,indice,indec,2026-08-05T21:48:05.576542+00:00
AR,2018-10-01,Bebidas alcohólicas y tabaco (201810),indec_02_variacion_mensual,2.3,%,indec,2026-08-05T21:48:05.576542+00:00
AR,2018-10-01,Bebidas alcohólicas y tabaco (201810),indec_02_variacion_interanual,22.9,%,indec,2026-08-05T21:48:05.576542+00:00
AR,2018-10-01,Prendas de vestir y calzado (201810),indec_03_indice,149.9773,indice,indec,2026-08-05T21:48:05.576542+00:00
AR,2018-10-01,Prendas de vestir y calzado (201810),indec_03_variacion_mensual,5.0,%,indec,2026-08-05T21:48:05.576542+00:00
AR,2018-10-01,Prendas de vestir y calzado (201810),indec_03_variacion_interanual,31.4,%,indec,2026-08-05T21:48:05.576542+00:00
AR,2018-10-01,"Vivienda, agua, electricidad, gas y otros combustibles (201810)",indec_04_indice,215.507,indice,indec,2026-08-05T21:48:05.576542+00:00
AR,2018-10-01,"Vivienda, agua, electricidad, gas y otros combustibles (201810)",indec_04_variacion_mensual,8.8,%,indec,2026-08-05T21:48:05.576542+00:00
AR,2018-10-01,"Vivienda, agua, electricidad, gas y otros combustibles (201810)",indec_04_variacion_interanual,65.2,%,indec,2026-08-05T21:48:05.576542+00:00
AR,2018-10-01,Equipamiento y mantenimiento del hogar (201810),indec_05_indice,167.0385,indice,indec,2026-08-05T21:48:05.576542+00:00
AR,2018-10-01,Equipamiento y mantenimiento del hogar (201810),indec_05_variacion_mensual,4.3,%,indec,2026-08-05T21:48:05.576542+00:00
AR,2018-10-01,Equipamiento y mantenimiento del hogar (201810),indec_05_variacion_interanual,47.7,%,indec,2026-08-05T21:48:05.576542+00:00
AR,2018-10-01,Salud (201810),indec_06_indice,172.5763,indice,indec,2026-08-05T21:48:05.576542+00:00
AR,2018-10-01,Salud (201810),indec_06_variacion_mensual,5.5,%,indec,2026-08-05T21:48:05.576542+00:00
AR,2018-10-01,Salud (201810),indec_06_variacion_interanual,40.1,%,indec,2026-08-05T21:48:05.576542+00:00
AR,2018-10-01,Transporte (201810),indec_07_indice,191.3913,indice,indec,2026-08-05T21:48:05.576542+00:00
AR,2018-10-01,Transporte (201810),indec_07_variacion_mensual,7.6,%,indec,2026-08-05T21:48:05.576542+00:00
AR,2018-10-01,Transporte (201810),indec_07_variacion_interanual,68.7,%,indec,2026-08-05T21:48:05.576542+00:00
AR,2018-10-01,Comunicación (201810),indec_08_indice,187.8155,indice,indec,2026-08-05T21:48:05.576542+00:00
AR,2018-10-01,Comunicación (201810),indec_08_variacion_mensual,0.7,%,indec,2026-08-05T21:48:05.576542+00:00
AR,2018-10-01,Comunicación (201810),indec_08_variacion_interanual,43.4,%,indec,2026-08-05T21:48:05.576542+00:00
AR,2018-10-01,Recreación y cultura (201810),indec_09_indice,166.9487,indice,indec,2026-08-05T21:48:05.576542+00:00
AR,2018-10-01,Recreación y cultura (201810),indec_09_variacion_mensual,2.7,%,indec,2026-08-05T21:48:05.576542+00:00
AR,2018-10-01,Recreación y cultura (201810),indec_09_variacion_interanual,37.9,%,indec,2026-08-05T21:48:05.576542+00:00
AR,2018-10-01,Educación (201810),indec_10_indice,170.0009,indice,indec,2026-08-05T21:48:05.576542+00:00
AR,2018-10-01,Educación (201810),indec_10_variacion_mensual,2.1,%,indec,2026-08-05T21:48:05.576542+00:00
AR,2018-10-01,Educación (201810),indec_10_variacion_interanual,29.7,%,indec,2026-08-05T21:48:05.576542+00:00
AR,2018-10-01,Restaurantes y hoteles (201810),indec_11_indice,161.2576,indice,indec,2026-08-05T21:48:05.576542+00:00
AR,2018-10-01,Restaurantes y hoteles (201810),indec_11_variacion_mensual,3.1,%,indec,2026-08-05T21:48:05.576542+00:00
AR,2018-10-01,Restaurantes y hoteles (201810),indec_11_variacion_interanual,36.9,%,indec,2026-08-05T21:48:05.576542+00:00
AR,2018-10-01,Bienes y servicios varios (201810),indec_12_indice,170.0438,indice,indec,2026-08-05T21:48:05.576542+00:00
AR,2018-10-01,Bienes y servicios varios (201810),indec_12_variacion_mensual,6.2,%,indec,2026-08-05T21:48:05.576542+00:00
AR,2018-10-01,Bienes y servicios varios (201810),indec_12_variacion_interanual,45.2,%,indec,2026-08-05T21:48:05.576542+00:00
AR,2018-10-01,nan (201810),indec_Estacional_indice,157.1936,indice,indec,2026-08-05T21:48:05.576542+00:00
AR,2018-10-01,nan (201810),indec_Estacional_variacion_mensual,6.2,%,indec,2026-08-05T21:48:05.576542+00:00
AR,2018-10-01,nan (201810),indec_Estacional_variacion_interanual,32.1,%,indec,2026-08-05T21:48:05.576542+00:00
AR,2018-10-01,nan (201810),indec_Núcleo_indice,168.5933,indice,indec,2026-08-05T21:48:05.576542+00:00
AR,2018-10-01,nan (201810),indec_Núcleo_variacion_mensual,4.5,%,indec,2026-08-05T21:48:05.576542+00:00
AR,2018-10-01,nan (201810),indec_Núcleo_variacion_interanual,43.3,%,indec,2026-08-05T21:48:05.576542+00:00
AR,2018-10-01,nan (201810),indec_Regulados_indice,201.8885,indice,indec,2026-08-05T21:48:05.576542+00:00
AR,2018-10-01,nan (201810),indec_Regulados_variacion_mensual,7.4,%,indec,2026-08-05T21:48:05.576542+00:00
AR,2018-10-01,nan (201810),indec_Regulados_variacion_interanual,61.1,%,indec,2026-08-05T21:48:05.576542+00:00
AR,2018-10-01,nan (201810),indec_B_indice,171.0262,indice,indec,2026-08-05T21:48:05.576542+00:00
AR,2018-10-01,nan (201810),indec_B_variacion_mensual,5.8,%,indec,2026-08-05T21:48:05.576542+00:00
AR,2018-10-01,nan (201810),indec_B_variacion_interanual,46.4,%,indec,2026-08-05T21:48:05.576542+00:00
AR,2018-10-01,nan (201810),indec_S_indice,180.9641,indice,indec,2026-08-05T21:48:05.576542+00:00
AR,2018-10-01,nan (201810),indec_S_variacion_mensual,4.6,%,indec,2026-08-05T21:48:05.576542+00:00
AR,2018-10-01,nan (201810),indec_S_variacion_interanual,45.3,%,indec,2026-08-05T21:48:05.576542+00:00
AR,2018-11-01,NIVEL GENERAL (201811),indec_0_indice,179.6388,indice,indec,2026-08-05T21:48:05.576542+00:00
AR,2018-11-01,NIVEL GENERAL (201811),indec_0_variacion_mensual,3.2,%,indec,2026-08-05T21:48:05.576542+00:00
AR,2018-11-01,NIVEL GENERAL (201811),indec_0_variacion_interanual,48.5,%,indec,2026-08-05T21:48:05.576542+00:00
AR,2018-11-01,Alimentos y bebidas no alcohólicas (201811),indec_01_indice,178.8975,indice,indec,2026-08-05T21:48:05.576542+00:00
AR,2018-11-01,Alimentos y bebidas no alcohólicas (201811),indec_01_variacion_mensual,3.4,%,indec,2026-08-05T21:48:05.576542+00:00
AR,2018-11-01,Alimentos y bebidas no alcohólicas (201811),indec_01_variacion_interanual,49.6,%,indec,2026-08-05T21:48:05.576542+00:00
AR,2018-11-01,Bebidas alcohólicas y tabaco (201811),indec_02_indice,156.5108,indice,indec,2026-08-05T21:48:05.576542+00:00
AR,2018-11-01,Bebidas alcohólicas y tabaco (201811),indec_02_variacion_mensual,4.6,%,indec,2026-08-05T21:48:05.576542+00:00
AR,2018-11-01,Bebidas alcohólicas y tabaco (201811),indec_02_variacion_interanual,27.2,%,indec,2026-08-05T21:48:05.576542+00:00
AR,2018-11-01,Prendas de vestir y calzado (201811),indec_03_indice,153.444,indice,indec,2026-08-05T21:48:05.576542+00:00
AR,2018-11-01,Prendas de vestir y calzado (201811),indec_03_variacion_mensual,2.3,%,indec,2026-08-05T21:48:05.576542+00:00
AR,2018-11-01,Prendas de vestir y calzado (201811),indec_03_variacion_interanual,32.7,%,indec,2026-08-05T21:48:05.576542+00:00
AR,2018-11-01,"Vivienda, agua, electricidad, gas y otros combustibles (201811)",indec_04_indice,220.0981,indice,indec,2026-08-05T21:48:05.576542+00:00
AR,2018-11-01,"Vivienda, agua, electricidad, gas y otros combustibles (201811)",indec_04_variacion_mensual,2.1,%,indec,2026-08-05T21:48:05.576542+00:00
AR,2018-11-01,"Vivienda, agua, electricidad, gas y otros combustibles (201811)",indec_04_variacion_interanual,66.7,%,indec,2026-08-05T21:48:05.576542+00:00
AR,2018-11-01,Equipamiento y mantenimiento del hogar (201811),indec_05_indice,172.9721,indice,indec,2026-08-05T21:48:05.576542+00:00
AR,2018-11-01,Equipamiento y mantenimiento del hogar (201811),indec_05_variacion_mensual,3.6,%,indec,2026-08-05T21:48:05.576542+00:00
AR,2018-11-01,Equipamiento y mantenimiento del hogar (201811),indec_05_variacion_interanual,51.6,%,indec,2026-08-05T21:48:05.576542+00:00
AR,2018-11-01,Salud (201811),indec_06_indice,182.333,indice,indec,2026-08-05T21:48:05.576542+00:00
AR,2018-11-01,Salud (201811),indec_06_variacion_mensual,5.7,%,indec,2026-08-05T21:48:05.576542+00:00
AR,2018-11-01,Salud (201811),indec_06_variacion_interanual,46.1,%,indec,2026-08-05T21:48:05.576542+00:00
AR,2018-11-01,Transporte (201811),indec_07_indice,196.5066,indice,indec,2026-08-05T21:48:05.576542+00:00
AR,2018-11-01,Transporte (201811),indec_07_variacion_mensual,2.7,%,indec,2026-08-05T21:48:05.576542+00:00
AR,2018-11-01,Transporte (201811),indec_07_variacion_interanual,68.2,%,indec,2026-08-05T21:48:05.576542+00:00
AR,2018-11-01,Comunicación (201811),indec_08_indice,193.5208,indice,indec,2026-08-05T21:48:05.576542+00:00
AR,2018-11-01,Comunicación (201811),indec_08_variacion_mensual,3.0,%,indec,2026-08-05T21:48:05.576542+00:00
AR,2018-11-01,Comunicación (201811),indec_08_variacion_interanual,46.7,%,indec,2026-08-05T21:48:05.576542+00:00
AR,2018-11-01,Recreación y cultura (201811),indec_09_indice,171.6321,indice,indec,2026-08-05T21:48:05.576542+00:00
AR,2018-11-01,Recreación y cultura (201811),indec_09_variacion_mensual,2.8,%,indec,2026-08-05T21:48:05.576542+00:00
AR,2018-11-01,Recreación y cultura (201811),indec_09_variacion_interanual,40.8,%,indec,2026-08-05T21:48:05.576542+00:00
AR,2018-11-01,Educación (201811),indec_10_indice,171.9664,indice,indec,2026-08-05T21:48:05.576542+00:00
AR,2018-11-01,Educación (201811),indec_10_variacion_mensual,1.2,%,indec,2026-08-05T21:48:05.576542+00:00
AR,2018-11-01,Educación (201811),indec_10_variacion_interanual,30.8,%,indec,2026-08-05T21:48:05.576542+00:00
AR,2018-11-01,Restaurantes y hoteles (201811),indec_11_indice,165.4071,indice,indec,2026-08-05T21:48:05.576542+00:00
AR,2018-11-01,Restaurantes y hoteles (201811),indec_11_variacion_mensual,2.6,%,indec,2026-08-05T21:48:05.576542+00:00
AR,2018-11-01,Restaurantes y hoteles (201811),indec_11_variacion_interanual,37.9,%,indec,2026-08-05T21:48:05.576542+00:00
AR,2018-11-01,Bienes y servicios varios (201811),indec_12_indice,177.5239,indice,indec,2026-08-05T21:48:05.576542+00:00
AR,2018-11-01,Bienes y servicios varios (201811),indec_12_variacion_mensual,4.4,%,indec,2026-08-05T21:48:05.576542+00:00
AR,2018-11-01,Bienes y servicios varios (201811),indec_12_variacion_interanual,49.8,%,indec,2026-08-05T21:48:05.576542+00:00
AR,2018-11-01,nan (201811),indec_Estacional_indice,161.9369,indice,indec,2026-08-05T21:48:05.576542+00:00
AR,2018-11-01,nan (201811),indec_Estacional_variacion_mensual,3.0,%,indec,2026-08-05T21:48:05.576542+00:00
AR,2018-11-01,nan (201811),indec_Estacional_variacion_interanual,33.8,%,indec,2026-08-05T21:48:05.576542+00:00
AR,2018-11-01,nan (201811),indec_Núcleo_indice,174.1546,indice,indec,2026-08-05T21:48:05.576542+00:00
AR,2018-11-01,nan (201811),indec_Núcleo_variacion_mensual,3.3,%,indec,2026-08-05T21:48:05.576542+00:00
AR,2018-11-01,nan (201811),indec_Núcleo_variacion_interanual,46.2,%,indec,2026-08-05T21:48:05.576542+00:00
AR,2018-11-01,nan (201811),indec_Regulados_indice,207.5084,indice,indec,2026-08-05T21:48:05.576542+00:00
AR,2018-11-01,nan (201811),indec_Regulados_variacion_mensual,2.8,%,indec,2026-08-05T21:48:05.576542+00:00
AR,2018-11-01,nan (201811),indec_Regulados_variacion_interanual,63.2,%,indec,2026-08-05T21:48:05.576542+00:00
AR,2018-11-01,nan (201811),indec_B_indice,177.3628,indice,indec,2026-08-05T21:48:05.576542+00:00
AR,2018-11-01,nan (201811),indec_B_variacion_mensual,3.7,%,indec,2026-08-05T21:48:05.576542+00:00
AR,2018-11-01,nan (201811),indec_B_variacion_interanual,49.5,%,indec,2026-08-05T21:48:05.576542+00:00
AR,2018-11-01,nan (201811),indec_S_indice,184.8322,indice,indec,2026-08-05T21:48:05.576542+00:00
AR,2018-11-01,nan (201811),indec_S_variacion_mensual,2.1,%,indec,2026-08-05T21:48:05.576542+00:00
AR,2018-11-01,nan (201811),indec_S_variacion_interanual,46.7,%,indec,2026-08-05T21:48:05.576542+00:00
AR,2018-12-01,NIVEL GENERAL (201812),indec_0_indice,184.2552,indice,indec,2026-08-05T21:48:05.576542+00:00
AR,2018-12-01,NIVEL GENERAL (201812),indec_0_variacion_mensual,2.6,%,indec,2026-08-05T21:48:05.576542+00:00
AR,2018-12-01,NIVEL GENERAL (201812),indec_0_variacion_interanual,47.6,%,indec,2026-08-05T21:48:05.576542+00:00
AR,2018-12-01,Alimentos y bebidas no alcohólicas (201812),indec_01_indice,181.9359,indice,indec,2026-08-05T21:48:05.576542+00:00
AR,2018-12-01,Alimentos y bebidas no alcohólicas (201812),indec_01_variacion_mensual,1.7,%,indec,2026-08-05T21:48:05.576542+00:00
AR,2018-12-01,Alimentos y bebidas no alcohólicas (201812),indec_01_variacion_interanual,51.2,%,indec,2026-08-05T21:48:05.576542+00:00
AR,2018-12-01,Bebidas alcohólicas y tabaco (201812),indec_02_indice,158.6722,indice,indec,2026-08-05T21:48:05.576542+00:00
AR,2018-12-01,Bebidas alcohólicas y tabaco (201812),indec_02_variacion_mensual,1.4,%,indec,2026-08-05T21:48:05.576542+00:00
AR,2018-12-01,Bebidas alcohólicas y tabaco (201812),indec_02_variacion_interanual,28.3,%,indec,2026-08-05T21:48:05.576542+00:00
AR,2018-12-01,Prendas de vestir y calzado (201812),indec_03_indice,155.1797,indice,indec,2026-08-05T21:48:05.576542+00:00
AR,2018-12-01,Prendas de vestir y calzado (201812),indec_03_variacion_mensual,1.1,%,indec,2026-08-05T21:48:05.576542+00:00
AR,2018-12-01,Prendas de vestir y calzado (201812),indec_03_variacion_interanual,33.1,%,indec,2026-08-05T21:48:05.576542+00:00
AR,2018-12-01,"Vivienda, agua, electricidad, gas y otros combustibles (201812)",indec_04_indice,226.6993,indice,indec,2026-08-05T21:48:05.576542+00:00
AR,2018-12-01,"Vivienda, agua, electricidad, gas y otros combustibles (201812)",indec_04_variacion_mensual,3.0,%,indec,2026-08-05T21:48:05.576542+00:00
AR,2018-12-01,"Vivienda, agua, electricidad, gas y otros combustibles (201812)",indec_04_variacion_interanual,45.7,%,indec,2026-08-05T21:48:05.576542+00:00
AR,2018-12-01,Equipamiento y mantenimiento del hogar (201812),indec_05_indice,176.1826,indice,indec,2026-08-05T21:48:05.576542+00:00
AR,2018-12-01,Equipamiento y mantenimiento del hogar (201812),indec_05_variacion_mensual,1.9,%,indec,2026-08-05T21:48:05.576542+00:00
AR,2018-12-01,Equipamiento y mantenimiento del hogar (201812),indec_05_variacion_interanual,50.0,%,indec,2026-08-05T21:48:05.576542+00:00
AR,2018-12-01,Salud (201812),indec_06_indice,191.9052,indice,indec,2026-08-05T21:48:05.576542+00:00
AR,2018-12-01,Salud (201812),indec_06_variacion_mensual,5.2,%,indec,2026-08-05T21:48:05.576542+00:00
AR,2018-12-01,Salud (201812),indec_06_variacion_interanual,50.2,%,indec,2026-08-05T21:48:05.576542+00:00
AR,2018-12-01,Transporte (201812),indec_07_indice,201.2271,indice,indec,2026-08-05T21:48:05.576542+00:00
AR,2018-12-01,Transporte (201812),indec_07_variacion_mensual,2.4,%,indec,2026-08-05T21:48:05.576542+00:00
AR,2018-12-01,Transporte (201812),indec_07_variacion_interanual,66.8,%,indec,2026-08-05T21:48:05.576542+00:00
AR,2018-12-01,Comunicación (201812),indec_08_indice,208.333,indice,indec,2026-08-05T21:48:05.576542+00:00
AR,2018-12-01,Comunicación (201812),indec_08_variacion_mensual,7.7,%,indec,2026-08-05T21:48:05.576542+00:00
AR,2018-12-01,Comunicación (201812),indec_08_variacion_interanual,55.3,%,indec,2026-08-05T21:48:05.576542+00:00
AR,2018-12-01,Recreación y cultura (201812),indec_09_indice,176.0803,indice,indec,2026-08-05T21:48:05.576542+00:00
AR,2018-12-01,Recreación y cultura (201812),indec_09_variacion_mensual,2.6,%,indec,2026-08-05T21:48:05.576542+00:00
AR,2018-12-01,Recreación y cultura (201812),indec_09_variacion_interanual,43.4,%,indec,2026-08-05T21:48:05.576542+00:00
AR,2018-12-01,Educación (201812),indec_10_indice,173.7237,indice,indec,2026-08-05T21:48:05.576542+00:00
AR,2018-12-01,Educación (201812),indec_10_variacion_mensual,1.0,%,indec,2026-08-05T21:48:05.576542+00:00
AR,2018-12-01,Educación (201812),indec_10_variacion_interanual,32.1,%,indec,2026-08-05T21:48:05.576542+00:00
AR,2018-12-01,Restaurantes y hoteles (201812),indec_11_indice,169.794,indice,indec,2026-08-05T21:48:05.576542+00:00
AR,2018-12-01,Restaurantes y hoteles (201812),indec_11_variacion_mensual,2.7,%,indec,2026-08-05T21:48:05.576542+00:00
AR,2018-12-01,Restaurantes y hoteles (201812),indec_11_variacion_interanual,39.0,%,indec,2026-08-05T21:48:05.576542+00:00
AR,2018-12-01,Bienes y servicios varios (201812),indec_12_indice,183.608,indice,indec,2026-08-05T21:48:05.576542+00:00
AR,2018-12-01,Bienes y servicios varios (201812),indec_12_variacion_mensual,3.4,%,indec,2026-08-05T21:48:05.576542+00:00
AR,2018-12-01,Bienes y servicios varios (201812),indec_12_variacion_interanual,53.2,%,indec,2026-08-05T21:48:05.576542+00:00
AR,2018-12-01,nan (201812),indec_Estacional_indice,164.2686,indice,indec,2026-08-05T21:48:05.576542+00:00
AR,2018-12-01,nan (201812),indec_Estacional_variacion_mensual,1.4,%,indec,2026-08-05T21:48:05.576542+00:00
AR,2018-12-01,nan (201812),indec_Estacional_variacion_interanual,35.2,%,indec,2026-08-05T21:48:05.576542+00:00
AR,2018-12-01,nan (201812),indec_Núcleo_indice,178.9326,indice,indec,2026-08-05T21:48:05.576542+00:00
AR,2018-12-01,nan (201812),indec_Núcleo_variacion_mensual,2.7,%,indec,2026-08-05T21:48:05.576542+00:00
AR,2018-12-01,nan (201812),indec_Núcleo_variacion_interanual,47.7,%,indec,2026-08-05T21:48:05.576542+00:00
AR,2018-12-01,nan (201812),indec_Regulados_indice,212.85,indice,indec,2026-08-05T21:48:05.576542+00:00
AR,2018-12-01,nan (201812),indec_Regulados_variacion_mensual,2.6,%,indec,2026-08-05T21:48:05.576542+00:00
AR,2018-12-01,nan (201812),indec_Regulados_variacion_interanual,53.5,%,indec,2026-08-05T21:48:05.576542+00:00
AR,2018-12-01,nan (201812),indec_B_indice,180.7733,indice,indec,2026-08-05T21:48:05.576542+00:00
AR,2018-12-01,nan (201812),indec_B_variacion_mensual,1.9,%,indec,2026-08-05T21:48:05.576542+00:00
AR,2018-12-01,nan (201812),indec_B_variacion_interanual,50.5,%,indec,2026-08-05T21:48:05.576542+00:00
AR,2018-12-01,nan (201812),indec_S_indice,191.667,indice,indec,2026-08-05T21:48:05.576542+00:00
AR,2018-12-01,nan (201812),indec_S_variacion_mensual,3.7,%,indec,2026-08-05T21:48:05.576542+00:00
AR,2018-12-01,nan (201812),indec_S_variacion_interanual,42.8,%,indec,2026-08-05T21:48:05.576542+00:00
AR,2019-01-01,NIVEL GENERAL (201901),indec_0_indice,189.6101,indice,indec,2026-08-05T21:48:05.576542+00:00
AR,2019-01-01,NIVEL GENERAL (201901),indec_0_variacion_mensual,2.9,%,indec,2026-08-05T21:48:05.576542+00:00
AR,2019-01-01,NIVEL GENERAL (201901),indec_0_variacion_interanual,49.3,%,indec,2026-08-05T21:48:05.576542+00:00
AR,2019-01-01,Alimentos y bebidas no alcohólicas (201901),indec_01_indice,188.0357,indice,indec,2026-08-05T21:48:05.576542+00:00
AR,2019-01-01,Alimentos y bebidas no alcohólicas (201901),indec_01_variacion_mensual,3.4,%,indec,2026-08-05T21:48:05.576542+00:00
AR,2019-01-01,Alimentos y bebidas no alcohólicas (201901),indec_01_variacion_interanual,53.0,%,indec,2026-08-05T21:48:05.576542+00:00
AR,2019-01-01,Bebidas alcohólicas y tabaco (201901),indec_02_indice,164.1486,indice,indec,2026-08-05T21:48:05.576542+00:00
AR,2019-01-01,Bebidas alcohólicas y tabaco (201901),indec_02_variacion_mensual,3.5,%,indec,2026-08-05T21:48:05.576542+00:00
AR,2019-01-01,Bebidas alcohólicas y tabaco (201901),indec_02_variacion_interanual,29.7,%,indec,2026-08-05T21:48:05.576542+00:00
AR,2019-01-01,Prendas de vestir y calzado (201901),indec_03_indice,154.3105,indice,indec,2026-08-05T21:48:05.576542+00:00
AR,2019-01-01,Prendas de vestir y calzado (201901),indec_03_variacion_mensual,-0.6,%,indec,2026-08-05T21:48:05.576542+00:00
AR,2019-01-01,Prendas de vestir y calzado (201901),indec_03_variacion_interanual,33.3,%,indec,2026-08-05T21:48:05.576542+00:00
AR,2019-01-01,"Vivienda, agua, electricidad, gas y otros combustibles (201901)",indec_04_indice,233.7201,indice,indec,2026-08-05T21:48:05.576542+00:00
AR,2019-01-01,"Vivienda, agua, electricidad, gas y otros combustibles (201901)",indec_04_variacion_mensual,3.1,%,indec,2026-08-05T21:48:05.576542+00:00
AR,2019-01-01,"Vivienda, agua, electricidad, gas y otros combustibles (201901)",indec_04_variacion_interanual,48.7,%,indec,2026-08-05T21:48:05.576542+00:00
AR,2019-01-01,Equipamiento y mantenimiento del hogar (201901),indec_05_indice,180.8936,indice,indec,2026-08-05T21:48:05.576542+00:00
AR,2019-01-01,Equipamiento y mantenimiento del hogar (201901),indec_05_variacion_mensual,2.7,%,indec,2026-08-05T21:48:05.576542+00:00
AR,2019-01-01,Equipamiento y mantenimiento del hogar (201901),indec_05_variacion_interanual,52.5,%,indec,2026-08-05T21:48:05.576542+00:00
AR,2019-01-01,Salud (201901),indec_06_indice,197.4877,indice,indec,2026-08-05T21:48:05.576542+00:00
AR,2019-01-01,Salud (201901),indec_06_variacion_mensual,2.9,%,indec,2026-08-05T21:48:05.576542+00:00
AR,2019-01-01,Salud (201901),indec_06_variacion_interanual,51.9,%,indec,2026-08-05T21:48:05.576542+00:00
AR,2019-01-01,Transporte (201901),indec_07_indice,206.205,indice,indec,2026-08-05T21:48:05.576542+00:00
AR,2019-01-01,Transporte (201901),indec_07_variacion_mensual,2.5,%,indec,2026-08-05T21:48:05.576542+00:00
AR,2019-01-01,Transporte (201901),indec_07_variacion_interanual,67.3,%,indec,2026-08-05T21:48:05.576542+00:00
AR,2019-01-01,Comunicación (201901),indec_08_indice,223.7092,indice,indec,2026-08-05T21:48:05.576542+00:00
AR,2019-01-01,Comunicación (201901),indec_08_variacion_mensual,7.4,%,indec,2026-08-05T21:48:05.576542+00:00
AR,2019-01-01,Comunicación (201901),indec_08_variacion_interanual,63.7,%,indec,2026-08-05T21:48:05.576542+00:00
AR,2019-01-01,Recreación y cultura (201901),indec_09_indice,182.2543,indice,indec,2026-08-05T21:48:05.576542+00:00
AR,2019-01-01,Recreación y cultura (201901),indec_09_variacion_mensual,3.5,%,indec,2026-08-05T21:48:05.576542+00:00
AR,2019-01-01,Recreación y cultura (201901),indec_09_variacion_interanual,43.5,%,indec,2026-08-05T21:48:05.576542+00:00
AR,2019-01-01,Educación (201901),indec_10_indice,174.7196,indice,indec,2026-08-05T21:48:05.576542+00:00
AR,2019-01-01,Educación (201901),indec_10_variacion_mensual,0.6,%,indec,2026-08-05T21:48:05.576542+00:00
AR,2019-01-01,Educación (201901),indec_10_variacion_interanual,32.1,%,indec,2026-08-05T21:48:05.576542+00:00
AR,2019-01-01,Restaurantes y hoteles (201901),indec_11_indice,176.1325,indice,indec,2026-08-05T21:48:05.576542+00:00
AR,2019-01-01,Restaurantes y hoteles (201901),indec_11_variacion_mensual,3.7,%,indec,2026-08-05T21:48:05.576542+00:00
AR,2019-01-01,Restaurantes y hoteles (201901),indec_11_variacion_interanual,40.1,%,indec,2026-08-05T21:48:05.576542+00:00
AR,2019-01-01,Bienes y servicios varios (201901),indec_12_indice,190.2864,indice,indec,2026-08-05T21:48:05.576542+00:00
AR,2019-01-01,Bienes y servicios varios (201901),indec_12_variacion_mensual,3.6,%,indec,2026-08-05T21:48:05.576542+00:00
AR,2019-01-01,Bienes y servicios varios (201901),indec_12_variacion_interanual,55.1,%,indec,2026-08-05T21:48:05.576542+00:00
AR,2019-01-01,nan (201901),indec_Estacional_indice,166.073,indice,indec,2026-08-05T21:48:05.576542+00:00
AR,2019-01-01,nan (201901),indec_Estacional_variacion_mensual,1.1,%,indec,2026-08-05T21:48:05.576542+00:00
AR,2019-01-01,nan (201901),indec_Estacional_variacion_interanual,33.2,%,indec,2026-08-05T21:48:05.576542+00:00
AR,2019-01-01,nan (201901),indec_Núcleo_indice,184.3056,indice,indec,2026-08-05T21:48:05.576542+00:00
AR,2019-01-01,nan (201901),indec_Núcleo_variacion_mensual,3.0,%,indec,2026-08-05T21:48:05.576542+00:00
AR,2019-01-01,nan (201901),indec_Núcleo_variacion_interanual,49.9,%,indec,2026-08-05T21:48:05.576542+00:00
AR,2019-01-01,nan (201901),indec_Regulados_indice,220.132,indice,indec,2026-08-05T21:48:05.576542+00:00
AR,2019-01-01,nan (201901),indec_Regulados_variacion_mensual,3.4,%,indec,2026-08-05T21:48:05.576542+00:00
AR,2019-01-01,nan (201901),indec_Regulados_variacion_interanual,55.4,%,indec,2026-08-05T21:48:05.576542+00:00
AR,2019-01-01,nan (201901),indec_B_indice,185.5353,indice,indec,2026-08-05T21:48:05.576542+00:00
AR,2019-01-01,nan (201901),indec_B_variacion_mensual,2.6,%,indec,2026-08-05T21:48:05.576542+00:00
AR,2019-01-01,nan (201901),indec_B_variacion_interanual,52.0,%,indec,2026-08-05T21:48:05.576542+00:00
AR,2019-01-01,nan (201901),indec_S_indice,198.4457,indice,indec,2026-08-05T21:48:05.576542+00:00
AR,2019-01-01,nan (201901),indec_S_variacion_mensual,3.5,%,indec,2026-08-05T21:48:05.576542+00:00
AR,2019-01-01,nan (201901),indec_S_variacion_interanual,44.8,%,indec,2026-08-05T21:48:05.576542+00:00
AR,2019-02-01,NIVEL GENERAL (201902),indec_0_indice,196.7501,indice,indec,2026-08-05T21:48:05.576542+00:00
AR,2019-02-01,NIVEL GENERAL (201902),indec_0_variacion_mensual,3.8,%,indec,2026-08-05T21:48:05.576542+00:00
AR,2019-02-01,NIVEL GENERAL (201902),indec_0_variacion_interanual,51.3,%,indec,2026-08-05T21:48:05.576542+00:00
AR,2019-02-01,Alimentos y bebidas no alcohólicas (201902),indec_01_indice,198.7818,indice,indec,2026-08-05T21:48:05.576542+00:00
AR,2019-02-01,Alimentos y bebidas no alcohólicas (201902),indec_01_variacion_mensual,5.7,%,indec,2026-08-05T21:48:05.576542+00:00
AR,2019-02-01,Alimentos y bebidas no alcohólicas (201902),indec_01_variacion_interanual,58.3,%,indec,2026-08-05T21:48:05.576542+00:00
AR,2019-02-01,Bebidas alcohólicas y tabaco (201902),indec_02_indice,168.0165,indice,indec,2026-08-05T21:48:05.576542+00:00
AR,2019-02-01,Bebidas alcohólicas y tabaco (201902),indec_02_variacion_mensual,2.4,%,indec,2026-08-05T21:48:05.576542+00:00
AR,2019-02-01,Bebidas alcohólicas y tabaco (201902),indec_02_variacion_interanual,30.5,%,indec,2026-08-05T21:48:05.576542+00:00
AR,2019-02-01,Prendas de vestir y calzado (201902),indec_03_indice,155.7973,indice,indec,2026-08-05T21:48:05.576542+00:00
AR,2019-02-01,Prendas de vestir y calzado (201902),indec_03_variacion_mensual,1.0,%,indec,2026-08-05T21:48:05.576542+00:00
AR,2019-02-01,Prendas de vestir y calzado (201902),indec_03_variacion_interanual,35.4,%,indec,2026-08-05T21:48:05.576542+00:00
AR,2019-02-01,"Vivienda, agua, electricidad, gas y otros combustibles (201902)",indec_04_indice,248.6768,indice,indec,2026-08-05T21:48:05.576542+00:00
AR,2019-02-01,"Vivienda, agua, electricidad, gas y otros combustibles (201902)",indec_04_variacion_mensual,6.4,%,indec,2026-08-05T21:48:05.576542+00:00
AR,2019-02-01,"Vivienda, agua, electricidad, gas y otros combustibles (201902)",indec_04_variacion_interanual,52.4,%,indec,2026-08-05T21:48:05.576542+00:00
AR,2019-02-01,Equipamiento y mantenimiento del hogar (201902),indec_05_indice,185.932,indice,indec,2026-08-05T21:48:05.576542+00:00
AR,2019-02-01,Equipamiento y mantenimiento del hogar (201902),indec_05_variacion_mensual,2.8,%,indec,2026-08-05T21:48:05.576542+00:00
AR,2019-02-01,Equipamiento y mantenimiento del hogar (201902),indec_05_variacion_interanual,54.0,%,indec,2026-08-05T21:48:05.576542+00:00
AR,2019-02-01,Salud (201902),indec_06_indice,203.7521,indice,indec,2026-08-05T21:48:05.576542+00:00
AR,2019-02-01,Salud (201902),indec_06_variacion_mensual,3.2,%,indec,2026-08-05T21:48:05.576542+00:00
AR,2019-02-01,Salud (201902),indec_06_variacion_interanual,53.1,%,indec,2026-08-05T21:48:05.576542+00:00
AR,2019-02-01,Transporte (201902),indec_07_indice,210.7001,indice,indec,2026-08-05T21:48:05.576542+00:00
AR,2019-02-01,Transporte (201902),indec_07_variacion_mensual,2.2,%,indec,2026-08-05T21:48:05.576542+00:00
AR,2019-02-01,Transporte (201902),indec_07_variacion_interanual,63.6,%,indec,2026-08-05T21:48:05.576542+00:00
AR,2019-02-01,Comunicación (201902),indec_08_indice,226.1415,indice,indec,2026-08-05T21:48:05.576542+00:00
AR,2019-02-01,Comunicación (201902),indec_08_variacion_mensual,1.1,%,indec,2026-08-05T21:48:05.576542+00:00
AR,2019-02-01,Comunicación (201902),indec_08_variacion_interanual,51.7,%,indec,2026-08-05T21:48:05.576542+00:00
AR,2019-02-01,Recreación y cultura (201902),indec_09_indice,186.2753,indice,indec,2026-08-05T21:48:05.576542+00:00
AR,2019-02-01,Recreación y cultura (201902),indec_09_variacion_mensual,2.2,%,indec,2026-08-05T21:48:05.576542+00:00
AR,2019-02-01,Recreación y cultura (201902),indec_09_variacion_interanual,45.2,%,indec,2026-08-05T21:48:05.576542+00:00
AR,2019-02-01,Educación (201902),indec_10_indice,177.646,indice,indec,2026-08-05T21:48:05.576542+00:00
AR,2019-02-01,Educación (201902),indec_10_variacion_mensual,1.7,%,indec,2026-08-05T21:48:05.576542+00:00
AR,2019-02-01,Educación (201902),indec_10_variacion_interanual,31.8,%,indec,2026-08-05T21:48:05.576542+00:00
AR,2019-02-01,Restaurantes y hoteles (201902),indec_11_indice,182.5376,indice,indec,2026-08-05T21:48:05.576542+00:00
AR,2019-02-01,Restaurantes y hoteles (201902),indec_11_variacion_mensual,3.6,%,indec,2026-08-05T21:48:05.576542+00:00
AR,2019-02-01,Restaurantes y hoteles (201902),indec_11_variacion_interanual,42.2,%,indec,2026-08-05T21:48:05.576542+00:00
AR,2019-02-01,Bienes y servicios varios (201902),indec_12_indice,196.1795,indice,indec,2026-08-05T21:48:05.576542+00:00
AR,2019-02-01,Bienes y servicios varios (201902),indec_12_variacion_mensual,3.1,%,indec,2026-08-05T21:48:05.576542+00:00
AR,2019-02-01,Bienes y servicios varios (201902),indec_12_variacion_interanual,57.1,%,indec,2026-08-05T21:48:05.576542+00:00
AR,2019-02-01,nan (201902),indec_Estacional_indice,169.2729,indice,indec,2026-08-05T21:48:05.576542+00:00
AR,2019-02-01,nan (201902),indec_Estacional_variacion_mensual,1.9,%,indec,2026-08-05T21:48:05.576542+00:00
AR,2019-02-01,nan (201902),indec_Estacional_variacion_interanual,36.7,%,indec,2026-08-05T21:48:05.576542+00:00
AR,2019-02-01,nan (201902),indec_Núcleo_indice,191.4115,indice,indec,2026-08-05T21:48:05.576542+00:00
AR,2019-02-01,nan (201902),indec_Núcleo_variacion_mensual,3.9,%,indec,2026-08-05T21:48:05.576542+00:00
AR,2019-02-01,nan (201902),indec_Núcleo_variacion_interanual,52.5,%,indec,2026-08-05T21:48:05.576542+00:00
AR,2019-02-01,nan (201902),indec_Regulados_indice,229.4204,indice,indec,2026-08-05T21:48:05.576542+00:00
AR,2019-02-01,nan (201902),indec_Regulados_variacion_mensual,4.2,%,indec,2026-08-05T21:48:05.576542+00:00
AR,2019-02-01,nan (201902),indec_Regulados_variacion_interanual,54.5,%,indec,2026-08-05T21:48:05.576542+00:00
AR,2019-02-01,nan (201902),indec_B_indice,192.3845,indice,indec,2026-08-05T21:48:05.576542+00:00
AR,2019-02-01,nan (201902),indec_B_variacion_mensual,3.7,%,indec,2026-08-05T21:48:05.576542+00:00
AR,2019-02-01,nan (201902),indec_B_variacion_interanual,54.9,%,indec,2026-08-05T21:48:05.576542+00:00
AR,2019-02-01,nan (201902),indec_S_indice,206.0277,indice,indec,2026-08-05T21:48:05.576542+00:00
AR,2019-02-01,nan (201902),indec_S_variacion_mensual,3.8,%,indec,2026-08-05T21:48:05.576542+00:00
AR,2019-02-01,nan (201902),indec_S_variacion_interanual,45.2,%,indec,2026-08-05T21:48:05.576542+00:00
AR,2019-03-01,NIVEL GENERAL (201903),indec_0_indice,205.9571,indice,indec,2026-08-05T21:48:05.576542+00:00
AR,2019-03-01,NIVEL GENERAL (201903),indec_0_variacion_mensual,4.7,%,indec,2026-08-05T21:48:05.576542+00:00
AR,2019-03-01,NIVEL GENERAL (201903),indec_0_variacion_interanual,54.7,%,indec,2026-08-05T21:48:05.576542+00:00
AR,2019-03-01,Alimentos y bebidas no alcohólicas (201903),indec_01_indice,210.628,indice,indec,2026-08-05T21:48:05.576542+00:00
AR,2019-03-01,Alimentos y bebidas no alcohólicas (201903),indec_01_variacion_mensual,6.0,%,indec,2026-08-05T21:48:05.576542+00:00
AR,2019-03-01,Alimentos y bebidas no alcohólicas (201903),indec_01_variacion_interanual,64.0,%,indec,2026-08-05T21:48:05.576542+00:00
AR,2019-03-01,Bebidas alcohólicas y tabaco (201903),indec_02_indice,174.827,indice,indec,2026-08-05T21:48:05.576542+00:00
AR,2019-03-01,Bebidas alcohólicas y tabaco (201903),indec_02_variacion_mensual,4.1,%,indec,2026-08-05T21:48:05.576542+00:00
AR,2019-03-01,Bebidas alcohólicas y tabaco (201903),indec_02_variacion_interanual,34.9,%,indec,2026-08-05T21:48:05.576542+00:00
AR,2019-03-01,Prendas de vestir y calzado (201903),indec_03_indice,166.0308,indice,indec,2026-08-05T21:48:05.576542+00:00
AR,2019-03-01,Prendas de vestir y calzado (201903),indec_03_variacion_mensual,6.6,%,indec,2026-08-05T21:48:05.576542+00:00
AR,2019-03-01,Prendas de vestir y calzado (201903),indec_03_variacion_interanual,38.3,%,indec,2026-08-05T21:48:05.576542+00:00
AR,2019-03-01,"Vivienda, agua, electricidad, gas y otros combustibles (201903)",indec_04_indice,255.6783,indice,indec,2026-08-05T21:48:05.576542+00:00
AR,2019-03-01,"Vivienda, agua, electricidad, gas y otros combustibles (201903)",indec_04_variacion_mensual,2.8,%,indec,2026-08-05T21:48:05.576542+00:00
AR,2019-03-01,"Vivienda, agua, electricidad, gas y otros combustibles (201903)",indec_04_variacion_interanual,55.8,%,indec,2026-08-05T21:48:05.576542+00:00
AR,2019-03-01,Equipamiento y mantenimiento del hogar (201903),indec_05_indice,192.9944,indice,indec,2026-08-05T21:48:05.576542+00:00
AR,2019-03-01,Equipamiento y mantenimiento del hogar (201903),indec_05_variacion_mensual,3.8,%,indec,2026-08-05T21:48:05.576542+00:00
AR,2019-03-01,Equipamiento y mantenimiento del hogar (201903),indec_05_variacion_interanual,52.9,%,indec,2026-08-05T21:48:05.576542+00:00
AR,2019-03-01,Salud (201903),indec_06_indice,210.369,indice,indec,2026-08-05T21:48:05.576542+00:00
AR,2019-03-01,Salud (201903),indec_06_variacion_mensual,3.2,%,indec,2026-08-05T21:48:05.576542+00:00
AR,2019-03-01,Salud (201903),indec_06_variacion_interanual,56.0,%,indec,2026-08-05T21:48:05.576542+00:00
AR,2019-03-01,Transporte (201903),indec_07_indice,219.4872,indice,indec,2026-08-05T21:48:05.576542+00:00
AR,2019-03-01,Transporte (201903),indec_07_variacion_mensual,4.2,%,indec,2026-08-05T21:48:05.576542+00:00
AR,2019-03-01,Transporte (201903),indec_07_variacion_interanual,67.5,%,indec,2026-08-05T21:48:05.576542+00:00
AR,2019-03-01,Comunicación (201903),indec_08_indice,236.0623,indice,indec,2026-08-05T21:48:05.576542+00:00
AR,2019-03-01,Comunicación (201903),indec_08_variacion_mensual,4.4,%,indec,2026-08-05T21:48:05.576542+00:00
AR,2019-03-01,Comunicación (201903),indec_08_variacion_interanual,54.1,%,indec,2026-08-05T21:48:05.576542+00:00
AR,2019-03-01,Recreación y cultura (201903),indec_09_indice,189.9687,indice,indec,2026-08-05T21:48:05.576542+00:00
AR,2019-03-01,Recreación y cultura (201903),indec_09_variacion_mensual,2.0,%,indec,2026-08-05T21:48:05.576542+00:00
AR,2019-03-01,Recreación y cultura (201903),indec_09_variacion_interanual,46.3,%,indec,2026-08-05T21:48:05.576542+00:00
AR,2019-03-01,Educación (201903),indec_10_indice,209.4616,indice,indec,2026-08-05T21:48:05.576542+00:00
AR,2019-03-01,Educación (201903),indec_10_variacion_mensual,17.9,%,indec,2026-08-05T21:48:05.576542+00:00
AR,2019-03-01,Educación (201903),indec_10_variacion_interanual,36.5,%,indec,2026-08-05T21:48:05.576542+00:00
AR,2019-03-01,Restaurantes y hoteles (201903),indec_11_indice,190.4396,indice,indec,2026-08-05T21:48:05.576542+00:00
AR,2019-03-01,Restaurantes y hoteles (201903),indec_11_variacion_mensual,4.3,%,indec,2026-08-05T21:48:05.576542+00:00
AR,2019-03-01,Restaurantes y hoteles (201903),indec_11_variacion_interanual,45.8,%,indec,2026-08-05T21:48:05.576542+00:00
AR,2019-03-01,Bienes y servicios varios (201903),indec_12_indice,202.2281,indice,indec,2026-08-05T21:48:05.576542+00:00
AR,2019-03-01,Bienes y servicios varios (201903),indec_12_variacion_mensual,3.1,%,indec,2026-08-05T21:48:05.576542+00:00
AR,2019-03-01,Bienes y servicios varios (201903),indec_12_variacion_interanual,59.0,%,indec,2026-08-05T21:48:05.576542+00:00
AR,2019-03-01,nan (201903),indec_Estacional_indice,177.3407,indice,indec,2026-08-05T21:48:05.576542+00:00
AR,2019-03-01,nan (201903),indec_Estacional_variacion_mensual,4.8,%,indec,2026-08-05T21:48:05.576542+00:00
AR,2019-03-01,nan (201903),indec_Estacional_variacion_interanual,40.9,%,indec,2026-08-05T21:48:05.576542+00:00
AR,2019-03-01,nan (201903),indec_Núcleo_indice,200.1771,indice,indec,2026-08-05T21:48:05.576542+00:00
AR,2019-03-01,nan (201903),indec_Núcleo_variacion_mensual,4.6,%,indec,2026-08-05T21:48:05.576542+00:00
AR,2019-03-01,nan (201903),indec_Núcleo_variacion_interanual,55.5,%,indec,2026-08-05T21:48:05.576542+00:00
AR,2019-03-01,nan (201903),indec_Regulados_indice,240.6717,indice,indec,2026-08-05T21:48:05.576542+00:00
AR,2019-03-01,nan (201903),indec_Regulados_variacion_mensual,4.9,%,indec,2026-08-05T21:48:05.576542+00:00
AR,2019-03-01,nan (201903),indec_Regulados_variacion_interanual,58.9,%,indec,2026-08-05T21:48:05.576542+00:00
AR,2019-03-01,nan (201903),indec_B_indice,202.0032,indice,indec,2026-08-05T21:48:05.576542+00:00
AR,2019-03-01,nan (201903),indec_B_variacion_mensual,5.0,%,indec,2026-08-05T21:48:05.576542+00:00
AR,2019-03-01,nan (201903),indec_B_variacion_interanual,59.2,%,indec,2026-08-05T21:48:05.576542+00:00
AR,2019-03-01,nan (201903),indec_S_indice,214.5221,indice,indec,2026-08-05T21:48:05.576542+00:00
AR,2019-03-01,nan (201903),indec_S_variacion_mensual,4.1,%,indec,2026-08-05T21:48:05.576542+00:00
AR,2019-03-01,nan (201903),indec_S_variacion_interanual,47.2,%,indec,2026-08-05T21:48:05.576542+00:00
AR,2019-04-01,NIVEL GENERAL (201904),indec_0_indice,213.0517,indice,indec,2026-08-05T21:48:05.576542+00:00
AR,2019-04-01,NIVEL GENERAL (201904),indec_0_variacion_mensual,3.4,%,indec,2026-08-05T21:48:05.576542+00:00
AR,2019-04-01,NIVEL GENERAL (201904),indec_0_variacion_interanual,55.8,%,indec,2026-08-05T21:48:05.576542+00:00
AR,2019-04-01,Alimentos y bebidas no alcohólicas (201904),indec_01_indice,215.9985,indice,indec,2026-08-05T21:48:05.576542+00:00
AR,2019-04-01,Alimentos y bebidas no alcohólicas (201904),indec_01_variacion_mensual,2.5,%,indec,2026-08-05T21:48:05.576542+00:00
AR,2019-04-01,Alimentos y bebidas no alcohólicas (201904),indec_01_variacion_interanual,66.2,%,indec,2026-08-05T21:48:05.576542+00:00
AR,2019-04-01,Bebidas alcohólicas y tabaco (201904),indec_02_indice,176.6323,indice,indec,2026-08-05T21:48:05.576542+00:00
AR,2019-04-01,Bebidas alcohólicas y tabaco (201904),indec_02_variacion_mensual,1.0,%,indec,2026-08-05T21:48:05.576542+00:00
AR,2019-04-01,Bebidas alcohólicas y tabaco (201904),indec_02_variacion_interanual,34.5,%,indec,2026-08-05T21:48:05.576542+00:00
AR,2019-04-01,Prendas de vestir y calzado (201904),indec_03_indice,176.3303,indice,indec,2026-08-05T21:48:05.576542+00:00
AR,2019-04-01,Prendas de vestir y calzado (201904),indec_03_variacion_mensual,6.2,%,indec,2026-08-05T21:48:05.576542+00:00
AR,2019-04-01,Prendas de vestir y calzado (201904),indec_03_variacion_interanual,41.1,%,indec,2026-08-05T21:48:05.576542+00:00
AR,2019-04-01,"Vivienda, agua, electricidad, gas y otros combustibles (201904)",indec_04_indice,263.2012,indice,indec,2026-08-05T21:48:05.576542+00:00
AR,2019-04-01,"Vivienda, agua, electricidad, gas y otros combustibles (201904)",indec_04_variacion_mensual,2.9,%,indec,2026-08-05T21:48:05.576542+00:00
AR,2019-04-01,"Vivienda, agua, electricidad, gas y otros combustibles (201904)",indec_04_variacion_interanual,48.5,%,indec,2026-08-05T21:48:05.576542+00:00
AR,2019-04-01,Equipamiento y mantenimiento del hogar (201904),indec_05_indice,201.8547,indice,indec,2026-08-05T21:48:05.576542+00:00
AR,2019-04-01,Equipamiento y mantenimiento del hogar (201904),indec_05_variacion_mensual,4.6,%,indec,2026-08-05T21:48:05.576542+00:00
AR,2019-04-01,Equipamiento y mantenimiento del hogar (201904),indec_05_variacion_interanual,58.0,%,indec,2026-08-05T21:48:05.576542+00:00
AR,2019-04-01,Salud (201904),indec_06_indice,217.7389,indice,indec,2026-08-05T21:48:05.576542+00:00
AR,2019-04-01,Salud (201904),indec_06_variacion_mensual,3.5,%,indec,2026-08-05T21:48:05.576542+00:00
AR,2019-04-01,Salud (201904),indec_06_variacion_interanual,58.7,%,indec,2026-08-05T21:48:05.576542+00:00
AR,2019-04-01,Transporte (201904),indec_07_indice,229.0584,indice,indec,2026-08-05T21:48:05.576542+00:00
AR,2019-04-01,Transporte (201904),indec_07_variacion_mensual,4.4,%,indec,2026-08-05T21:48:05.576542+00:00
AR,2019-04-01,Transporte (201904),indec_07_variacion_interanual,68.0,%,indec,2026-08-05T21:48:05.576542+00:00
AR,2019-04-01,Comunicación (201904),indec_08_indice,244.3102,indice,indec,2026-08-05T21:48:05.576542+00:00
AR,2019-04-01,Comunicación (201904),indec_08_variacion_mensual,3.5,%,indec,2026-08-05T21:48:05.576542+00:00
AR,2019-04-01,Comunicación (201904),indec_08_variacion_interanual,57.8,%,indec,2026-08-05T21:48:05.576542+00:00
AR,2019-04-01,Recreación y cultura (201904),indec_09_indice,195.9999,indice,indec,2026-08-05T21:48:05.576542+00:00
AR,2019-04-01,Recreación y cultura (201904),indec_09_variacion_mensual,3.2,%,indec,2026-08-05T21:48:05.576542+00:00
AR,2019-04-01,Recreación y cultura (201904),indec_09_variacion_interanual,48.1,%,indec,2026-08-05T21:48:05.576542+00:00
AR,2019-04-01,Educación (201904),indec_10_indice,212.6984,indice,indec,2026-08-05T21:48:05.576542+00:00
AR,2019-04-01,Educación (201904),indec_10_variacion_mensual,1.5,%,indec,2026-08-05T21:48:05.576542+00:00
AR,2019-04-01,Educación (201904),indec_10_variacion_interanual,37.5,%,indec,2026-08-05T21:48:05.576542+00:00
AR,2019-04-01,Restaurantes y hoteles (201904),indec_11_indice,198.2112,indice,indec,2026-08-05T21:48:05.576542+00:00
AR,2019-04-01,Restaurantes y hoteles (201904),indec_11_variacion_mensual,4.1,%,indec,2026-08-05T21:48:05.576542+00:00
AR,2019-04-01,Restaurantes y hoteles (201904),indec_11_variacion_interanual,48.4,%,indec,2026-08-05T21:48:05.576542+00:00
AR,2019-04-01,Bienes y servicios varios (201904),indec_12_indice,208.235,indice,indec,2026-08-05T21:48:05.576542+00:00
AR,2019-04-01,Bienes y servicios varios (201904),indec_12_variacion_mensual,3.0,%,indec,2026-08-05T21:48:05.576542+00:00
AR,2019-04-01,Bienes y servicios varios (201904),indec_12_variacion_interanual,61.0,%,indec,2026-08-05T21:48:05.576542+00:00
AR,2019-04-01,nan (201904),indec_Estacional_indice,180.1891,indice,indec,2026-08-05T21:48:05.576542+00:00
AR,2019-04-01,nan (201904),indec_Estacional_variacion_mensual,1.6,%,indec,2026-08-05T21:48:05.576542+00:00
AR,2019-04-01,nan (201904),indec_Estacional_variacion_interanual,41.9,%,indec,2026-08-05T21:48:05.576542+00:00
AR,2019-04-01,nan (201904),indec_Núcleo_indice,207.7179,indice,indec,2026-08-05T21:48:05.576542+00:00
AR,2019-04-01,nan (201904),indec_Núcleo_variacion_mensual,3.8,%,indec,2026-08-05T21:48:05.576542+00:00
AR,2019-04-01,nan (201904),indec_Núcleo_variacion_interanual,58.0,%,indec,2026-08-05T21:48:05.576542+00:00
AR,2019-04-01,nan (201904),indec_Regulados_indice,248.5813,indice,indec,2026-08-05T21:48:05.576542+00:00
AR,2019-04-01,nan (201904),indec_Regulados_variacion_mensual,3.3,%,indec,2026-08-05T21:48:05.576542+00:00
AR,2019-04-01,nan (201904),indec_Regulados_variacion_interanual,55.9,%,indec,2026-08-05T21:48:05.576542+00:00
AR,2019-04-01,nan (201904),indec_B_indice,209.6065,indice,indec,2026-08-05T21:48:05.576542+00:00
AR,2019-04-01,nan (201904),indec_B_variacion_mensual,3.8,%,indec,2026-08-05T21:48:05.576542+00:00
AR,2019-04-01,nan (201904),indec_B_variacion_interanual,61.6,%,indec,2026-08-05T21:48:05.576542+00:00
AR,2019-04-01,nan (201904),indec_S_indice,220.6468,indice,indec,2026-08-05T21:48:05.576542+00:00
AR,2019-04-01,nan (201904),indec_S_variacion_mensual,2.9,%,indec,2026-08-05T21:48:05.576542+00:00
AR,2019-04-01,nan (201904),indec_S_variacion_interanual,46.0,%,indec,2026-08-05T21:48:05.576542+00:00
AR,2019-05-01,NIVEL GENERAL (201905),indec_0_indice,219.5691,indice,indec,2026-08-05T21:48:05.576542+00:00
AR,2019-05-01,NIVEL GENERAL (201905),indec_0_variacion_mensual,3.1,%,indec,2026-08-05T21:48:05.576542+00:00
AR,2019-05-01,NIVEL GENERAL (201905),indec_0_variacion_interanual,57.3,%,indec,2026-08-05T21:48:05.576542+00:00
AR,2019-05-01,Alimentos y bebidas no alcohólicas (201905),indec_01_indice,221.2588,indice,indec,2026-08-05T21:48:05.576542+00:00
AR,2019-05-01,Alimentos y bebidas no alcohólicas (201905),indec_01_variacion_mensual,2.4,%,indec,2026-08-05T21:48:05.576542+00:00
AR,2019-05-01,Alimentos y bebidas no alcohólicas (201905),indec_01_variacion_interanual,64.9,%,indec,2026-08-05T21:48:05.576542+00:00
AR,2019-05-01,Bebidas alcohólicas y tabaco (201905),indec_02_indice,180.4588,indice,indec,2026-08-05T21:48:05.576542+00:00
AR,2019-05-01,Bebidas alcohólicas y tabaco (201905),indec_02_variacion_mensual,2.2,%,indec,2026-08-05T21:48:05.576542+00:00
AR,2019-05-01,Bebidas alcohólicas y tabaco (201905),indec_02_variacion_interanual,35.3,%,indec,2026-08-05T21:48:05.576542+00:00
AR,2019-05-01,Prendas de vestir y calzado (201905),indec_03_indice,182.2453,indice,indec,2026-08-05T21:48:05.576542+00:00
AR,2019-05-01,Prendas de vestir y calzado (201905),indec_03_variacion_mensual,3.4,%,indec,2026-08-05T21:48:05.576542+00:00
AR,2019-05-01,Prendas de vestir y calzado (201905),indec_03_variacion_interanual,43.1,%,indec,2026-08-05T21:48:05.576542+00:00
AR,2019-05-01,"Vivienda, agua, electricidad, gas y otros combustibles (201905)",indec_04_indice,273.6695,indice,indec,2026-08-05T21:48:05.576542+00:00
AR,2019-05-01,"Vivienda, agua, electricidad, gas y otros combustibles (201905)",indec_04_variacion_mensual,4.0,%,indec,2026-08-05T21:48:05.576542+00:00
AR,2019-05-01,"Vivienda, agua, electricidad, gas y otros combustibles (201905)",indec_04_variacion_interanual,55.5,%,indec,2026-08-05T21:48:05.576542+00:00
AR,2019-05-01,Equipamiento y mantenimiento del hogar (201905),indec_05_indice,208.3447,indice,indec,2026-08-05T21:48:05.576542+00:00
AR,2019-05-01,Equipamiento y mantenimiento del hogar (201905),indec_05_variacion_mensual,3.2,%,indec,2026-08-05T21:48:05.576542+00:00
AR,2019-05-01,Equipamiento y mantenimiento del hogar (201905),indec_05_variacion_interanual,59.6,%,indec,2026-08-05T21:48:05.576542+00:00
AR,2019-05-01,Salud (201905),indec_06_indice,228.7921,indice,indec,2026-08-05T21:48:05.576542+00:00
AR,2019-05-01,Salud (201905),indec_06_variacion_mensual,5.1,%,indec,2026-08-05T21:48:05.576542+00:00
AR,2019-05-01,Salud (201905),indec_06_variacion_interanual,63.1,%,indec,2026-08-05T21:48:05.576542+00:00
AR,2019-05-01,Transporte (201905),indec_07_indice,237.057,indice,indec,2026-08-05T21:48:05.576542+00:00
AR,2019-05-01,Transporte (201905),indec_07_variacion_mensual,3.5,%,indec,2026-08-05T21:48:05.576542+00:00
AR,2019-05-01,Transporte (201905),indec_07_variacion_interanual,70.6,%,indec,2026-08-05T21:48:05.576542+00:00
AR,2019-05-01,Comunicación (201905),indec_08_indice,249.1176,indice,indec,2026-08-05T21:48:05.576542+00:00
AR,2019-05-01,Comunicación (201905),indec_08_variacion_mensual,2.0,%,indec,2026-08-05T21:48:05.576542+00:00
AR,2019-05-01,Comunicación (201905),indec_08_variacion_interanual,54.9,%,indec,2026-08-05T21:48:05.576542+00:00
AR,2019-05-01,Recreación y cultura (201905),indec_09_indice,200.6997,indice,indec,2026-08-05T21:48:05.576542+00:00
AR,2019-05-01,Recreación y cultura (201905),indec_09_variacion_mensual,2.4,%,indec,2026-08-05T21:48:05.576542+00:00
AR,2019-05-01,Recreación y cultura (201905),indec_09_variacion_interanual,48.0,%,indec,2026-08-05T21:48:05.576542+00:00
AR,2019-05-01,Educación (201905),indec_10_indice,219.6863,indice,indec,2026-08-05T21:48:05.576542+00:00
AR,2019-05-01,Educación (201905),indec_10_variacion_mensual,3.3,%,indec,2026-08-05T21:48:05.576542+00:00
AR,2019-05-01,Educación (201905),indec_10_variacion_interanual,40.8,%,indec,2026-08-05T21:48:05.576542+00:00
AR,2019-05-01,Restaurantes y hoteles (201905),indec_11_indice,202.6055,indice,indec,2026-08-05T21:48:05.576542+00:00
AR,2019-05-01,Restaurantes y hoteles (201905),indec_11_variacion_mensual,2.2,%,indec,2026-08-05T21:48:05.576542+00:00
AR,2019-05-01,Restaurantes y hoteles (201905),indec_11_variacion_interanual,48.1,%,indec,2026-08-05T21:48:05.576542+00:00
AR,2019-05-01,Bienes y servicios varios (201905),indec_12_indice,214.0404,indice,indec,2026-08-05T21:48:05.576542+00:00
AR,2019-05-01,Bienes y servicios varios (201905),indec_12_variacion_mensual,2.8,%,indec,2026-08-05T21:48:05.576542+00:00
AR,2019-05-01,Bienes y servicios varios (201905),indec_12_variacion_interanual,62.3,%,indec,2026-08-05T21:48:05.576542+00:00
AR,2019-05-01,nan (201905),indec_Estacional_indice,181.3032,indice,indec,2026-08-05T21:48:05.576542+00:00
AR,2019-05-01,nan (201905),indec_Estacional_variacion_mensual,0.6,%,indec,2026-08-05T21:48:05.576542+00:00
AR,2019-05-01,nan (201905),indec_Estacional_variacion_interanual,39.3,%,indec,2026-08-05T21:48:05.576542+00:00
AR,2019-05-01,nan (201905),indec_Núcleo_indice,214.3182,indice,indec,2026-08-05T21:48:05.576542+00:00
AR,2019-05-01,nan (201905),indec_Núcleo_variacion_mensual,3.2,%,indec,2026-08-05T21:48:05.576542+00:00
AR,2019-05-01,nan (201905),indec_Núcleo_variacion_interanual,58.8,%,indec,2026-08-05T21:48:05.576542+00:00
AR,2019-05-01,nan (201905),indec_Regulados_indice,257.831,indice,indec,2026-08-05T21:48:05.576542+00:00
AR,2019-05-01,nan (201905),indec_Regulados_variacion_mensual,3.7,%,indec,2026-08-05T21:48:05.576542+00:00
AR,2019-05-01,nan (201905),indec_Regulados_variacion_interanual,61.1,%,indec,2026-08-05T21:48:05.576542+00:00
AR,2019-05-01,nan (201905),indec_B_indice,216.1589,indice,indec,2026-08-05T21:48:05.576542+00:00
AR,2019-05-01,nan (201905),indec_B_variacion_mensual,3.1,%,indec,2026-08-05T21:48:05.576542+00:00
AR,2019-05-01,nan (201905),indec_B_variacion_interanual,62.3,%,indec,2026-08-05T21:48:05.576542+00:00
AR,2019-05-01,nan (201905),indec_S_indice,227.1999,indice,indec,2026-08-05T21:48:05.576542+00:00
AR,2019-05-01,nan (201905),indec_S_variacion_mensual,3.0,%,indec,2026-08-05T21:48:05.576542+00:00
AR,2019-05-01,nan (201905),indec_S_variacion_interanual,48.8,%,indec,2026-08-05T21:48:05.576542+00:00
AR,2019-06-01,NIVEL GENERAL (201906),indec_0_indice,225.537,indice,indec,2026-08-05T21:48:05.576542+00:00
AR,2019-06-01,NIVEL GENERAL (201906),indec_0_variacion_mensual,2.7,%,indec,2026-08-05T21:48:05.576542+00:00
AR,2019-06-01,NIVEL GENERAL (201906),indec_0_variacion_interanual,55.8,%,indec,2026-08-05T21:48:05.576542+00:00
AR,2019-06-01,Alimentos y bebidas no alcohólicas (201906),indec_01_indice,226.9033,indice,indec,2026-08-05T21:48:05.576542+00:00
AR,2019-06-01,Alimentos y bebidas no alcohólicas (201906),indec_01_variacion_mensual,2.6,%,indec,2026-08-05T21:48:05.576542+00:00
AR,2019-06-01,Alimentos y bebidas no alcohólicas (201906),indec_01_variacion_interanual,60.8,%,indec,2026-08-05T21:48:05.576542+00:00
AR,2019-06-01,Bebidas alcohólicas y tabaco (201906),indec_02_indice,185.3625,indice,indec,2026-08-05T21:48:05.576542+00:00
AR,2019-06-01,Bebidas alcohólicas y tabaco (201906),indec_02_variacion_mensual,2.7,%,indec,2026-08-05T21:48:05.576542+00:00
AR,2019-06-01,Bebidas alcohólicas y tabaco (201906),indec_02_variacion_interanual,37.7,%,indec,2026-08-05T21:48:05.576542+00:00
AR,2019-06-01,Prendas de vestir y calzado (201906),indec_03_indice,185.7061,indice,indec,2026-08-05T21:48:05.576542+00:00
AR,2019-06-01,Prendas de vestir y calzado (201906),indec_03_variacion_mensual,1.9,%,indec,2026-08-05T21:48:05.576542+00:00
AR,2019-06-01,Prendas de vestir y calzado (201906),indec_03_variacion_interanual,43.1,%,indec,2026-08-05T21:48:05.576542+00:00
AR,2019-06-01,"Vivienda, agua, electricidad, gas y otros combustibles (201906)",indec_04_indice,281.0736,indice,indec,2026-08-05T21:48:05.576542+00:00
AR,2019-06-01,"Vivienda, agua, electricidad, gas y otros combustibles (201906)",indec_04_variacion_mensual,2.7,%,indec,2026-08-05T21:48:05.576542+00:00
AR,2019-06-01,"Vivienda, agua, electricidad, gas y otros combustibles (201906)",indec_04_variacion_interanual,55.6,%,indec,2026-08-05T21:48:05.576542+00:00
AR,2019-06-01,Equipamiento y mantenimiento del hogar (201906),indec_05_indice,215.4878,indice,indec,2026-08-05T21:48:05.576542+00:00
AR,2019-06-01,Equipamiento y mantenimiento del hogar (201906),indec_05_variacion_mensual,3.4,%,indec,2026-08-05T21:48:05.576542+00:00
AR,2019-06-01,Equipamiento y mantenimiento del hogar (201906),indec_05_variacion_interanual,58.6,%,indec,2026-08-05T21:48:05.576542+00:00
AR,2019-06-01,Salud (201906),indec_06_indice,236.9165,indice,indec,2026-08-05T21:48:05.576542+00:00
AR,2019-06-01,Salud (201906),indec_06_variacion_mensual,3.6,%,indec,2026-08-05T21:48:05.576542+00:00
AR,2019-06-01,Salud (201906),indec_06_variacion_interanual,61.9,%,indec,2026-08-05T21:48:05.576542+00:00
AR,2019-06-01,Transporte (201906),indec_07_indice,240.7657,indice,indec,2026-08-05T21:48:05.576542+00:00
AR,2019-06-01,Transporte (201906),indec_07_variacion_mensual,1.6,%,indec,2026-08-05T21:48:05.576542+00:00
AR,2019-06-01,Transporte (201906),indec_07_variacion_interanual,63.6,%,indec,2026-08-05T21:48:05.576542+00:00
AR,2019-06-01,Comunicación (201906),indec_08_indice,266.8665,indice,indec,2026-08-05T21:48:05.576542+00:00
AR,2019-06-01,Comunicación (201906),indec_08_variacion_mensual,7.1,%,indec,2026-08-05T21:48:05.576542+00:00
AR,2019-06-01,Comunicación (201906),indec_08_variacion_interanual,65.3,%,indec,2026-08-05T21:48:05.576542+00:00
AR,2019-06-01,Recreación y cultura (201906),indec_09_indice,208.1341,indice,indec,2026-08-05T21:48:05.576542+00:00
AR,2019-06-01,Recreación y cultura (201906),indec_09_variacion_mensual,3.7,%,indec,2026-08-05T21:48:05.576542+00:00
AR,2019-06-01,Recreación y cultura (201906),indec_09_variacion_interanual,48.5,%,indec,2026-08-05T21:48:05.576542+00:00
AR,2019-06-01,Educación (201906),indec_10_indice,223.5381,indice,indec,2026-08-05T21:48:05.576542+00:00
AR,2019-06-01,Educación (201906),indec_10_variacion_mensual,1.8,%,indec,2026-08-05T21:48:05.576542+00:00
AR,2019-06-01,Educación (201906),indec_10_variacion_interanual,41.5,%,indec,2026-08-05T21:48:05.576542+00:00
AR,2019-06-01,Restaurantes y hoteles (201906),indec_11_indice,207.737,indice,indec,2026-08-05T21:48:05.576542+00:00
AR,2019-06-01,Restaurantes y hoteles (201906),indec_11_variacion_mensual,2.5,%,indec,2026-08-05T21:48:05.576542+00:00
AR,2019-06-01,Restaurantes y hoteles (201906),indec_11_variacion_interanual,47.9,%,indec,2026-08-05T21:48:05.576542+00:00
AR,2019-06-01,Bienes y servicios varios (201906),indec_12_indice,218.5697,indice,indec,2026-08-05T21:48:05.576542+00:00
AR,2019-06-01,Bienes y servicios varios (201906),indec_12_variacion_mensual,2.1,%,indec,2026-08-05T21:48:05.576542+00:00
AR,2019-06-01,Bienes y servicios varios (201906),indec_12_variacion_interanual,60.6,%,indec,2026-08-05T21:48:05.576542+00:00
AR,2019-06-01,nan (201906),indec_Estacional_indice,185.7752,indice,indec,2026-08-05T21:48:05.576542+00:00
AR,2019-06-01,nan (201906),indec_Estacional_variacion_mensual,2.5,%,indec,2026-08-05T21:48:05.576542+00:00
AR,2019-06-01,nan (201906),indec_Estacional_variacion_interanual,38.1,%,indec,2026-08-05T21:48:05.576542+00:00
AR,2019-06-01,nan (201906),indec_Núcleo_indice,220.1725,indice,indec,2026-08-05T21:48:05.576542+00:00
AR,2019-06-01,nan (201906),indec_Núcleo_variacion_mensual,2.7,%,indec,2026-08-05T21:48:05.576542+00:00
AR,2019-06-01,nan (201906),indec_Núcleo_variacion_interanual,56.7,%,indec,2026-08-05T21:48:05.576542+00:00
AR,2019-06-01,nan (201906),indec_Regulados_indice,265.016,indice,indec,2026-08-05T21:48:05.576542+00:00
AR,2019-06-01,nan (201906),indec_Regulados_variacion_mensual,2.8,%,indec,2026-08-05T21:48:05.576542+00:00
AR,2019-06-01,nan (201906),indec_Regulados_variacion_interanual,60.9,%,indec,2026-08-05T21:48:05.576542+00:00
AR,2019-06-01,nan (201906),indec_B_indice,222.0468,indice,indec,2026-08-05T21:48:05.576542+00:00
AR,2019-06-01,nan (201906),indec_B_variacion_mensual,2.7,%,indec,2026-08-05T21:48:05.576542+00:00
AR,2019-06-01,nan (201906),indec_B_variacion_interanual,59.8,%,indec,2026-08-05T21:48:05.576542+00:00
AR,2019-06-01,nan (201906),indec_S_indice,233.4205,indice,indec,2026-08-05T21:48:05.576542+00:00
AR,2019-06-01,nan (201906),indec_S_variacion_mensual,2.7,%,indec,2026-08-05T21:48:05.576542+00:00
AR,2019-06-01,nan (201906),indec_S_variacion_interanual,49.0,%,indec,2026-08-05T21:48:05.576542+00:00
AR,2019-07-01,NIVEL GENERAL (201907),indec_0_indice,230.494,indice,indec,2026-08-05T21:48:05.576542+00:00
AR,2019-07-01,NIVEL GENERAL (201907),indec_0_variacion_mensual,2.2,%,indec,2026-08-05T21:48:05.576542+00:00
AR,2019-07-01,NIVEL GENERAL (201907),indec_0_variacion_interanual,54.4,%,indec,2026-08-05T21:48:05.576542+00:00
AR,2019-07-01,Alimentos y bebidas no alcohólicas (201907),indec_01_indice,232.0295,indice,indec,2026-08-05T21:48:05.576542+00:00
AR,2019-07-01,Alimentos y bebidas no alcohólicas (201907),indec_01_variacion_mensual,2.3,%,indec,2026-08-05T21:48:05.576542+00:00
AR,2019-07-01,Alimentos y bebidas no alcohólicas (201907),indec_01_variacion_interanual,58.1,%,indec,2026-08-05T21:48:05.576542+00:00
AR,2019-07-01,Bebidas alcohólicas y tabaco (201907),indec_02_indice,186.9476,indice,indec,2026-08-05T21:48:05.576542+00:00
AR,2019-07-01,Bebidas alcohólicas y tabaco (201907),indec_02_variacion_mensual,0.9,%,indec,2026-08-05T21:48:05.576542+00:00
AR,2019-07-01,Bebidas alcohólicas y tabaco (201907),indec_02_variacion_interanual,35.3,%,indec,2026-08-05T21:48:05.576542+00:00
AR,2019-07-01,Prendas de vestir y calzado (201907),indec_03_indice,186.345,indice,indec,2026-08-05T21:48:05.576542+00:00
AR,2019-07-01,Prendas de vestir y calzado (201907),indec_03_variacion_mensual,0.3,%,indec,2026-08-05T21:48:05.576542+00:00
AR,2019-07-01,Prendas de vestir y calzado (201907),indec_03_variacion_interanual,43.8,%,indec,2026-08-05T21:48:05.576542+00:00
AR,2019-07-01,"Vivienda, agua, electricidad, gas y otros combustibles (201907)",indec_04_indice,287.2242,indice,indec,2026-08-05T21:48:05.576542+00:00
AR,2019-07-01,"Vivienda, agua, electricidad, gas y otros combustibles (201907)",indec_04_variacion_mensual,2.2,%,indec,2026-08-05T21:48:05.576542+00:00
AR,2019-07-01,"Vivienda, agua, electricidad, gas y otros combustibles (201907)",indec_04_variacion_interanual,57.4,%,indec,2026-08-05T21:48:05.576542+00:00
AR,2019-07-01,Equipamiento y mantenimiento del hogar (201907),indec_05_indice,220.9243,indice,indec,2026-08-05T21:48:05.576542+00:00
AR,2019-07-01,Equipamiento y mantenimiento del hogar (201907),indec_05_variacion_mensual,2.5,%,indec,2026-08-05T21:48:05.576542+00:00
AR,2019-07-01,Equipamiento y mantenimiento del hogar (201907),indec_05_variacion_interanual,56.1,%,indec,2026-08-05T21:48:05.576542+00:00
AR,2019-07-01,Salud (201907),indec_06_indice,246.6508,indice,indec,2026-08-05T21:48:05.576542+00:00
AR,2019-07-01,Salud (201907),indec_06_variacion_mensual,4.1,%,indec,2026-08-05T21:48:05.576542+00:00
AR,2019-07-01,Salud (201907),indec_06_variacion_interanual,64.0,%,indec,2026-08-05T21:48:05.576542+00:00
AR,2019-07-01,Transporte (201907),indec_07_indice,243.5064,indice,indec,2026-08-05T21:48:05.576542+00:00
AR,2019-07-01,Transporte (201907),indec_07_variacion_mensual,1.1,%,indec,2026-08-05T21:48:05.576542+00:00
AR,2019-07-01,Transporte (201907),indec_07_variacion_interanual,57.3,%,indec,2026-08-05T21:48:05.576542+00:00
AR,2019-07-01,Comunicación (201907),indec_08_indice,267.4442,indice,indec,2026-08-05T21:48:05.576542+00:00
AR,2019-07-01,Comunicación (201907),indec_08_variacion_mensual,0.2,%,indec,2026-08-05T21:48:05.576542+00:00
AR,2019-07-01,Comunicación (201907),indec_08_variacion_interanual,64.6,%,indec,2026-08-05T21:48:05.576542+00:00
AR,2019-07-01,Recreación y cultura (201907),indec_09_indice,216.1836,indice,indec,2026-08-05T21:48:05.576542+00:00
AR,2019-07-01,Recreación y cultura (201907),indec_09_variacion_mensual,3.9,%,indec,2026-08-05T21:48:05.576542+00:00
AR,2019-07-01,Recreación y cultura (201907),indec_09_variacion_interanual,46.8,%,indec,2026-08-05T21:48:05.576542+00:00
AR,2019-07-01,Educación (201907),indec_10_indice,228.213,indice,indec,2026-08-05T21:48:05.576542+00:00
AR,2019-07-01,Educación (201907),indec_10_variacion_mensual,2.1,%,indec,2026-08-05T21:48:05.576542+00:00
AR,2019-07-01,Educación (201907),indec_10_variacion_interanual,41.9,%,indec,2026-08-05T21:48:05.576542+00:00
AR,2019-07-01,Restaurantes y hoteles (201907),indec_11_indice,213.878,indice,indec,2026-08-05T21:48:05.576542+00:00
AR,2019-07-01,Restaurantes y hoteles (201907),indec_11_variacion_mensual,3.0,%,indec,2026-08-05T21:48:05.576542+00:00
AR,2019-07-01,Restaurantes y hoteles (201907),indec_11_variacion_interanual,48.1,%,indec,2026-08-05T21:48:05.576542+00:00
AR,2019-07-01,Bienes y servicios varios (201907),indec_12_indice,224.4509,indice,indec,2026-08-05T21:48:05.576542+00:00
AR,2019-07-01,Bienes y servicios varios (201907),indec_12_variacion_mensual,2.7,%,indec,2026-08-05T21:48:05.576542+00:00
AR,2019-07-01,Bienes y servicios varios (201907),indec_12_variacion_interanual,58.7,%,indec,2026-08-05T21:48:05.576542+00:00
AR,2019-07-01,nan (201907),indec_Estacional_indice,192.5377,indice,indec,2026-08-05T21:48:05.576542+00:00
AR,2019-07-01,nan (201907),indec_Estacional_variacion_mensual,3.6,%,indec,2026-08-05T21:48:05.576542+00:00
AR,2019-07-01,nan (201907),indec_Estacional_variacion_interanual,37.9,%,indec,2026-08-05T21:48:05.576542+00:00
AR,2019-07-01,nan (201907),indec_Núcleo_indice,224.9011,indice,indec,2026-08-05T21:48:05.576542+00:00
AR,2019-07-01,nan (201907),indec_Núcleo_variacion_mensual,2.1,%,indec,2026-08-05T21:48:05.576542+00:00
AR,2019-07-01,nan (201907),indec_Núcleo_variacion_interanual,55.1,%,indec,2026-08-05T21:48:05.576542+00:00
AR,2019-07-01,nan (201907),indec_Regulados_indice,269.7964,indice,indec,2026-08-05T21:48:05.576542+00:00
AR,2019-07-01,nan (201907),indec_Regulados_variacion_mensual,1.8,%,indec,2026-08-05T21:48:05.576542+00:00
AR,2019-07-01,nan (201907),indec_Regulados_variacion_interanual,59.7,%,indec,2026-08-05T21:48:05.576542+00:00
AR,2019-07-01,nan (201907),indec_B_indice,226.5037,indice,indec,2026-08-05T21:48:05.576542+00:00
AR,2019-07-01,nan (201907),indec_B_variacion_mensual,2.0,%,indec,2026-08-05T21:48:05.576542+00:00
AR,2019-07-01,nan (201907),indec_B_variacion_interanual,57.1,%,indec,2026-08-05T21:48:05.576542+00:00
AR,2019-07-01,nan (201907),indec_S_indice,239.3509,indice,indec,2026-08-05T21:48:05.576542+00:00
AR,2019-07-01,nan (201907),indec_S_variacion_mensual,2.5,%,indec,2026-08-05T21:48:05.576542+00:00
AR,2019-07-01,nan (201907),indec_S_variacion_interanual,49.6,%,indec,2026-08-05T21:48:05.576542+00:00
AR,2019-08-01,NIVEL GENERAL (201908),indec_0_indice,239.6077,indice,indec,2026-08-05T21:48:05.576542+00:00
AR,2019-08-01,NIVEL GENERAL (201908),indec_0_variacion_mensual,4.0,%,indec,2026-08-05T21:48:05.576542+00:00
AR,2019-08-01,NIVEL GENERAL (201908),indec_0_variacion_interanual,54.5,%,indec,2026-08-05T21:48:05.576542+00:00
AR,2019-08-01,Alimentos y bebidas no alcohólicas (201908),indec_01_indice,242.5051,indice,indec,2026-08-05T21:48:05.576542+00:00
AR,2019-08-01,Alimentos y bebidas no alcohólicas (201908),indec_01_variacion_mensual,4.5,%,indec,2026-08-05T21:48:05.576542+00:00
AR,2019-08-01,Alimentos y bebidas no alcohólicas (201908),indec_01_variacion_interanual,58.8,%,indec,2026-08-05T21:48:05.576542+00:00
AR,2019-08-01,Bebidas alcohólicas y tabaco (201908),indec_02_indice,195.1481,indice,indec,2026-08-05T21:48:05.576542+00:00
AR,2019-08-01,Bebidas alcohólicas y tabaco (201908),indec_02_variacion_mensual,4.4,%,indec,2026-08-05T21:48:05.576542+00:00
AR,2019-08-01,Bebidas alcohólicas y tabaco (201908),indec_02_variacion_interanual,39.4,%,indec,2026-08-05T21:48:05.576542+00:00
AR,2019-08-01,Prendas de vestir y calzado (201908),indec_03_indice,192.1506,indice,indec,2026-08-05T21:48:05.576542+00:00
AR,2019-08-01,Prendas de vestir y calzado (201908),indec_03_variacion_mensual,3.1,%,indec,2026-08-05T21:48:05.576542+00:00
AR,2019-08-01,Prendas de vestir y calzado (201908),indec_03_variacion_interanual,47.8,%,indec,2026-08-05T21:48:05.576542+00:00
AR,2019-08-01,"Vivienda, agua, electricidad, gas y otros combustibles (201908)",indec_04_indice,293.329,indice,indec,2026-08-05T21:48:05.576542+00:00
AR,2019-08-01,"Vivienda, agua, electricidad, gas y otros combustibles (201908)",indec_04_variacion_mensual,2.1,%,indec,2026-08-05T21:48:05.576542+00:00
AR,2019-08-01,"Vivienda, agua, electricidad, gas y otros combustibles (201908)",indec_04_variacion_interanual,51.5,%,indec,2026-08-05T21:48:05.576542+00:00
AR,2019-08-01,Equipamiento y mantenimiento del hogar (201908),indec_05_indice,234.3379,indice,indec,2026-08-05T21:48:05.576542+00:00
AR,2019-08-01,Equipamiento y mantenimiento del hogar (201908),indec_05_variacion_mensual,6.1,%,indec,2026-08-05T21:48:05.576542+00:00
AR,2019-08-01,Equipamiento y mantenimiento del hogar (201908),indec_05_variacion_interanual,60.5,%,indec,2026-08-05T21:48:05.576542+00:00
AR,2019-08-01,Salud (201908),indec_06_indice,259.4603,indice,indec,2026-08-05T21:48:05.576542+00:00
AR,2019-08-01,Salud (201908),indec_06_variacion_mensual,5.2,%,indec,2026-08-05T21:48:05.576542+00:00
AR,2019-08-01,Salud (201908),indec_06_variacion_interanual,65.8,%,indec,2026-08-05T21:48:05.576542+00:00
AR,2019-08-01,Transporte (201908),indec_07_indice,253.1342,indice,indec,2026-08-05T21:48:05.576542+00:00
AR,2019-08-01,Transporte (201908),indec_07_variacion_mensual,4.0,%,indec,2026-08-05T21:48:05.576542+00:00
AR,2019-08-01,Transporte (201908),indec_07_variacion_interanual,57.1,%,indec,2026-08-05T21:48:05.576542+00:00
AR,2019-08-01,Comunicación (201908),indec_08_indice,270.5675,indice,indec,2026-08-05T21:48:05.576542+00:00
AR,2019-08-01,Comunicación (201908),indec_08_variacion_mensual,1.2,%,indec,2026-08-05T21:48:05.576542+00:00
AR,2019-08-01,Comunicación (201908),indec_08_variacion_interanual,48.2,%,indec,2026-08-05T21:48:05.576542+00:00
AR,2019-08-01,Recreación y cultura (201908),indec_09_indice,225.1959,indice,indec,2026-08-05T21:48:05.576542+00:00
AR,2019-08-01,Recreación y cultura (201908),indec_09_variacion_mensual,4.2,%,indec,2026-08-05T21:48:05.576542+00:00
AR,2019-08-01,Recreación y cultura (201908),indec_09_variacion_interanual,48.0,%,indec,2026-08-05T21:48:05.576542+00:00
AR,2019-08-01,Educación (201908),indec_10_indice,233.9485,indice,indec,2026-08-05T21:48:05.576542+00:00
AR,2019-08-01,Educación (201908),indec_10_variacion_mensual,2.5,%,indec,2026-08-05T21:48:05.576542+00:00
AR,2019-08-01,Educación (201908),indec_10_variacion_interanual,42.8,%,indec,2026-08-05T21:48:05.576542+00:00
AR,2019-08-01,Restaurantes y hoteles (201908),indec_11_indice,221.5727,indice,indec,2026-08-05T21:48:05.576542+00:00
AR,2019-08-01,Restaurantes y hoteles (201908),indec_11_variacion_mensual,3.6,%,indec,2026-08-05T21:48:05.576542+00:00
AR,2019-08-01,Restaurantes y hoteles (201908),indec_11_variacion_interanual,49.8,%,indec,2026-08-05T21:48:05.576542+00:00
AR,2019-08-01,Bienes y servicios varios (201908),indec_12_indice,234.3934,indice,indec,2026-08-05T21:48:05.576542+00:00
AR,2019-08-01,Bienes y servicios varios (201908),indec_12_variacion_mensual,4.4,%,indec,2026-08-05T21:48:05.576542+00:00
AR,2019-08-01,Bienes y servicios varios (201908),indec_12_variacion_interanual,58.0,%,indec,2026-08-05T21:48:05.576542+00:00
AR,2019-08-01,nan (201908),indec_Estacional_indice,199.9586,indice,indec,2026-08-05T21:48:05.576542+00:00
AR,2019-08-01,nan (201908),indec_Estacional_variacion_mensual,3.9,%,indec,2026-08-05T21:48:05.576542+00:00
AR,2019-08-01,nan (201908),indec_Estacional_variacion_interanual,40.5,%,indec,2026-08-05T21:48:05.576542+00:00
AR,2019-08-01,nan (201908),indec_Núcleo_indice,235.3317,indice,indec,2026-08-05T21:48:05.576542+00:00
AR,2019-08-01,nan (201908),indec_Núcleo_variacion_mensual,4.6,%,indec,2026-08-05T21:48:05.576542+00:00
AR,2019-08-01,nan (201908),indec_Núcleo_variacion_interanual,57.1,%,indec,2026-08-05T21:48:05.576542+00:00
AR,2019-08-01,nan (201908),indec_Regulados_indice,275.5073,indice,indec,2026-08-05T21:48:05.576542+00:00
AR,2019-08-01,nan (201908),indec_Regulados_variacion_mensual,2.1,%,indec,2026-08-05T21:48:05.576542+00:00
AR,2019-08-01,nan (201908),indec_Regulados_variacion_interanual,53.5,%,indec,2026-08-05T21:48:05.576542+00:00
AR,2019-08-01,nan (201908),indec_B_indice,237.6064,indice,indec,2026-08-05T21:48:05.576542+00:00
AR,2019-08-01,nan (201908),indec_B_variacion_mensual,4.9,%,indec,2026-08-05T21:48:05.576542+00:00
AR,2019-08-01,nan (201908),indec_B_variacion_interanual,59.8,%,indec,2026-08-05T21:48:05.576542+00:00
AR,2019-08-01,nan (201908),indec_S_indice,244.7381,indice,indec,2026-08-05T21:48:05.576542+00:00
AR,2019-08-01,nan (201908),indec_S_variacion_mensual,2.3,%,indec,2026-08-05T21:48:05.576542+00:00
AR,2019-08-01,nan (201908),indec_S_variacion_interanual,45.7,%,indec,2026-08-05T21:48:05.576542+00:00
AR,2019-09-01,NIVEL GENERAL (201909),indec_0_indice,253.7102,indice,indec,2026-08-05T21:48:05.576542+00:00
AR,2019-09-01,NIVEL GENERAL (201909),indec_0_variacion_mensual,5.9,%,indec,2026-08-05T21:48:05.576542+00:00
AR,2019-09-01,NIVEL GENERAL (201909),indec_0_variacion_interanual,53.5,%,indec,2026-08-05T21:48:05.576542+00:00
AR,2019-09-01,Alimentos y bebidas no alcohólicas (201909),indec_01_indice,256.3757,indice,indec,2026-08-05T21:48:05.576542+00:00
AR,2019-09-01,Alimentos y bebidas no alcohólicas (201909),indec_01_variacion_mensual,5.7,%,indec,2026-08-05T21:48:05.576542+00:00
AR,2019-09-01,Alimentos y bebidas no alcohólicas (201909),indec_01_variacion_interanual,56.9,%,indec,2026-08-05T21:48:05.576542+00:00
AR,2019-09-01,Bebidas alcohólicas y tabaco (201909),indec_02_indice,206.218,indice,indec,2026-08-05T21:48:05.576542+00:00
AR,2019-09-01,Bebidas alcohólicas y tabaco (201909),indec_02_variacion_mensual,5.7,%,indec,2026-08-05T21:48:05.576542+00:00
AR,2019-09-01,Bebidas alcohólicas y tabaco (201909),indec_02_variacion_interanual,41.1,%,indec,2026-08-05T21:48:05.576542+00:00
AR,2019-09-01,Prendas de vestir y calzado (201909),indec_03_indice,210.4983,indice,indec,2026-08-05T21:48:05.576542+00:00
AR,2019-09-01,Prendas de vestir y calzado (201909),indec_03_variacion_mensual,9.5,%,indec,2026-08-05T21:48:05.576542+00:00
AR,2019-09-01,Prendas de vestir y calzado (201909),indec_03_variacion_interanual,47.4,%,indec,2026-08-05T21:48:05.576542+00:00
AR,2019-09-01,"Vivienda, agua, electricidad, gas y otros combustibles (201909)",indec_04_indice,299.168,indice,indec,2026-08-05T21:48:05.576542+00:00
AR,2019-09-01,"Vivienda, agua, electricidad, gas y otros combustibles (201909)",indec_04_variacion_mensual,2.0,%,indec,2026-08-05T21:48:05.576542+00:00
AR,2019-09-01,"Vivienda, agua, electricidad, gas y otros combustibles (201909)",indec_04_variacion_interanual,51.0,%,indec,2026-08-05T21:48:05.576542+00:00
AR,2019-09-01,Equipamiento y mantenimiento del hogar (201909),indec_05_indice,251.7058,indice,indec,2026-08-05T21:48:05.576542+00:00
AR,2019-09-01,Equipamiento y mantenimiento del hogar (201909),indec_05_variacion_mensual,7.4,%,indec,2026-08-05T21:48:05.576542+00:00
AR,2019-09-01,Equipamiento y mantenimiento del hogar (201909),indec_05_variacion_interanual,57.2,%,indec,2026-08-05T21:48:05.576542+00:00
AR,2019-09-01,Salud (201909),indec_06_indice,281.0982,indice,indec,2026-08-05T21:48:05.576542+00:00
AR,2019-09-01,Salud (201909),indec_06_variacion_mensual,8.3,%,indec,2026-08-05T21:48:05.576542+00:00
AR,2019-09-01,Salud (201909),indec_06_variacion_interanual,71.8,%,indec,2026-08-05T21:48:05.576542+00:00
AR,2019-09-01,Transporte (201909),indec_07_indice,265.0598,indice,indec,2026-08-05T21:48:05.576542+00:00
AR,2019-09-01,Transporte (201909),indec_07_variacion_mensual,4.7,%,indec,2026-08-05T21:48:05.576542+00:00
AR,2019-09-01,Transporte (201909),indec_07_variacion_interanual,49.0,%,indec,2026-08-05T21:48:05.576542+00:00
AR,2019-09-01,Comunicación (201909),indec_08_indice,288.7594,indice,indec,2026-08-05T21:48:05.576542+00:00
AR,2019-09-01,Comunicación (201909),indec_08_variacion_mensual,6.7,%,indec,2026-08-05T21:48:05.576542+00:00
AR,2019-09-01,Comunicación (201909),indec_08_variacion_interanual,54.9,%,indec,2026-08-05T21:48:05.576542+00:00
AR,2019-09-01,Recreación y cultura (201909),indec_09_indice,242.2378,indice,indec,2026-08-05T21:48:05.576542+00:00
AR,2019-09-01,Recreación y cultura (201909),indec_09_variacion_mensual,7.6,%,indec,2026-08-05T21:48:05.576542+00:00
AR,2019-09-01,Recreación y cultura (201909),indec_09_variacion_interanual,49.1,%,indec,2026-08-05T21:48:05.576542+00:00
AR,2019-09-01,Educación (201909),indec_10_indice,236.3192,indice,indec,2026-08-05T21:48:05.576542+00:00
AR,2019-09-01,Educación (201909),indec_10_variacion_mensual,1.0,%,indec,2026-08-05T21:48:05.576542+00:00
AR,2019-09-01,Educación (201909),indec_10_variacion_interanual,41.9,%,indec,2026-08-05T21:48:05.576542+00:00
AR,2019-09-01,Restaurantes y hoteles (201909),indec_11_indice,233.2019,indice,indec,2026-08-05T21:48:05.576542+00:00
AR,2019-09-01,Restaurantes y hoteles (201909),indec_11_variacion_mensual,5.2,%,indec,2026-08-05T21:48:05.576542+00:00
AR,2019-09-01,Restaurantes y hoteles (201909),indec_11_variacion_interanual,49.1,%,indec,2026-08-05T21:48:05.576542+00:00
AR,2019-09-01,Bienes y servicios varios (201909),indec_12_indice,253.668,indice,indec,2026-08-05T21:48:05.576542+00:00
AR,2019-09-01,Bienes y servicios varios (201909),indec_12_variacion_mensual,8.2,%,indec,2026-08-05T21:48:05.576542+00:00
AR,2019-09-01,Bienes y servicios varios (201909),indec_12_variacion_interanual,58.4,%,indec,2026-08-05T21:48:05.576542+00:00
AR,2019-09-01,nan (201909),indec_Estacional_indice,217.0323,indice,indec,2026-08-05T21:48:05.576542+00:00
AR,2019-09-01,nan (201909),indec_Estacional_variacion_mensual,8.5,%,indec,2026-08-05T21:48:05.576542+00:00
AR,2019-09-01,nan (201909),indec_Estacional_variacion_interanual,46.7,%,indec,2026-08-05T21:48:05.576542+00:00
AR,2019-09-01,nan (201909),indec_Núcleo_indice,250.4818,indice,indec,2026-08-05T21:48:05.576542+00:00
AR,2019-09-01,nan (201909),indec_Núcleo_variacion_mensual,6.4,%,indec,2026-08-05T21:48:05.576542+00:00
AR,2019-09-01,nan (201909),indec_Núcleo_variacion_interanual,55.3,%,indec,2026-08-05T21:48:05.576542+00:00
AR,2019-09-01,nan (201909),indec_Regulados_indice,284.7479,indice,indec,2026-08-05T21:48:05.576542+00:00
AR,2019-09-01,nan (201909),indec_Regulados_variacion_mensual,3.4,%,indec,2026-08-05T21:48:05.576542+00:00
AR,2019-09-01,nan (201909),indec_Regulados_variacion_interanual,51.5,%,indec,2026-08-05T21:48:05.576542+00:00
AR,2019-09-01,nan (201909),indec_B_indice,254.5303,indice,indec,2026-08-05T21:48:05.576542+00:00
AR,2019-09-01,nan (201909),indec_B_variacion_mensual,7.1,%,indec,2026-08-05T21:48:05.576542+00:00
AR,2019-09-01,nan (201909),indec_B_variacion_interanual,57.5,%,indec,2026-08-05T21:48:05.576542+00:00
AR,2019-09-01,nan (201909),indec_S_indice,253.5732,indice,indec,2026-08-05T21:48:05.576542+00:00
AR,2019-09-01,nan (201909),indec_S_variacion_mensual,3.6,%,indec,2026-08-05T21:48:05.576542+00:00
AR,2019-09-01,nan (201909),indec_S_variacion_interanual,46.6,%,indec,2026-08-05T21:48:05.576542+00:00
AR,2019-10-01,NIVEL GENERAL (201910),indec_0_indice,262.0661,indice,indec,2026-08-05T21:48:05.576542+00:00
AR,2019-10-01,NIVEL GENERAL (201910),indec_0_variacion_mensual,3.3,%,indec,2026-08-05T21:48:05.576542+00:00
AR,2019-10-01,NIVEL GENERAL (201910),indec_0_variacion_interanual,50.5,%,indec,2026-08-05T21:48:05.576542+00:00
AR,2019-10-01,Alimentos y bebidas no alcohólicas (201910),indec_01_indice,262.6603,indice,indec,2026-08-05T21:48:05.576542+00:00
AR,2019-10-01,Alimentos y bebidas no alcohólicas (201910),indec_01_variacion_mensual,2.5,%,indec,2026-08-05T21:48:05.576542+00:00
AR,2019-10-01,Alimentos y bebidas no alcohólicas (201910),indec_01_variacion_interanual,51.8,%,indec,2026-08-05T21:48:05.576542+00:00
AR,2019-10-01,Bebidas alcohólicas y tabaco (201910),indec_02_indice,218.9538,indice,indec,2026-08-05T21:48:05.576542+00:00
AR,2019-10-01,Bebidas alcohólicas y tabaco (201910),indec_02_variacion_mensual,6.2,%,indec,2026-08-05T21:48:05.576542+00:00
AR,2019-10-01,Bebidas alcohólicas y tabaco (201910),indec_02_variacion_interanual,46.4,%,indec,2026-08-05T21:48:05.576542+00:00
AR,2019-10-01,Prendas de vestir y calzado (201910),indec_03_indice,220.4635,indice,indec,2026-08-05T21:48:05.576542+00:00
AR,2019-10-01,Prendas de vestir y calzado (201910),indec_03_variacion_mensual,4.7,%,indec,2026-08-05T21:48:05.576542+00:00
AR,2019-10-01,Prendas de vestir y calzado (201910),indec_03_variacion_interanual,47.0,%,indec,2026-08-05T21:48:05.576542+00:00
AR,2019-10-01,"Vivienda, agua, electricidad, gas y otros combustibles (201910)",indec_04_indice,304.8007,indice,indec,2026-08-05T21:48:05.576542+00:00
AR,2019-10-01,"Vivienda, agua, electricidad, gas y otros combustibles (201910)",indec_04_variacion_mensual,1.9,%,indec,2026-08-05T21:48:05.576542+00:00
AR,2019-10-01,"Vivienda, agua, electricidad, gas y otros combustibles (201910)",indec_04_variacion_interanual,41.4,%,indec,2026-08-05T21:48:05.576542+00:00
AR,2019-10-01,Equipamiento y mantenimiento del hogar (201910),indec_05_indice,272.1918,indice,indec,2026-08-05T21:48:05.576542+00:00
AR,2019-10-01,Equipamiento y mantenimiento del hogar (201910),indec_05_variacion_mensual,8.1,%,indec,2026-08-05T21:48:05.576542+00:00
AR,2019-10-01,Equipamiento y mantenimiento del hogar (201910),indec_05_variacion_interanual,63.0,%,indec,2026-08-05T21:48:05.576542+00:00
AR,2019-10-01,Salud (201910),indec_06_indice,294.2595,indice,indec,2026-08-05T21:48:05.576542+00:00
AR,2019-10-01,Salud (201910),indec_06_variacion_mensual,4.7,%,indec,2026-08-05T21:48:05.576542+00:00
AR,2019-10-01,Salud (201910),indec_06_variacion_interanual,70.5,%,indec,2026-08-05T21:48:05.576542+00:00
AR,2019-10-01,Transporte (201910),indec_07_indice,274.3506,indice,indec,2026-08-05T21:48:05.576542+00:00
AR,2019-10-01,Transporte (201910),indec_07_variacion_mensual,3.5,%,indec,2026-08-05T21:48:05.576542+00:00
AR,2019-10-01,Transporte (201910),indec_07_variacion_interanual,43.3,%,indec,2026-08-05T21:48:05.576542+00:00
AR,2019-10-01,Comunicación (201910),indec_08_indice,290.1029,indice,indec,2026-08-05T21:48:05.576542+00:00
AR,2019-10-01,Comunicación (201910),indec_08_variacion_mensual,0.5,%,indec,2026-08-05T21:48:05.576542+00:00
AR,2019-10-01,Comunicación (201910),indec_08_variacion_interanual,54.5,%,indec,2026-08-05T21:48:05.576542+00:00
AR,2019-10-01,Recreación y cultura (201910),indec_09_indice,247.0628,indice,indec,2026-08-05T21:48:05.576542+00:00
AR,2019-10-01,Recreación y cultura (201910),indec_09_variacion_mensual,2.0,%,indec,2026-08-05T21:48:05.576542+00:00
AR,2019-10-01,Recreación y cultura (201910),indec_09_variacion_interanual,48.0,%,indec,2026-08-05T21:48:05.576542+00:00
AR,2019-10-01,Educación (201910),indec_10_indice,240.0651,indice,indec,2026-08-05T21:48:05.576542+00:00
AR,2019-10-01,Educación (201910),indec_10_variacion_mensual,1.6,%,indec,2026-08-05T21:48:05.576542+00:00
AR,2019-10-01,Educación (201910),indec_10_variacion_interanual,41.2,%,indec,2026-08-05T21:48:05.576542+00:00
AR,2019-10-01,Restaurantes y hoteles (201910),indec_11_indice,239.127,indice,indec,2026-08-05T21:48:05.576542+00:00
AR,2019-10-01,Restaurantes y hoteles (201910),indec_11_variacion_mensual,2.5,%,indec,2026-08-05T21:48:05.576542+00:00
AR,2019-10-01,Restaurantes y hoteles (201910),indec_11_variacion_interanual,48.3,%,indec,2026-08-05T21:48:05.576542+00:00
AR,2019-10-01,Bienes y servicios varios (201910),indec_12_indice,263.4181,indice,indec,2026-08-05T21:48:05.576542+00:00
AR,2019-10-01,Bienes y servicios varios (201910),indec_12_variacion_mensual,3.8,%,indec,2026-08-05T21:48:05.576542+00:00
AR,2019-10-01,Bienes y servicios varios (201910),indec_12_variacion_interanual,54.9,%,indec,2026-08-05T21:48:05.576542+00:00
AR,2019-10-01,nan (201910),indec_Estacional_indice,223.1837,indice,indec,2026-08-05T21:48:05.576542+00:00
AR,2019-10-01,nan (201910),indec_Estacional_variacion_mensual,2.8,%,indec,2026-08-05T21:48:05.576542+00:00
AR,2019-10-01,nan (201910),indec_Estacional_variacion_interanual,42.0,%,indec,2026-08-05T21:48:05.576542+00:00
AR,2019-10-01,nan (201910),indec_Núcleo_indice,260.0118,indice,indec,2026-08-05T21:48:05.576542+00:00
AR,2019-10-01,nan (201910),indec_Núcleo_variacion_mensual,3.8,%,indec,2026-08-05T21:48:05.576542+00:00
AR,2019-10-01,nan (201910),indec_Núcleo_variacion_interanual,54.2,%,indec,2026-08-05T21:48:05.576542+00:00
AR,2019-10-01,nan (201910),indec_Regulados_indice,290.513,indice,indec,2026-08-05T21:48:05.576542+00:00
AR,2019-10-01,nan (201910),indec_Regulados_variacion_mensual,2.0,%,indec,2026-08-05T21:48:05.576542+00:00
AR,2019-10-01,nan (201910),indec_Regulados_variacion_interanual,43.9,%,indec,2026-08-05T21:48:05.576542+00:00
AR,2019-10-01,nan (201910),indec_B_indice,263.3998,indice,indec,2026-08-05T21:48:05.576542+00:00
AR,2019-10-01,nan (201910),indec_B_variacion_mensual,3.5,%,indec,2026-08-05T21:48:05.576542+00:00
AR,2019-10-01,nan (201910),indec_B_variacion_interanual,54.0,%,indec,2026-08-05T21:48:05.576542+00:00
AR,2019-10-01,nan (201910),indec_S_indice,260.9456,indice,indec,2026-08-05T21:48:05.576542+00:00
AR,2019-10-01,nan (201910),indec_S_variacion_mensual,2.9,%,indec,2026-08-05T21:48:05.576542+00:00
AR,2019-10-01,nan (201910),indec_S_variacion_interanual,44.2,%,indec,2026-08-05T21:48:05.576542+00:00
AR,2019-11-01,NIVEL GENERAL (201911),indec_0_indice,273.2158,indice,indec,2026-08-05T21:48:05.576542+00:00
AR,2019-11-01,NIVEL GENERAL (201911),indec_0_variacion_mensual,4.3,%,indec,2026-08-05T21:48:05.576542+00:00
AR,2019-11-01,NIVEL GENERAL (201911),indec_0_variacion_interanual,52.1,%,indec,2026-08-05T21:48:05.576542+00:00
AR,2019-11-01,Alimentos y bebidas no alcohólicas (201911),indec_01_indice,276.6339,indice,indec,2026-08-05T21:48:05.576542+00:00
AR,2019-11-01,Alimentos y bebidas no alcohólicas (201911),indec_01_variacion_mensual,5.3,%,indec,2026-08-05T21:48:05.576542+00:00
AR,2019-11-01,Alimentos y bebidas no alcohólicas (201911),indec_01_variacion_interanual,54.6,%,indec,2026-08-05T21:48:05.576542+00:00
AR,2019-11-01,Bebidas alcohólicas y tabaco (201911),indec_02_indice,231.1972,indice,indec,2026-08-05T21:48:05.576542+00:00
AR,2019-11-01,Bebidas alcohólicas y tabaco (201911),indec_02_variacion_mensual,5.6,%,indec,2026-08-05T21:48:05.576542+00:00
AR,2019-11-01,Bebidas alcohólicas y tabaco (201911),indec_02_variacion_interanual,47.7,%,indec,2026-08-05T21:48:05.576542+00:00
AR,2019-11-01,Prendas de vestir y calzado (201911),indec_03_indice,230.249,indice,indec,2026-08-05T21:48:05.576542+00:00
AR,2019-11-01,Prendas de vestir y calzado (201911),indec_03_variacion_mensual,4.4,%,indec,2026-08-05T21:48:05.576542+00:00
AR,2019-11-01,Prendas de vestir y calzado (201911),indec_03_variacion_interanual,50.1,%,indec,2026-08-05T21:48:05.576542+00:00
AR,2019-11-01,"Vivienda, agua, electricidad, gas y otros combustibles (201911)",indec_04_indice,309.4466,indice,indec,2026-08-05T21:48:05.576542+00:00
AR,2019-11-01,"Vivienda, agua, electricidad, gas y otros combustibles (201911)",indec_04_variacion_mensual,1.5,%,indec,2026-08-05T21:48:05.576542+00:00
AR,2019-11-01,"Vivienda, agua, electricidad, gas y otros combustibles (201911)",indec_04_variacion_interanual,40.6,%,indec,2026-08-05T21:48:05.576542+00:00
AR,2019-11-01,Equipamiento y mantenimiento del hogar (201911),indec_05_indice,273.7052,indice,indec,2026-08-05T21:48:05.576542+00:00
AR,2019-11-01,Equipamiento y mantenimiento del hogar (201911),indec_05_variacion_mensual,0.6,%,indec,2026-08-05T21:48:05.576542+00:00
AR,2019-11-01,Equipamiento y mantenimiento del hogar (201911),indec_05_variacion_interanual,58.2,%,indec,2026-08-05T21:48:05.576542+00:00
AR,2019-11-01,Salud (201911),indec_06_indice,312.847,indice,indec,2026-08-05T21:48:05.576542+00:00
AR,2019-11-01,Salud (201911),indec_06_variacion_mensual,6.3,%,indec,2026-08-05T21:48:05.576542+00:00
AR,2019-11-01,Salud (201911),indec_06_variacion_interanual,71.6,%,indec,2026-08-05T21:48:05.576542+00:00
AR,2019-11-01,Transporte (201911),indec_07_indice,286.9334,indice,indec,2026-08-05T21:48:05.576542+00:00
AR,2019-11-01,Transporte (201911),indec_07_variacion_mensual,4.6,%,indec,2026-08-05T21:48:05.576542+00:00
AR,2019-11-01,Transporte (201911),indec_07_variacion_interanual,46.0,%,indec,2026-08-05T21:48:05.576542+00:00
AR,2019-11-01,Comunicación (201911),indec_08_indice,311.5568,indice,indec,2026-08-05T21:48:05.576542+00:00
AR,2019-11-01,Comunicación (201911),indec_08_variacion_mensual,7.4,%,indec,2026-08-05T21:48:05.576542+00:00
AR,2019-11-01,Comunicación (201911),indec_08_variacion_interanual,61.0,%,indec,2026-08-05T21:48:05.576542+00:00
AR,2019-11-01,Recreación y cultura (201911),indec_09_indice,255.3408,indice,indec,2026-08-05T21:48:05.576542+00:00
AR,2019-11-01,Recreación y cultura (201911),indec_09_variacion_mensual,3.4,%,indec,2026-08-05T21:48:05.576542+00:00
AR,2019-11-01,Recreación y cultura (201911),indec_09_variacion_interanual,48.8,%,indec,2026-08-05T21:48:05.576542+00:00
AR,2019-11-01,Educación (201911),indec_10_indice,250.6401,indice,indec,2026-08-05T21:48:05.576542+00:00
AR,2019-11-01,Educación (201911),indec_10_variacion_mensual,4.4,%,indec,2026-08-05T21:48:05.576542+00:00
AR,2019-11-01,Educación (201911),indec_10_variacion_interanual,45.7,%,indec,2026-08-05T21:48:05.576542+00:00
AR,2019-11-01,Restaurantes y hoteles (201911),indec_11_indice,247.0036,indice,indec,2026-08-05T21:48:05.576542+00:00
AR,2019-11-01,Restaurantes y hoteles (201911),indec_11_variacion_mensual,3.3,%,indec,2026-08-05T21:48:05.576542+00:00
AR,2019-11-01,Restaurantes y hoteles (201911),indec_11_variacion_interanual,49.3,%,indec,2026-08-05T21:48:05.576542+00:00
AR,2019-11-01,Bienes y servicios varios (201911),indec_12_indice,276.2862,indice,indec,2026-08-05T21:48:05.576542+00:00
AR,2019-11-01,Bienes y servicios varios (201911),indec_12_variacion_mensual,4.9,%,indec,2026-08-05T21:48:05.576542+00:00
AR,2019-11-01,Bienes y servicios varios (201911),indec_12_variacion_interanual,55.6,%,indec,2026-08-05T21:48:05.576542+00:00
AR,2019-11-01,nan (201911),indec_Estacional_indice,239.5597,indice,indec,2026-08-05T21:48:05.576542+00:00
AR,2019-11-01,nan (201911),indec_Estacional_variacion_mensual,7.3,%,indec,2026-08-05T21:48:05.576542+00:00
AR,2019-11-01,nan (201911),indec_Estacional_variacion_interanual,47.9,%,indec,2026-08-05T21:48:05.576542+00:00
AR,2019-11-01,nan (201911),indec_Núcleo_indice,270.3554,indice,indec,2026-08-05T21:48:05.576542+00:00
AR,2019-11-01,nan (201911),indec_Núcleo_variacion_mensual,4.0,%,indec,2026-08-05T21:48:05.576542+00:00
AR,2019-11-01,nan (201911),indec_Núcleo_variacion_interanual,55.2,%,indec,2026-08-05T21:48:05.576542+00:00
AR,2019-11-01,nan (201911),indec_Regulados_indice,301.6025,indice,indec,2026-08-05T21:48:05.576542+00:00
AR,2019-11-01,nan (201911),indec_Regulados_variacion_mensual,3.8,%,indec,2026-08-05T21:48:05.576542+00:00
AR,2019-11-01,nan (201911),indec_Regulados_variacion_interanual,45.3,%,indec,2026-08-05T21:48:05.576542+00:00
AR,2019-11-01,nan (201911),indec_B_indice,277.0656,indice,indec,2026-08-05T21:48:05.576542+00:00
AR,2019-11-01,nan (201911),indec_B_variacion_mensual,5.2,%,indec,2026-08-05T21:48:05.576542+00:00
AR,2019-11-01,nan (201911),indec_B_variacion_interanual,56.2,%,indec,2026-08-05T21:48:05.576542+00:00
AR,2019-11-01,nan (201911),indec_S_indice,267.232,indice,indec,2026-08-05T21:48:05.576542+00:00
AR,2019-11-01,nan (201911),indec_S_variacion_mensual,2.4,%,indec,2026-08-05T21:48:05.576542+00:00
AR,2019-11-01,nan (201911),indec_S_variacion_interanual,44.6,%,indec,2026-08-05T21:48:05.576542+00:00
AR,2019-12-01,NIVEL GENERAL (201912),indec_0_indice,283.4442,indice,indec,2026-08-05T21:48:05.576542+00:00
AR,2019-12-01,NIVEL GENERAL (201912),indec_0_variacion_mensual,3.7,%,indec,2026-08-05T21:48:05.576542+00:00
AR,2019-12-01,NIVEL GENERAL (201912),indec_0_variacion_interanual,53.8,%,indec,2026-08-05T21:48:05.576542+00:00
AR,2019-12-01,Alimentos y bebidas no alcohólicas (201912),indec_01_indice,285.297,indice,indec,2026-08-05T21:48:05.576542+00:00
AR,2019-12-01,Alimentos y bebidas no alcohólicas (201912),indec_01_variacion_mensual,3.1,%,indec,2026-08-05T21:48:05.576542+00:00
AR,2019-12-01,Alimentos y bebidas no alcohólicas (201912),indec_01_variacion_interanual,56.8,%,indec,2026-08-05T21:48:05.576542+00:00
AR,2019-12-01,Bebidas alcohólicas y tabaco (201912),indec_02_indice,238.3667,indice,indec,2026-08-05T21:48:05.576542+00:00
AR,2019-12-01,Bebidas alcohólicas y tabaco (201912),indec_02_variacion_mensual,3.1,%,indec,2026-08-05T21:48:05.576542+00:00
AR,2019-12-01,Bebidas alcohólicas y tabaco (201912),indec_02_variacion_interanual,50.2,%,indec,2026-08-05T21:48:05.576542+00:00
AR,2019-12-01,Prendas de vestir y calzado (201912),indec_03_indice,235.763,indice,indec,2026-08-05T21:48:05.576542+00:00
AR,2019-12-01,Prendas de vestir y calzado (201912),indec_03_variacion_mensual,2.4,%,indec,2026-08-05T21:48:05.576542+00:00
AR,2019-12-01,Prendas de vestir y calzado (201912),indec_03_variacion_interanual,51.9,%,indec,2026-08-05T21:48:05.576542+00:00
AR,2019-12-01,"Vivienda, agua, electricidad, gas y otros combustibles (201912)",indec_04_indice,316.0254,indice,indec,2026-08-05T21:48:05.576542+00:00
AR,2019-12-01,"Vivienda, agua, electricidad, gas y otros combustibles (201912)",indec_04_variacion_mensual,2.1,%,indec,2026-08-05T21:48:05.576542+00:00
AR,2019-12-01,"Vivienda, agua, electricidad, gas y otros combustibles (201912)",indec_04_variacion_interanual,39.4,%,indec,2026-08-05T21:48:05.576542+00:00
AR,2019-12-01,Equipamiento y mantenimiento del hogar (201912),indec_05_indice,288.4718,indice,indec,2026-08-05T21:48:05.576542+00:00
AR,2019-12-01,Equipamiento y mantenimiento del hogar (201912),indec_05_variacion_mensual,5.4,%,indec,2026-08-05T21:48:05.576542+00:00
AR,2019-12-01,Equipamiento y mantenimiento del hogar (201912),indec_05_variacion_interanual,63.7,%,indec,2026-08-05T21:48:05.576542+00:00
AR,2019-12-01,Salud (201912),indec_06_indice,330.324,indice,indec,2026-08-05T21:48:05.576542+00:00
AR,2019-12-01,Salud (201912),indec_06_variacion_mensual,5.6,%,indec,2026-08-05T21:48:05.576542+00:00
AR,2019-12-01,Salud (201912),indec_06_variacion_interanual,72.1,%,indec,2026-08-05T21:48:05.576542+00:00
AR,2019-12-01,Transporte (201912),indec_07_indice,301.1997,indice,indec,2026-08-05T21:48:05.576542+00:00
AR,2019-12-01,Transporte (201912),indec_07_variacion_mensual,5.0,%,indec,2026-08-05T21:48:05.576542+00:00
AR,2019-12-01,Transporte (201912),indec_07_variacion_interanual,49.7,%,indec,2026-08-05T21:48:05.576542+00:00
AR,2019-12-01,Comunicación (201912),indec_08_indice,341.3832,indice,indec,2026-08-05T21:48:05.576542+00:00
AR,2019-12-01,Comunicación (201912),indec_08_variacion_mensual,9.6,%,indec,2026-08-05T21:48:05.576542+00:00
AR,2019-12-01,Comunicación (201912),indec_08_variacion_interanual,63.9,%,indec,2026-08-05T21:48:05.576542+00:00
AR,2019-12-01,Recreación y cultura (201912),indec_09_indice,261.4482,indice,indec,2026-08-05T21:48:05.576542+00:00
AR,2019-12-01,Recreación y cultura (201912),indec_09_variacion_mensual,2.4,%,indec,2026-08-05T21:48:05.576542+00:00
AR,2019-12-01,Recreación y cultura (201912),indec_09_variacion_interanual,48.5,%,indec,2026-08-05T21:48:05.576542+00:00
AR,2019-12-01,Educación (201912),indec_10_indice,255.5638,indice,indec,2026-08-05T21:48:05.576542+00:00
AR,2019-12-01,Educación (201912),indec_10_variacion_mensual,2.0,%,indec,2026-08-05T21:48:05.576542+00:00
AR,2019-12-01,Educación (201912),indec_10_variacion_interanual,47.1,%,indec,2026-08-05T21:48:05.576542+00:00
AR,2019-12-01,Restaurantes y hoteles (201912),indec_11_indice,255.1194,indice,indec,2026-08-05T21:48:05.576542+00:00
AR,2019-12-01,Restaurantes y hoteles (201912),indec_11_variacion_mensual,3.3,%,indec,2026-08-05T21:48:05.576542+00:00
AR,2019-12-01,Restaurantes y hoteles (201912),indec_11_variacion_interanual,50.3,%,indec,2026-08-05T21:48:05.576542+00:00
AR,2019-12-01,Bienes y servicios varios (201912),indec_12_indice,286.2711,indice,indec,2026-08-05T21:48:05.576542+00:00
AR,2019-12-01,Bienes y servicios varios (201912),indec_12_variacion_mensual,3.6,%,indec,2026-08-05T21:48:05.576542+00:00
AR,2019-12-01,Bienes y servicios varios (201912),indec_12_variacion_interanual,55.9,%,indec,2026-08-05T21:48:05.576542+00:00
AR,2019-12-01,nan (201912),indec_Estacional_indice,244.6754,indice,indec,2026-08-05T21:48:05.576542+00:00
AR,2019-12-01,nan (201912),indec_Estacional_variacion_mensual,2.1,%,indec,2026-08-05T21:48:05.576542+00:00
AR,2019-12-01,nan (201912),indec_Estacional_variacion_interanual,48.9,%,indec,2026-08-05T21:48:05.576542+00:00
AR,2019-12-01,nan (201912),indec_Núcleo_indice,280.3107,indice,indec,2026-08-05T21:48:05.576542+00:00
AR,2019-12-01,nan (201912),indec_Núcleo_variacion_mensual,3.7,%,indec,2026-08-05T21:48:05.576542+00:00
AR,2019-12-01,nan (201912),indec_Núcleo_variacion_interanual,56.7,%,indec,2026-08-05T21:48:05.576542+00:00
AR,2019-12-01,nan (201912),indec_Regulados_indice,315.4936,indice,indec,2026-08-05T21:48:05.576542+00:00
AR,2019-12-01,nan (201912),indec_Regulados_variacion_mensual,4.6,%,indec,2026-08-05T21:48:05.576542+00:00
AR,2019-12-01,nan (201912),indec_Regulados_variacion_interanual,48.2,%,indec,2026-08-05T21:48:05.576542+00:00
AR,2019-12-01,nan (201912),indec_B_indice,286.3123,indice,indec,2026-08-05T21:48:05.576542+00:00
AR,2019-12-01,nan (201912),indec_B_variacion_mensual,3.3,%,indec,2026-08-05T21:48:05.576542+00:00
AR,2019-12-01,nan (201912),indec_B_variacion_interanual,58.4,%,indec,2026-08-05T21:48:05.576542+00:00
AR,2019-12-01,nan (201912),indec_S_indice,279.178,indice,indec,2026-08-05T21:48:05.576542+00:00
AR,2019-12-01,nan (201912),indec_S_variacion_mensual,4.5,%,indec,2026-08-05T21:48:05.576542+00:00
AR,2019-12-01,nan (201912),indec_S_variacion_interanual,45.7,%,indec,2026-08-05T21:48:05.576542+00:00
AR,2020-01-01,NIVEL GENERAL (202001),indec_0_indice,289.8299,indice,indec,2026-08-05T21:48:05.576542+00:00
AR,2020-01-01,NIVEL GENERAL (202001),indec_0_variacion_mensual,2.3,%,indec,2026-08-05T21:48:05.576542+00:00
AR,2020-01-01,NIVEL GENERAL (202001),indec_0_variacion_interanual,52.9,%,indec,2026-08-05T21:48:05.576542+00:00
AR,2020-01-01,Alimentos y bebidas no alcohólicas (202001),indec_01_indice,298.6501,indice,indec,2026-08-05T21:48:05.576542+00:00
AR,2020-01-01,Alimentos y bebidas no alcohólicas (202001),indec_01_variacion_mensual,4.7,%,indec,2026-08-05T21:48:05.576542+00:00
AR,2020-01-01,Alimentos y bebidas no alcohólicas (202001),indec_01_variacion_interanual,58.8,%,indec,2026-08-05T21:48:05.576542+00:00
AR,2020-01-01,Bebidas alcohólicas y tabaco (202001),indec_02_indice,248.7265,indice,indec,2026-08-05T21:48:05.576542+00:00
AR,2020-01-01,Bebidas alcohólicas y tabaco (202001),indec_02_variacion_mensual,4.3,%,indec,2026-08-05T21:48:05.576542+00:00
AR,2020-01-01,Bebidas alcohólicas y tabaco (202001),indec_02_variacion_interanual,51.5,%,indec,2026-08-05T21:48:05.576542+00:00
AR,2020-01-01,Prendas de vestir y calzado (202001),indec_03_indice,238.2562,indice,indec,2026-08-05T21:48:05.576542+00:00
AR,2020-01-01,Prendas de vestir y calzado (202001),indec_03_variacion_mensual,1.1,%,indec,2026-08-05T21:48:05.576542+00:00
AR,2020-01-01,Prendas de vestir y calzado (202001),indec_03_variacion_interanual,54.4,%,indec,2026-08-05T21:48:05.576542+00:00
AR,2020-01-01,"Vivienda, agua, electricidad, gas y otros combustibles (202001)",indec_04_indice,318.0346,indice,indec,2026-08-05T21:48:05.576542+00:00
AR,2020-01-01,"Vivienda, agua, electricidad, gas y otros combustibles (202001)",indec_04_variacion_mensual,0.6,%,indec,2026-08-05T21:48:05.576542+00:00
AR,2020-01-01,"Vivienda, agua, electricidad, gas y otros combustibles (202001)",indec_04_variacion_interanual,36.1,%,indec,2026-08-05T21:48:05.576542+00:00
AR,2020-01-01,Equipamiento y mantenimiento del hogar (202001),indec_05_indice,284.7446,indice,indec,2026-08-05T21:48:05.576542+00:00
AR,2020-01-01,Equipamiento y mantenimiento del hogar (202001),indec_05_variacion_mensual,-1.3,%,indec,2026-08-05T21:48:05.576542+00:00
AR,2020-01-01,Equipamiento y mantenimiento del hogar (202001),indec_05_variacion_interanual,57.4,%,indec,2026-08-05T21:48:05.576542+00:00
AR,2020-01-01,Salud (202001),indec_06_indice,323.7294,indice,indec,2026-08-05T21:48:05.576542+00:00
AR,2020-01-01,Salud (202001),indec_06_variacion_mensual,-2.0,%,indec,2026-08-05T21:48:05.576542+00:00
AR,2020-01-01,Salud (202001),indec_06_variacion_interanual,63.9,%,indec,2026-08-05T21:48:05.576542+00:00
AR,2020-01-01,Transporte (202001),indec_07_indice,305.6389,indice,indec,2026-08-05T21:48:05.576542+00:00
AR,2020-01-01,Transporte (202001),indec_07_variacion_mensual,1.5,%,indec,2026-08-05T21:48:05.576542+00:00
AR,2020-01-01,Transporte (202001),indec_07_variacion_interanual,48.2,%,indec,2026-08-05T21:48:05.576542+00:00
AR,2020-01-01,Comunicación (202001),indec_08_indice,341.8435,indice,indec,2026-08-05T21:48:05.576542+00:00
AR,2020-01-01,Comunicación (202001),indec_08_variacion_mensual,0.1,%,indec,2026-08-05T21:48:05.576542+00:00
AR,2020-01-01,Comunicación (202001),indec_08_variacion_interanual,52.8,%,indec,2026-08-05T21:48:05.576542+00:00
AR,2020-01-01,Recreación y cultura (202001),indec_09_indice,274.5141,indice,indec,2026-08-05T21:48:05.576542+00:00
AR,2020-01-01,Recreación y cultura (202001),indec_09_variacion_mensual,5.0,%,indec,2026-08-05T21:48:05.576542+00:00
AR,2020-01-01,Recreación y cultura (202001),indec_09_variacion_interanual,50.6,%,indec,2026-08-05T21:48:05.576542+00:00
AR,2020-01-01,Educación (202001),indec_10_indice,256.9216,indice,indec,2026-08-05T21:48:05.576542+00:00
AR,2020-01-01,Educación (202001),indec_10_variacion_mensual,0.5,%,indec,2026-08-05T21:48:05.576542+00:00
AR,2020-01-01,Educación (202001),indec_10_variacion_interanual,47.0,%,indec,2026-08-05T21:48:05.576542+00:00
AR,2020-01-01,Restaurantes y hoteles (202001),indec_11_indice,265.7678,indice,indec,2026-08-05T21:48:05.576542+00:00
AR,2020-01-01,Restaurantes y hoteles (202001),indec_11_variacion_mensual,4.2,%,indec,2026-08-05T21:48:05.576542+00:00
AR,2020-01-01,Restaurantes y hoteles (202001),indec_11_variacion_interanual,50.9,%,indec,2026-08-05T21:48:05.576542+00:00
AR,2020-01-01,Bienes y servicios varios (202001),indec_12_indice,295.0698,indice,indec,2026-08-05T21:48:05.576542+00:00
AR,2020-01-01,Bienes y servicios varios (202001),indec_12_variacion_mensual,3.1,%,indec,2026-08-05T21:48:05.576542+00:00
AR,2020-01-01,Bienes y servicios varios (202001),indec_12_variacion_interanual,55.1,%,indec,2026-08-05T21:48:05.576542+00:00
AR,2020-01-01,nan (202001),indec_Estacional_indice,253.5739,indice,indec,2026-08-05T21:48:05.576542+00:00
AR,2020-01-01,nan (202001),indec_Estacional_variacion_mensual,3.6,%,indec,2026-08-05T21:48:05.576542+00:00
AR,2020-01-01,nan (202001),indec_Estacional_variacion_interanual,52.7,%,indec,2026-08-05T21:48:05.576542+00:00
AR,2020-01-01,nan (202001),indec_Núcleo_indice,287.1529,indice,indec,2026-08-05T21:48:05.576542+00:00
AR,2020-01-01,nan (202001),indec_Núcleo_variacion_mensual,2.4,%,indec,2026-08-05T21:48:05.576542+00:00
AR,2020-01-01,nan (202001),indec_Núcleo_variacion_interanual,55.8,%,indec,2026-08-05T21:48:05.576542+00:00
AR,2020-01-01,nan (202001),indec_Regulados_indice,319.0685,indice,indec,2026-08-05T21:48:05.576542+00:00
AR,2020-01-01,nan (202001),indec_Regulados_variacion_mensual,1.1,%,indec,2026-08-05T21:48:05.576542+00:00
AR,2020-01-01,nan (202001),indec_Regulados_variacion_interanual,44.9,%,indec,2026-08-05T21:48:05.576542+00:00
AR,2020-01-01,nan (202001),indec_B_indice,293.7136,indice,indec,2026-08-05T21:48:05.576542+00:00
AR,2020-01-01,nan (202001),indec_B_variacion_mensual,2.6,%,indec,2026-08-05T21:48:05.576542+00:00
AR,2020-01-01,nan (202001),indec_B_variacion_interanual,58.3,%,indec,2026-08-05T21:48:05.576542+00:00
AR,2020-01-01,nan (202001),indec_S_indice,283.5081,indice,indec,2026-08-05T21:48:05.576542+00:00
AR,2020-01-01,nan (202001),indec_S_variacion_mensual,1.6,%,indec,2026-08-05T21:48:05.576542+00:00
AR,2020-01-01,nan (202001),indec_S_variacion_interanual,42.9,%,indec,2026-08-05T21:48:05.576542+00:00
AR,2020-02-01,NIVEL GENERAL (202002),indec_0_indice,295.666,indice,indec,2026-08-05T21:48:05.576542+00:00
AR,2020-02-01,NIVEL GENERAL (202002),indec_0_variacion_mensual,2.0,%,indec,2026-08-05T21:48:05.576542+00:00
AR,2020-02-01,NIVEL GENERAL (202002),indec_0_variacion_interanual,50.3,%,indec,2026-08-05T21:48:05.576542+00:00
AR,2020-02-01,Alimentos y bebidas no alcohólicas (202002),indec_01_indice,306.6182,indice,indec,2026-08-05T21:48:05.576542+00:00
AR,2020-02-01,Alimentos y bebidas no alcohólicas (202002),indec_01_variacion_mensual,2.7,%,indec,2026-08-05T21:48:05.576542+00:00
AR,2020-02-01,Alimentos y bebidas no alcohólicas (202002),indec_01_variacion_interanual,54.2,%,indec,2026-08-05T21:48:05.576542+00:00
AR,2020-02-01,Bebidas alcohólicas y tabaco (202002),indec_02_indice,251.9682,indice,indec,2026-08-05T21:48:05.576542+00:00
AR,2020-02-01,Bebidas alcohólicas y tabaco (202002),indec_02_variacion_mensual,1.3,%,indec,2026-08-05T21:48:05.576542+00:00
AR,2020-02-01,Bebidas alcohólicas y tabaco (202002),indec_02_variacion_interanual,50.0,%,indec,2026-08-05T21:48:05.576542+00:00
AR,2020-02-01,Prendas de vestir y calzado (202002),indec_03_indice,243.9437,indice,indec,2026-08-05T21:48:05.576542+00:00
AR,2020-02-01,Prendas de vestir y calzado (202002),indec_03_variacion_mensual,2.4,%,indec,2026-08-05T21:48:05.576542+00:00
AR,2020-02-01,Prendas de vestir y calzado (202002),indec_03_variacion_interanual,56.6,%,indec,2026-08-05T21:48:05.576542+00:00
AR,2020-02-01,"Vivienda, agua, electricidad, gas y otros combustibles (202002)",indec_04_indice,319.9809,indice,indec,2026-08-05T21:48:05.576542+00:00
AR,2020-02-01,"Vivienda, agua, electricidad, gas y otros combustibles (202002)",indec_04_variacion_mensual,0.6,%,indec,2026-08-05T21:48:05.576542+00:00
AR,2020-02-01,"Vivienda, agua, electricidad, gas y otros combustibles (202002)",indec_04_variacion_interanual,28.7,%,indec,2026-08-05T21:48:05.576542+00:00
AR,2020-02-01,Equipamiento y mantenimiento del hogar (202002),indec_05_indice,290.661,indice,indec,2026-08-05T21:48:05.576542+00:00
AR,2020-02-01,Equipamiento y mantenimiento del hogar (202002),indec_05_variacion_mensual,2.1,%,indec,2026-08-05T21:48:05.576542+00:00
AR,2020-02-01,Equipamiento y mantenimiento del hogar (202002),indec_05_variacion_interanual,56.3,%,indec,2026-08-05T21:48:05.576542+00:00
AR,2020-02-01,Salud (202002),indec_06_indice,325.1671,indice,indec,2026-08-05T21:48:05.576542+00:00
AR,2020-02-01,Salud (202002),indec_06_variacion_mensual,0.4,%,indec,2026-08-05T21:48:05.576542+00:00
AR,2020-02-01,Salud (202002),indec_06_variacion_interanual,59.6,%,indec,2026-08-05T21:48:05.576542+00:00
AR,2020-02-01,Transporte (202002),indec_07_indice,310.5997,indice,indec,2026-08-05T21:48:05.576542+00:00
AR,2020-02-01,Transporte (202002),indec_07_variacion_mensual,1.6,%,indec,2026-08-05T21:48:05.576542+00:00
AR,2020-02-01,Transporte (202002),indec_07_variacion_interanual,47.4,%,indec,2026-08-05T21:48:05.576542+00:00
AR,2020-02-01,Comunicación (202002),indec_08_indice,349.775,indice,indec,2026-08-05T21:48:05.576542+00:00
AR,2020-02-01,Comunicación (202002),indec_08_variacion_mensual,2.3,%,indec,2026-08-05T21:48:05.576542+00:00
AR,2020-02-01,Comunicación (202002),indec_08_variacion_interanual,54.7,%,indec,2026-08-05T21:48:05.576542+00:00
AR,2020-02-01,Recreación y cultura (202002),indec_09_indice,280.5764,indice,indec,2026-08-05T21:48:05.576542+00:00
AR,2020-02-01,Recreación y cultura (202002),indec_09_variacion_mensual,2.2,%,indec,2026-08-05T21:48:05.576542+00:00
AR,2020-02-01,Recreación y cultura (202002),indec_09_variacion_interanual,50.6,%,indec,2026-08-05T21:48:05.576542+00:00
AR,2020-02-01,Educación (202002),indec_10_indice,260.6158,indice,indec,2026-08-05T21:48:05.576542+00:00
AR,2020-02-01,Educación (202002),indec_10_variacion_mensual,1.4,%,indec,2026-08-05T21:48:05.576542+00:00
AR,2020-02-01,Educación (202002),indec_10_variacion_interanual,46.7,%,indec,2026-08-05T21:48:05.576542+00:00
AR,2020-02-01,Restaurantes y hoteles (202002),indec_11_indice,273.9206,indice,indec,2026-08-05T21:48:05.576542+00:00
AR,2020-02-01,Restaurantes y hoteles (202002),indec_11_variacion_mensual,3.1,%,indec,2026-08-05T21:48:05.576542+00:00
AR,2020-02-01,Restaurantes y hoteles (202002),indec_11_variacion_interanual,50.1,%,indec,2026-08-05T21:48:05.576542+00:00
AR,2020-02-01,Bienes y servicios varios (202002),indec_12_indice,302.2693,indice,indec,2026-08-05T21:48:05.576542+00:00
AR,2020-02-01,Bienes y servicios varios (202002),indec_12_variacion_mensual,2.4,%,indec,2026-08-05T21:48:05.576542+00:00
AR,2020-02-01,Bienes y servicios varios (202002),indec_12_variacion_interanual,54.1,%,indec,2026-08-05T21:48:05.576542+00:00
AR,2020-02-01,nan (202002),indec_Estacional_indice,259.9507,indice,indec,2026-08-05T21:48:05.576542+00:00
AR,2020-02-01,nan (202002),indec_Estacional_variacion_mensual,2.5,%,indec,2026-08-05T21:48:05.576542+00:00
AR,2020-02-01,nan (202002),indec_Estacional_variacion_interanual,53.6,%,indec,2026-08-05T21:48:05.576542+00:00
AR,2020-02-01,nan (202002),indec_Núcleo_indice,293.9922,indice,indec,2026-08-05T21:48:05.576542+00:00
AR,2020-02-01,nan (202002),indec_Núcleo_variacion_mensual,2.4,%,indec,2026-08-05T21:48:05.576542+00:00
AR,2020-02-01,nan (202002),indec_Núcleo_variacion_interanual,53.6,%,indec,2026-08-05T21:48:05.576542+00:00
AR,2020-02-01,nan (202002),indec_Regulados_indice,321.3104,indice,indec,2026-08-05T21:48:05.576542+00:00
AR,2020-02-01,nan (202002),indec_Regulados_variacion_mensual,0.7,%,indec,2026-08-05T21:48:05.576542+00:00
AR,2020-02-01,nan (202002),indec_Regulados_variacion_interanual,40.1,%,indec,2026-08-05T21:48:05.576542+00:00
AR,2020-02-01,nan (202002),indec_B_indice,300.0495,indice,indec,2026-08-05T21:48:05.576542+00:00
AR,2020-02-01,nan (202002),indec_B_variacion_mensual,2.2,%,indec,2026-08-05T21:48:05.576542+00:00
AR,2020-02-01,nan (202002),indec_B_variacion_interanual,56.0,%,indec,2026-08-05T21:48:05.576542+00:00
AR,2020-02-01,nan (202002),indec_S_indice,288.3802,indice,indec,2026-08-05T21:48:05.576542+00:00
AR,2020-02-01,nan (202002),indec_S_variacion_mensual,1.7,%,indec,2026-08-05T21:48:05.576542+00:00
AR,2020-02-01,nan (202002),indec_S_variacion_interanual,40.0,%,indec,2026-08-05T21:48:05.576542+00:00
AR,2020-03-01,NIVEL GENERAL (202003),indec_0_indice,305.5515,indice,indec,2026-08-05T21:48:05.576542+00:00
AR,2020-03-01,NIVEL GENERAL (202003),indec_0_variacion_mensual,3.3,%,indec,2026-08-05T21:48:05.576542+00:00
AR,2020-03-01,NIVEL GENERAL (202003),indec_0_variacion_interanual,48.4,%,indec,2026-08-05T21:48:05.576542+00:00
AR,2020-03-01,Alimentos y bebidas no alcohólicas (202003),indec_01_indice,318.6777,indice,indec,2026-08-05T21:48:05.576542+00:00
AR,2020-03-01,Alimentos y bebidas no alcohólicas (202003),indec_01_variacion_mensual,3.9,%,indec,2026-08-05T21:48:05.576542+00:00
AR,2020-03-01,Alimentos y bebidas no alcohólicas (202003),indec_01_variacion_interanual,51.3,%,indec,2026-08-05T21:48:05.576542+00:00
AR,2020-03-01,Bebidas alcohólicas y tabaco (202003),indec_02_indice,259.1936,indice,indec,2026-08-05T21:48:05.576542+00:00
AR,2020-03-01,Bebidas alcohólicas y tabaco (202003),indec_02_variacion_mensual,2.9,%,indec,2026-08-05T21:48:05.576542+00:00
AR,2020-03-01,Bebidas alcohólicas y tabaco (202003),indec_02_variacion_interanual,48.3,%,indec,2026-08-05T21:48:05.576542+00:00
AR,2020-03-01,Prendas de vestir y calzado (202003),indec_03_indice,254.1219,indice,indec,2026-08-05T21:48:05.576542+00:00
AR,2020-03-01,Prendas de vestir y calzado (202003),indec_03_variacion_mensual,4.2,%,indec,2026-08-05T21:48:05.576542+00:00
AR,2020-03-01,Prendas de vestir y calzado (202003),indec_03_variacion_interanual,53.1,%,indec,2026-08-05T21:48:05.576542+00:00
AR,2020-03-01,"Vivienda, agua, electricidad, gas y otros combustibles (202003)",indec_04_indice,324.3739,indice,indec,2026-08-05T21:48:05.576542+00:00
AR,2020-03-01,"Vivienda, agua, electricidad, gas y otros combustibles (202003)",indec_04_variacion_mensual,1.4,%,indec,2026-08-05T21:48:05.576542+00:00
AR,2020-03-01,"Vivienda, agua, electricidad, gas y otros combustibles (202003)",indec_04_variacion_interanual,26.9,%,indec,2026-08-05T21:48:05.576542+00:00
AR,2020-03-01,Equipamiento y mantenimiento del hogar (202003),indec_05_indice,299.0795,indice,indec,2026-08-05T21:48:05.576542+00:00
AR,2020-03-01,Equipamiento y mantenimiento del hogar (202003),indec_05_variacion_mensual,2.9,%,indec,2026-08-05T21:48:05.576542+00:00
AR,2020-03-01,Equipamiento y mantenimiento del hogar (202003),indec_05_variacion_interanual,55.0,%,indec,2026-08-05T21:48:05.576542+00:00
AR,2020-03-01,Salud (202003),indec_06_indice,333.8163,indice,indec,2026-08-05T21:48:05.576542+00:00
AR,2020-03-01,Salud (202003),indec_06_variacion_mensual,2.7,%,indec,2026-08-05T21:48:05.576542+00:00
AR,2020-03-01,Salud (202003),indec_06_variacion_interanual,58.7,%,indec,2026-08-05T21:48:05.576542+00:00
AR,2020-03-01,Transporte (202003),indec_07_indice,315.6444,indice,indec,2026-08-05T21:48:05.576542+00:00
AR,2020-03-01,Transporte (202003),indec_07_variacion_mensual,1.6,%,indec,2026-08-05T21:48:05.576542+00:00
AR,2020-03-01,Transporte (202003),indec_07_variacion_interanual,43.8,%,indec,2026-08-05T21:48:05.576542+00:00
AR,2020-03-01,Comunicación (202003),indec_08_indice,378.653,indice,indec,2026-08-05T21:48:05.576542+00:00
AR,2020-03-01,Comunicación (202003),indec_08_variacion_mensual,8.3,%,indec,2026-08-05T21:48:05.576542+00:00
AR,2020-03-01,Comunicación (202003),indec_08_variacion_interanual,60.4,%,indec,2026-08-05T21:48:05.576542+00:00
AR,2020-03-01,Recreación y cultura (202003),indec_09_indice,287.5823,indice,indec,2026-08-05T21:48:05.576542+00:00
AR,2020-03-01,Recreación y cultura (202003),indec_09_variacion_mensual,2.5,%,indec,2026-08-05T21:48:05.576542+00:00
AR,2020-03-01,Recreación y cultura (202003),indec_09_variacion_interanual,51.4,%,indec,2026-08-05T21:48:05.576542+00:00
AR,2020-03-01,Educación (202003),indec_10_indice,306.0975,indice,indec,2026-08-05T21:48:05.576542+00:00
AR,2020-03-01,Educación (202003),indec_10_variacion_mensual,17.5,%,indec,2026-08-05T21:48:05.576542+00:00
AR,2020-03-01,Educación (202003),indec_10_variacion_interanual,46.1,%,indec,2026-08-05T21:48:05.576542+00:00
AR,2020-03-01,Restaurantes y hoteles (202003),indec_11_indice,279.826,indice,indec,2026-08-05T21:48:05.576542+00:00
AR,2020-03-01,Restaurantes y hoteles (202003),indec_11_variacion_mensual,2.2,%,indec,2026-08-05T21:48:05.576542+00:00
AR,2020-03-01,Restaurantes y hoteles (202003),indec_11_variacion_interanual,46.9,%,indec,2026-08-05T21:48:05.576542+00:00
AR,2020-03-01,Bienes y servicios varios (202003),indec_12_indice,308.4361,indice,indec,2026-08-05T21:48:05.576542+00:00
AR,2020-03-01,Bienes y servicios varios (202003),indec_12_variacion_mensual,2.0,%,indec,2026-08-05T21:48:05.576542+00:00
AR,2020-03-01,Bienes y servicios varios (202003),indec_12_variacion_interanual,52.5,%,indec,2026-08-05T21:48:05.576542+00:00
AR,2020-03-01,nan (202003),indec_Estacional_indice,272.7059,indice,indec,2026-08-05T21:48:05.576542+00:00
AR,2020-03-01,nan (202003),indec_Estacional_variacion_mensual,4.9,%,indec,2026-08-05T21:48:05.576542+00:00
AR,2020-03-01,nan (202003),indec_Estacional_variacion_interanual,53.8,%,indec,2026-08-05T21:48:05.576542+00:00
AR,2020-03-01,nan (202003),indec_Núcleo_indice,303.1665,indice,indec,2026-08-05T21:48:05.576542+00:00
AR,2020-03-01,nan (202003),indec_Núcleo_variacion_mensual,3.1,%,indec,2026-08-05T21:48:05.576542+00:00
AR,2020-03-01,nan (202003),indec_Núcleo_variacion_interanual,51.4,%,indec,2026-08-05T21:48:05.576542+00:00
AR,2020-03-01,nan (202003),indec_Regulados_indice,331.8502,indice,indec,2026-08-05T21:48:05.576542+00:00
AR,2020-03-01,nan (202003),indec_Regulados_variacion_mensual,3.3,%,indec,2026-08-05T21:48:05.576542+00:00
AR,2020-03-01,nan (202003),indec_Regulados_variacion_interanual,37.9,%,indec,2026-08-05T21:48:05.576542+00:00
AR,2020-03-01,nan (202003),indec_B_indice,309.7355,indice,indec,2026-08-05T21:48:05.576542+00:00
AR,2020-03-01,nan (202003),indec_B_variacion_mensual,3.2,%,indec,2026-08-05T21:48:05.576542+00:00
AR,2020-03-01,nan (202003),indec_B_variacion_interanual,53.3,%,indec,2026-08-05T21:48:05.576542+00:00
AR,2020-03-01,nan (202003),indec_S_indice,298.5626,indice,indec,2026-08-05T21:48:05.576542+00:00
AR,2020-03-01,nan (202003),indec_S_variacion_mensual,3.5,%,indec,2026-08-05T21:48:05.576542+00:00
AR,2020-03-01,nan (202003),indec_S_variacion_interanual,39.2,%,indec,2026-08-05T21:48:05.576542+00:00
AR,2020-04-01,NIVEL GENERAL (202004),indec_0_indice,310.1243,indice,indec,2026-08-05T21:48:05.576542+00:00
AR,2020-04-01,NIVEL GENERAL (202004),indec_0_variacion_mensual,1.5,%,indec,2026-08-05T21:48:05.576542+00:00
AR,2020-04-01,NIVEL GENERAL (202004),indec_0_variacion_interanual,45.6,%,indec,2026-08-05T21:48:05.576542+00:00
AR,2020-04-01,Alimentos y bebidas no alcohólicas (202004),indec_01_indice,328.7785,indice,indec,2026-08-05T21:48:05.576542+00:00
AR,2020-04-01,Alimentos y bebidas no alcohólicas (202004),indec_01_variacion_mensual,3.2,%,indec,2026-08-05T21:48:05.576542+00:00
AR,2020-04-01,Alimentos y bebidas no alcohólicas (202004),indec_01_variacion_interanual,52.2,%,indec,2026-08-05T21:48:05.576542+00:00
AR,2020-04-01,Bebidas alcohólicas y tabaco (202004),indec_02_indice,262.827,indice,indec,2026-08-05T21:48:05.576542+00:00
AR,2020-04-01,Bebidas alcohólicas y tabaco (202004),indec_02_variacion_mensual,1.4,%,indec,2026-08-05T21:48:05.576542+00:00
AR,2020-04-01,Bebidas alcohólicas y tabaco (202004),indec_02_variacion_interanual,48.8,%,indec,2026-08-05T21:48:05.576542+00:00
AR,2020-04-01,Prendas de vestir y calzado (202004),indec_03_indice,257.9206,indice,indec,2026-08-05T21:48:05.576542+00:00
AR,2020-04-01,Prendas de vestir y calzado (202004),indec_03_variacion_mensual,1.5,%,indec,2026-08-05T21:48:05.576542+00:00
AR,2020-04-01,Prendas de vestir y calzado (202004),indec_03_variacion_interanual,46.3,%,indec,2026-08-05T21:48:05.576542+00:00
AR,2020-04-01,"Vivienda, agua, electricidad, gas y otros combustibles (202004)",indec_04_indice,324.3903,indice,indec,2026-08-05T21:48:05.576542+00:00
AR,2020-04-01,"Vivienda, agua, electricidad, gas y otros combustibles (202004)",indec_04_variacion_mensual,0.0,%,indec,2026-08-05T21:48:05.576542+00:00
AR,2020-04-01,"Vivienda, agua, electricidad, gas y otros combustibles (202004)",indec_04_variacion_interanual,23.2,%,indec,2026-08-05T21:48:05.576542+00:00
AR,2020-04-01,Equipamiento y mantenimiento del hogar (202004),indec_05_indice,302.7645,indice,indec,2026-08-05T21:48:05.576542+00:00
AR,2020-04-01,Equipamiento y mantenimiento del hogar (202004),indec_05_variacion_mensual,1.2,%,indec,2026-08-05T21:48:05.576542+00:00
AR,2020-04-01,Equipamiento y mantenimiento del hogar (202004),indec_05_variacion_interanual,50.0,%,indec,2026-08-05T21:48:05.576542+00:00
AR,2020-04-01,Salud (202004),indec_06_indice,337.7523,indice,indec,2026-08-05T21:48:05.576542+00:00
AR,2020-04-01,Salud (202004),indec_06_variacion_mensual,1.2,%,indec,2026-08-05T21:48:05.576542+00:00
AR,2020-04-01,Salud (202004),indec_06_variacion_interanual,55.1,%,indec,2026-08-05T21:48:05.576542+00:00
AR,2020-04-01,Transporte (202004),indec_07_indice,319.8688,indice,indec,2026-08-05T21:48:05.576542+00:00
AR,2020-04-01,Transporte (202004),indec_07_variacion_mensual,1.3,%,indec,2026-08-05T21:48:05.576542+00:00
AR,2020-04-01,Transporte (202004),indec_07_variacion_interanual,39.6,%,indec,2026-08-05T21:48:05.576542+00:00
AR,2020-04-01,Comunicación (202004),indec_08_indice,363.1467,indice,indec,2026-08-05T21:48:05.576542+00:00
AR,2020-04-01,Comunicación (202004),indec_08_variacion_mensual,-4.1,%,indec,2026-08-05T21:48:05.576542+00:00
AR,2020-04-01,Comunicación (202004),indec_08_variacion_interanual,48.6,%,indec,2026-08-05T21:48:05.576542+00:00
AR,2020-04-01,Recreación y cultura (202004),indec_09_indice,294.2192,indice,indec,2026-08-05T21:48:05.576542+00:00
AR,2020-04-01,Recreación y cultura (202004),indec_09_variacion_mensual,2.3,%,indec,2026-08-05T21:48:05.576542+00:00
AR,2020-04-01,Recreación y cultura (202004),indec_09_variacion_interanual,50.1,%,indec,2026-08-05T21:48:05.576542+00:00
AR,2020-04-01,Educación (202004),indec_10_indice,301.6002,indice,indec,2026-08-05T21:48:05.576542+00:00
AR,2020-04-01,Educación (202004),indec_10_variacion_mensual,-1.5,%,indec,2026-08-05T21:48:05.576542+00:00
AR,2020-04-01,Educación (202004),indec_10_variacion_interanual,41.8,%,indec,2026-08-05T21:48:05.576542+00:00
AR,2020-04-01,Restaurantes y hoteles (202004),indec_11_indice,284.0325,indice,indec,2026-08-05T21:48:05.576542+00:00
AR,2020-04-01,Restaurantes y hoteles (202004),indec_11_variacion_mensual,1.5,%,indec,2026-08-05T21:48:05.576542+00:00
AR,2020-04-01,Restaurantes y hoteles (202004),indec_11_variacion_interanual,43.3,%,indec,2026-08-05T21:48:05.576542+00:00
AR,2020-04-01,Bienes y servicios varios (202004),indec_12_indice,308.9516,indice,indec,2026-08-05T21:48:05.576542+00:00
AR,2020-04-01,Bienes y servicios varios (202004),indec_12_variacion_mensual,0.2,%,indec,2026-08-05T21:48:05.576542+00:00
AR,2020-04-01,Bienes y servicios varios (202004),indec_12_variacion_interanual,48.4,%,indec,2026-08-05T21:48:05.576542+00:00
AR,2020-04-01,nan (202004),indec_Estacional_indice,285.8904,indice,indec,2026-08-05T21:48:05.576542+00:00
AR,2020-04-01,nan (202004),indec_Estacional_variacion_mensual,4.8,%,indec,2026-08-05T21:48:05.576542+00:00
AR,2020-04-01,nan (202004),indec_Estacional_variacion_interanual,58.7,%,indec,2026-08-05T21:48:05.576542+00:00
AR,2020-04-01,nan (202004),indec_Núcleo_indice,308.3681,indice,indec,2026-08-05T21:48:05.576542+00:00
AR,2020-04-01,nan (202004),indec_Núcleo_variacion_mensual,1.7,%,indec,2026-08-05T21:48:05.576542+00:00
AR,2020-04-01,nan (202004),indec_Núcleo_variacion_interanual,48.5,%,indec,2026-08-05T21:48:05.576542+00:00
AR,2020-04-01,nan (202004),indec_Regulados_indice,329.6516,indice,indec,2026-08-05T21:48:05.576542+00:00
AR,2020-04-01,nan (202004),indec_Regulados_variacion_mensual,-0.7,%,indec,2026-08-05T21:48:05.576542+00:00
AR,2020-04-01,nan (202004),indec_Regulados_variacion_interanual,32.6,%,indec,2026-08-05T21:48:05.576542+00:00
AR,2020-04-01,nan (202004),indec_B_indice,316.9003,indice,indec,2026-08-05T21:48:05.576542+00:00
AR,2020-04-01,nan (202004),indec_B_variacion_mensual,2.3,%,indec,2026-08-05T21:48:05.576542+00:00
AR,2020-04-01,nan (202004),indec_B_variacion_interanual,51.2,%,indec,2026-08-05T21:48:05.576542+00:00
AR,2020-04-01,nan (202004),indec_S_indice,298.0086,indice,indec,2026-08-05T21:48:05.576542+00:00
AR,2020-04-01,nan (202004),indec_S_variacion_mensual,-0.2,%,indec,2026-08-05T21:48:05.576542+00:00
AR,2020-04-01,nan (202004),indec_S_variacion_interanual,35.1,%,indec,2026-08-05T21:48:05.576542+00:00
AR,2020-05-01,NIVEL GENERAL (202005),indec_0_indice,314.9087,indice,indec,2026-08-05T21:48:05.576542+00:00
AR,2020-05-01,NIVEL GENERAL (202005),indec_0_variacion_mensual,1.5,%,indec,2026-08-05T21:48:05.576542+00:00
AR,2020-05-01,NIVEL GENERAL (202005),indec_0_variacion_interanual,43.4,%,indec,2026-08-05T21:48:05.576542+00:00
AR,2020-05-01,Alimentos y bebidas no alcohólicas (202005),indec_01_indice,331.0146,indice,indec,2026-08-05T21:48:05.576542+00:00
AR,2020-05-01,Alimentos y bebidas no alcohólicas (202005),indec_01_variacion_mensual,0.7,%,indec,2026-08-05T21:48:05.576542+00:00
AR,2020-05-01,Alimentos y bebidas no alcohólicas (202005),indec_01_variacion_interanual,49.6,%,indec,2026-08-05T21:48:05.576542+00:00
AR,2020-05-01,Bebidas alcohólicas y tabaco (202005),indec_02_indice,263.0259,indice,indec,2026-08-05T21:48:05.576542+00:00
AR,2020-05-01,Bebidas alcohólicas y tabaco (202005),indec_02_variacion_mensual,0.1,%,indec,2026-08-05T21:48:05.576542+00:00
AR,2020-05-01,Bebidas alcohólicas y tabaco (202005),indec_02_variacion_interanual,45.8,%,indec,2026-08-05T21:48:05.576542+00:00
AR,2020-05-01,Prendas de vestir y calzado (202005),indec_03_indice,277.3804,indice,indec,2026-08-05T21:48:05.576542+00:00
AR,2020-05-01,Prendas de vestir y calzado (202005),indec_03_variacion_mensual,7.5,%,indec,2026-08-05T21:48:05.576542+00:00
AR,2020-05-01,Prendas de vestir y calzado (202005),indec_03_variacion_interanual,52.2,%,indec,2026-08-05T21:48:05.576542+00:00
AR,2020-05-01,"Vivienda, agua, electricidad, gas y otros combustibles (202005)",indec_04_indice,324.7404,indice,indec,2026-08-05T21:48:05.576542+00:00
AR,2020-05-01,"Vivienda, agua, electricidad, gas y otros combustibles (202005)",indec_04_variacion_mensual,0.1,%,indec,2026-08-05T21:48:05.576542+00:00
AR,2020-05-01,"Vivienda, agua, electricidad, gas y otros combustibles (202005)",indec_04_variacion_interanual,18.7,%,indec,2026-08-05T21:48:05.576542+00:00
AR,2020-05-01,Equipamiento y mantenimiento del hogar (202005),indec_05_indice,311.3316,indice,indec,2026-08-05T21:48:05.576542+00:00
AR,2020-05-01,Equipamiento y mantenimiento del hogar (202005),indec_05_variacion_mensual,2.8,%,indec,2026-08-05T21:48:05.576542+00:00
AR,2020-05-01,Equipamiento y mantenimiento del hogar (202005),indec_05_variacion_interanual,49.4,%,indec,2026-08-05T21:48:05.576542+00:00
AR,2020-05-01,Salud (202005),indec_06_indice,341.3461,indice,indec,2026-08-05T21:48:05.576542+00:00
AR,2020-05-01,Salud (202005),indec_06_variacion_mensual,1.1,%,indec,2026-08-05T21:48:05.576542+00:00
AR,2020-05-01,Salud (202005),indec_06_variacion_interanual,49.2,%,indec,2026-08-05T21:48:05.576542+00:00
AR,2020-05-01,Transporte (202005),indec_07_indice,323.2338,indice,indec,2026-08-05T21:48:05.576542+00:00
AR,2020-05-01,Transporte (202005),indec_07_variacion_mensual,1.1,%,indec,2026-08-05T21:48:05.576542+00:00
AR,2020-05-01,Transporte (202005),indec_07_variacion_interanual,36.4,%,indec,2026-08-05T21:48:05.576542+00:00
AR,2020-05-01,Comunicación (202005),indec_08_indice,364.3572,indice,indec,2026-08-05T21:48:05.576542+00:00
AR,2020-05-01,Comunicación (202005),indec_08_variacion_mensual,0.3,%,indec,2026-08-05T21:48:05.576542+00:00
AR,2020-05-01,Comunicación (202005),indec_08_variacion_interanual,46.3,%,indec,2026-08-05T21:48:05.576542+00:00
AR,2020-05-01,Recreación y cultura (202005),indec_09_indice,301.4356,indice,indec,2026-08-05T21:48:05.576542+00:00
AR,2020-05-01,Recreación y cultura (202005),indec_09_variacion_mensual,2.5,%,indec,2026-08-05T21:48:05.576542+00:00
AR,2020-05-01,Recreación y cultura (202005),indec_09_variacion_interanual,50.2,%,indec,2026-08-05T21:48:05.576542+00:00
AR,2020-05-01,Educación (202005),indec_10_indice,300.3424,indice,indec,2026-08-05T21:48:05.576542+00:00
AR,2020-05-01,Educación (202005),indec_10_variacion_mensual,-0.4,%,indec,2026-08-05T21:48:05.576542+00:00
AR,2020-05-01,Educación (202005),indec_10_variacion_interanual,36.7,%,indec,2026-08-05T21:48:05.576542+00:00
AR,2020-05-01,Restaurantes y hoteles (202005),indec_11_indice,288.4158,indice,indec,2026-08-05T21:48:05.576542+00:00
AR,2020-05-01,Restaurantes y hoteles (202005),indec_11_variacion_mensual,1.5,%,indec,2026-08-05T21:48:05.576542+00:00
AR,2020-05-01,Restaurantes y hoteles (202005),indec_11_variacion_interanual,42.4,%,indec,2026-08-05T21:48:05.576542+00:00
AR,2020-05-01,Bienes y servicios varios (202005),indec_12_indice,314.8969,indice,indec,2026-08-05T21:48:05.576542+00:00
AR,2020-05-01,Bienes y servicios varios (202005),indec_12_variacion_mensual,1.9,%,indec,2026-08-05T21:48:05.576542+00:00
AR,2020-05-01,Bienes y servicios varios (202005),indec_12_variacion_interanual,47.1,%,indec,2026-08-05T21:48:05.576542+00:00
AR,2020-05-01,nan (202005),indec_Estacional_indice,299.283,indice,indec,2026-08-05T21:48:05.576542+00:00
AR,2020-05-01,nan (202005),indec_Estacional_variacion_mensual,4.7,%,indec,2026-08-05T21:48:05.576542+00:00
AR,2020-05-01,nan (202005),indec_Estacional_variacion_interanual,65.1,%,indec,2026-08-05T21:48:05.576542+00:00
AR,2020-05-01,nan (202005),indec_Núcleo_indice,313.3195,indice,indec,2026-08-05T21:48:05.576542+00:00
AR,2020-05-01,nan (202005),indec_Núcleo_variacion_mensual,1.6,%,indec,2026-08-05T21:48:05.576542+00:00
AR,2020-05-01,nan (202005),indec_Núcleo_variacion_interanual,46.2,%,indec,2026-08-05T21:48:05.576542+00:00
AR,2020-05-01,nan (202005),indec_Regulados_indice,329.372,indice,indec,2026-08-05T21:48:05.576542+00:00
AR,2020-05-01,nan (202005),indec_Regulados_variacion_mensual,-0.1,%,indec,2026-08-05T21:48:05.576542+00:00
AR,2020-05-01,nan (202005),indec_Regulados_variacion_interanual,27.7,%,indec,2026-08-05T21:48:05.576542+00:00
AR,2020-05-01,nan (202005),indec_B_indice,323.3135,indice,indec,2026-08-05T21:48:05.576542+00:00
AR,2020-05-01,nan (202005),indec_B_variacion_mensual,2.0,%,indec,2026-08-05T21:48:05.576542+00:00
AR,2020-05-01,nan (202005),indec_B_variacion_interanual,49.6,%,indec,2026-08-05T21:48:05.576542+00:00
AR,2020-05-01,nan (202005),indec_S_indice,299.877,indice,indec,2026-08-05T21:48:05.576542+00:00
AR,2020-05-01,nan (202005),indec_S_variacion_mensual,0.6,%,indec,2026-08-05T21:48:05.576542+00:00
AR,2020-05-01,nan (202005),indec_S_variacion_interanual,32.0,%,indec,2026-08-05T21:48:05.576542+00:00
AR,2020-06-01,NIVEL GENERAL (202006),indec_0_indice,321.9738,indice,indec,2026-08-05T21:48:05.576542+00:00
AR,2020-06-01,NIVEL GENERAL (202006),indec_0_variacion_mensual,2.2,%,indec,2026-08-05T21:48:05.576542+00:00
AR,2020-06-01,NIVEL GENERAL (202006),indec_0_variacion_interanual,42.8,%,indec,2026-08-05T21:48:05.576542+00:00
AR,2020-06-01,Alimentos y bebidas no alcohólicas (202006),indec_01_indice,334.4636,indice,indec,2026-08-05T21:48:05.576542+00:00
AR,2020-06-01,Alimentos y bebidas no alcohólicas (202006),indec_01_variacion_mensual,1.0,%,indec,2026-08-05T21:48:05.576542+00:00
AR,2020-06-01,Alimentos y bebidas no alcohólicas (202006),indec_01_variacion_interanual,47.4,%,indec,2026-08-05T21:48:05.576542+00:00
AR,2020-06-01,Bebidas alcohólicas y tabaco (202006),indec_02_indice,272.9822,indice,indec,2026-08-05T21:48:05.576542+00:00
AR,2020-06-01,Bebidas alcohólicas y tabaco (202006),indec_02_variacion_mensual,3.8,%,indec,2026-08-05T21:48:05.576542+00:00
AR,2020-06-01,Bebidas alcohólicas y tabaco (202006),indec_02_variacion_interanual,47.3,%,indec,2026-08-05T21:48:05.576542+00:00
AR,2020-06-01,Prendas de vestir y calzado (202006),indec_03_indice,295.818,indice,indec,2026-08-05T21:48:05.576542+00:00
AR,2020-06-01,Prendas de vestir y calzado (202006),indec_03_variacion_mensual,6.6,%,indec,2026-08-05T21:48:05.576542+00:00
AR,2020-06-01,Prendas de vestir y calzado (202006),indec_03_variacion_interanual,59.3,%,indec,2026-08-05T21:48:05.576542+00:00
AR,2020-06-01,"Vivienda, agua, electricidad, gas y otros combustibles (202006)",indec_04_indice,327.7297,indice,indec,2026-08-05T21:48:05.576542+00:00
AR,2020-06-01,"Vivienda, agua, electricidad, gas y otros combustibles (202006)",indec_04_variacion_mensual,0.9,%,indec,2026-08-05T21:48:05.576542+00:00
AR,2020-06-01,"Vivienda, agua, electricidad, gas y otros combustibles (202006)",indec_04_variacion_interanual,16.6,%,indec,2026-08-05T21:48:05.576542+00:00
AR,2020-06-01,Equipamiento y mantenimiento del hogar (202006),indec_05_indice,323.992,indice,indec,2026-08-05T21:48:05.576542+00:00
AR,2020-06-01,Equipamiento y mantenimiento del hogar (202006),indec_05_variacion_mensual,4.1,%,indec,2026-08-05T21:48:05.576542+00:00
AR,2020-06-01,Equipamiento y mantenimiento del hogar (202006),indec_05_variacion_interanual,50.4,%,indec,2026-08-05T21:48:05.576542+00:00
AR,2020-06-01,Salud (202006),indec_06_indice,348.9759,indice,indec,2026-08-05T21:48:05.576542+00:00
AR,2020-06-01,Salud (202006),indec_06_variacion_mensual,2.2,%,indec,2026-08-05T21:48:05.576542+00:00
AR,2020-06-01,Salud (202006),indec_06_variacion_interanual,47.3,%,indec,2026-08-05T21:48:05.576542+00:00
AR,2020-06-01,Transporte (202006),indec_07_indice,329.1348,indice,indec,2026-08-05T21:48:05.576542+00:00
AR,2020-06-01,Transporte (202006),indec_07_variacion_mensual,1.8,%,indec,2026-08-05T21:48:05.576542+00:00
AR,2020-06-01,Transporte (202006),indec_07_variacion_interanual,36.7,%,indec,2026-08-05T21:48:05.576542+00:00
AR,2020-06-01,Comunicación (202006),indec_08_indice,365.8524,indice,indec,2026-08-05T21:48:05.576542+00:00
AR,2020-06-01,Comunicación (202006),indec_08_variacion_mensual,0.4,%,indec,2026-08-05T21:48:05.576542+00:00
AR,2020-06-01,Comunicación (202006),indec_08_variacion_interanual,37.1,%,indec,2026-08-05T21:48:05.576542+00:00
AR,2020-06-01,Recreación y cultura (202006),indec_09_indice,314.005,indice,indec,2026-08-05T21:48:05.576542+00:00
AR,2020-06-01,Recreación y cultura (202006),indec_09_variacion_mensual,4.2,%,indec,2026-08-05T21:48:05.576542+00:00
AR,2020-06-01,Recreación y cultura (202006),indec_09_variacion_interanual,50.9,%,indec,2026-08-05T21:48:05.576542+00:00
AR,2020-06-01,Educación (202006),indec_10_indice,301.4521,indice,indec,2026-08-05T21:48:05.576542+00:00
AR,2020-06-01,Educación (202006),indec_10_variacion_mensual,0.4,%,indec,2026-08-05T21:48:05.576542+00:00
AR,2020-06-01,Educación (202006),indec_10_variacion_interanual,34.9,%,indec,2026-08-05T21:48:05.576542+00:00
AR,2020-06-01,Restaurantes y hoteles (202006),indec_11_indice,294.9019,indice,indec,2026-08-05T21:48:05.576542+00:00
AR,2020-06-01,Restaurantes y hoteles (202006),indec_11_variacion_mensual,2.2,%,indec,2026-08-05T21:48:05.576542+00:00
AR,2020-06-01,Restaurantes y hoteles (202006),indec_11_variacion_interanual,42.0,%,indec,2026-08-05T21:48:05.576542+00:00
AR,2020-06-01,Bienes y servicios varios (202006),indec_12_indice,315.9472,indice,indec,2026-08-05T21:48:05.576542+00:00
AR,2020-06-01,Bienes y servicios varios (202006),indec_12_variacion_mensual,0.3,%,indec,2026-08-05T21:48:05.576542+00:00
AR,2020-06-01,Bienes y servicios varios (202006),indec_12_variacion_interanual,44.6,%,indec,2026-08-05T21:48:05.576542+00:00
AR,2020-06-01,nan (202006),indec_Estacional_indice,313.5633,indice,indec,2026-08-05T21:48:05.576542+00:00
AR,2020-06-01,nan (202006),indec_Estacional_variacion_mensual,4.8,%,indec,2026-08-05T21:48:05.576542+00:00
AR,2020-06-01,nan (202006),indec_Estacional_variacion_interanual,68.8,%,indec,2026-08-05T21:48:05.576542+00:00
AR,2020-06-01,nan (202006),indec_Núcleo_indice,320.5733,indice,indec,2026-08-05T21:48:05.576542+00:00
AR,2020-06-01,nan (202006),indec_Núcleo_variacion_mensual,2.3,%,indec,2026-08-05T21:48:05.576542+00:00
AR,2020-06-01,nan (202006),indec_Núcleo_variacion_interanual,45.6,%,indec,2026-08-05T21:48:05.576542+00:00
AR,2020-06-01,nan (202006),indec_Regulados_indice,331.8382,indice,indec,2026-08-05T21:48:05.576542+00:00
AR,2020-06-01,nan (202006),indec_Regulados_variacion_mensual,0.7,%,indec,2026-08-05T21:48:05.576542+00:00
AR,2020-06-01,nan (202006),indec_Regulados_variacion_interanual,25.2,%,indec,2026-08-05T21:48:05.576542+00:00
AR,2020-06-01,nan (202006),indec_B_indice,332.6884,indice,indec,2026-08-05T21:48:05.576542+00:00
AR,2020-06-01,nan (202006),indec_B_variacion_mensual,2.9,%,indec,2026-08-05T21:48:05.576542+00:00
AR,2020-06-01,nan (202006),indec_B_variacion_interanual,49.8,%,indec,2026-08-05T21:48:05.576542+00:00
AR,2020-06-01,nan (202006),indec_S_indice,302.644,indice,indec,2026-08-05T21:48:05.576542+00:00
AR,2020-06-01,nan (202006),indec_S_variacion_mensual,0.9,%,indec,2026-08-05T21:48:05.576542+00:00
AR,2020-06-01,nan (202006),indec_S_variacion_interanual,29.7,%,indec,2026-08-05T21:48:05.576542+00:00
AR,2020-07-01,NIVEL GENERAL (202007),indec_0_indice,328.2014,indice,indec,2026-08-05T21:48:05.576542+00:00
AR,2020-07-01,NIVEL GENERAL (202007),indec_0_variacion_mensual,1.9,%,indec,2026-08-05T21:48:05.576542+00:00
AR,2020-07-01,NIVEL GENERAL (202007),indec_0_variacion_interanual,42.4,%,indec,2026-08-05T21:48:05.576542+00:00
AR,2020-07-01,Alimentos y bebidas no alcohólicas (202007),indec_01_indice,338.7648,indice,indec,2026-08-05T21:48:05.576542+00:00
AR,2020-07-01,Alimentos y bebidas no alcohólicas (202007),indec_01_variacion_mensual,1.3,%,indec,2026-08-05T21:48:05.576542+00:00
AR,2020-07-01,Alimentos y bebidas no alcohólicas (202007),indec_01_variacion_interanual,46.0,%,indec,2026-08-05T21:48:05.576542+00:00
AR,2020-07-01,Bebidas alcohólicas y tabaco (202007),indec_02_indice,276.7322,indice,indec,2026-08-05T21:48:05.576542+00:00
AR,2020-07-01,Bebidas alcohólicas y tabaco (202007),indec_02_variacion_mensual,1.4,%,indec,2026-08-05T21:48:05.576542+00:00
AR,2020-07-01,Bebidas alcohólicas y tabaco (202007),indec_02_variacion_interanual,48.0,%,indec,2026-08-05T21:48:05.576542+00:00
AR,2020-07-01,Prendas de vestir y calzado (202007),indec_03_indice,305.5099,indice,indec,2026-08-05T21:48:05.576542+00:00
AR,2020-07-01,Prendas de vestir y calzado (202007),indec_03_variacion_mensual,3.3,%,indec,2026-08-05T21:48:05.576542+00:00
AR,2020-07-01,Prendas de vestir y calzado (202007),indec_03_variacion_interanual,63.9,%,indec,2026-08-05T21:48:05.576542+00:00
AR,2020-07-01,"Vivienda, agua, electricidad, gas y otros combustibles (202007)",indec_04_indice,331.0918,indice,indec,2026-08-05T21:48:05.576542+00:00
AR,2020-07-01,"Vivienda, agua, electricidad, gas y otros combustibles (202007)",indec_04_variacion_mensual,1.0,%,indec,2026-08-05T21:48:05.576542+00:00
AR,2020-07-01,"Vivienda, agua, electricidad, gas y otros combustibles (202007)",indec_04_variacion_interanual,15.3,%,indec,2026-08-05T21:48:05.576542+00:00
AR,2020-07-01,Equipamiento y mantenimiento del hogar (202007),indec_05_indice,336.5455,indice,indec,2026-08-05T21:48:05.576542+00:00
AR,2020-07-01,Equipamiento y mantenimiento del hogar (202007),indec_05_variacion_mensual,3.9,%,indec,2026-08-05T21:48:05.576542+00:00
AR,2020-07-01,Equipamiento y mantenimiento del hogar (202007),indec_05_variacion_interanual,52.3,%,indec,2026-08-05T21:48:05.576542+00:00
AR,2020-07-01,Salud (202007),indec_06_indice,356.5467,indice,indec,2026-08-05T21:48:05.576542+00:00
AR,2020-07-01,Salud (202007),indec_06_variacion_mensual,2.2,%,indec,2026-08-05T21:48:05.576542+00:00
AR,2020-07-01,Salud (202007),indec_06_variacion_interanual,44.6,%,indec,2026-08-05T21:48:05.576542+00:00
AR,2020-07-01,Transporte (202007),indec_07_indice,335.1763,indice,indec,2026-08-05T21:48:05.576542+00:00
AR,2020-07-01,Transporte (202007),indec_07_variacion_mensual,1.8,%,indec,2026-08-05T21:48:05.576542+00:00
AR,2020-07-01,Transporte (202007),indec_07_variacion_interanual,37.6,%,indec,2026-08-05T21:48:05.576542+00:00
AR,2020-07-01,Comunicación (202007),indec_08_indice,368.496,indice,indec,2026-08-05T21:48:05.576542+00:00
AR,2020-07-01,Comunicación (202007),indec_08_variacion_mensual,0.7,%,indec,2026-08-05T21:48:05.576542+00:00
AR,2020-07-01,Comunicación (202007),indec_08_variacion_interanual,37.8,%,indec,2026-08-05T21:48:05.576542+00:00
AR,2020-07-01,Recreación y cultura (202007),indec_09_indice,324.3321,indice,indec,2026-08-05T21:48:05.576542+00:00
AR,2020-07-01,Recreación y cultura (202007),indec_09_variacion_mensual,3.3,%,indec,2026-08-05T21:48:05.576542+00:00
AR,2020-07-01,Recreación y cultura (202007),indec_09_variacion_interanual,50.0,%,indec,2026-08-05T21:48:05.576542+00:00
AR,2020-07-01,Educación (202007),indec_10_indice,301.7724,indice,indec,2026-08-05T21:48:05.576542+00:00
AR,2020-07-01,Educación (202007),indec_10_variacion_mensual,0.1,%,indec,2026-08-05T21:48:05.576542+00:00
AR,2020-07-01,Educación (202007),indec_10_variacion_interanual,32.2,%,indec,2026-08-05T21:48:05.576542+00:00
AR,2020-07-01,Restaurantes y hoteles (202007),indec_11_indice,300.6189,indice,indec,2026-08-05T21:48:05.576542+00:00
AR,2020-07-01,Restaurantes y hoteles (202007),indec_11_variacion_mensual,1.9,%,indec,2026-08-05T21:48:05.576542+00:00
AR,2020-07-01,Restaurantes y hoteles (202007),indec_11_variacion_interanual,40.6,%,indec,2026-08-05T21:48:05.576542+00:00
AR,2020-07-01,Bienes y servicios varios (202007),indec_12_indice,323.2643,indice,indec,2026-08-05T21:48:05.576542+00:00
AR,2020-07-01,Bienes y servicios varios (202007),indec_12_variacion_mensual,2.3,%,indec,2026-08-05T21:48:05.576542+00:00
AR,2020-07-01,Bienes y servicios varios (202007),indec_12_variacion_interanual,44.0,%,indec,2026-08-05T21:48:05.576542+00:00
AR,2020-07-01,nan (202007),indec_Estacional_indice,316.5328,indice,indec,2026-08-05T21:48:05.576542+00:00
AR,2020-07-01,nan (202007),indec_Estacional_variacion_mensual,0.9,%,indec,2026-08-05T21:48:05.576542+00:00
AR,2020-07-01,nan (202007),indec_Estacional_variacion_interanual,64.4,%,indec,2026-08-05T21:48:05.576542+00:00
AR,2020-07-01,nan (202007),indec_Núcleo_indice,328.6943,indice,indec,2026-08-05T21:48:05.576542+00:00
AR,2020-07-01,nan (202007),indec_Núcleo_variacion_mensual,2.5,%,indec,2026-08-05T21:48:05.576542+00:00
AR,2020-07-01,nan (202007),indec_Núcleo_variacion_interanual,46.2,%,indec,2026-08-05T21:48:05.576542+00:00
AR,2020-07-01,nan (202007),indec_Regulados_indice,333.55,indice,indec,2026-08-05T21:48:05.576542+00:00
AR,2020-07-01,nan (202007),indec_Regulados_variacion_mensual,0.5,%,indec,2026-08-05T21:48:05.576542+00:00
AR,2020-07-01,nan (202007),indec_Regulados_variacion_interanual,23.6,%,indec,2026-08-05T21:48:05.576542+00:00
AR,2020-07-01,nan (202007),indec_B_indice,340.4366,indice,indec,2026-08-05T21:48:05.576542+00:00
AR,2020-07-01,nan (202007),indec_B_variacion_mensual,2.3,%,indec,2026-08-05T21:48:05.576542+00:00
AR,2020-07-01,nan (202007),indec_B_variacion_interanual,50.3,%,indec,2026-08-05T21:48:05.576542+00:00
AR,2020-07-01,nan (202007),indec_S_indice,305.866,indice,indec,2026-08-05T21:48:05.576542+00:00
AR,2020-07-01,nan (202007),indec_S_variacion_mensual,1.1,%,indec,2026-08-05T21:48:05.576542+00:00
AR,2020-07-01,nan (202007),indec_S_variacion_interanual,27.8,%,indec,2026-08-05T21:48:05.576542+00:00
AR,2020-08-01,NIVEL GENERAL (202008),indec_0_indice,337.0632,indice,indec,2026-08-05T21:48:05.576542+00:00
AR,2020-08-01,NIVEL GENERAL (202008),indec_0_variacion_mensual,2.7,%,indec,2026-08-05T21:48:05.576542+00:00
AR,2020-08-01,NIVEL GENERAL (202008),indec_0_variacion_interanual,40.7,%,indec,2026-08-05T21:48:05.576542+00:00
AR,2020-08-01,Alimentos y bebidas no alcohólicas (202008),indec_01_indice,350.5076,indice,indec,2026-08-05T21:48:05.576542+00:00
AR,2020-08-01,Alimentos y bebidas no alcohólicas (202008),indec_01_variacion_mensual,3.5,%,indec,2026-08-05T21:48:05.576542+00:00
AR,2020-08-01,Alimentos y bebidas no alcohólicas (202008),indec_01_variacion_interanual,44.5,%,indec,2026-08-05T21:48:05.576542+00:00
AR,2020-08-01,Bebidas alcohólicas y tabaco (202008),indec_02_indice,280.3346,indice,indec,2026-08-05T21:48:05.576542+00:00
AR,2020-08-01,Bebidas alcohólicas y tabaco (202008),indec_02_variacion_mensual,1.3,%,indec,2026-08-05T21:48:05.576542+00:00
AR,2020-08-01,Bebidas alcohólicas y tabaco (202008),indec_02_variacion_interanual,43.7,%,indec,2026-08-05T21:48:05.576542+00:00
AR,2020-08-01,Prendas de vestir y calzado (202008),indec_03_indice,312.2789,indice,indec,2026-08-05T21:48:05.576542+00:00
AR,2020-08-01,Prendas de vestir y calzado (202008),indec_03_variacion_mensual,2.2,%,indec,2026-08-05T21:48:05.576542+00:00
AR,2020-08-01,Prendas de vestir y calzado (202008),indec_03_variacion_interanual,62.5,%,indec,2026-08-05T21:48:05.576542+00:00
AR,2020-08-01,"Vivienda, agua, electricidad, gas y otros combustibles (202008)",indec_04_indice,338.8038,indice,indec,2026-08-05T21:48:05.576542+00:00
AR,2020-08-01,"Vivienda, agua, electricidad, gas y otros combustibles (202008)",indec_04_variacion_mensual,2.3,%,indec,2026-08-05T21:48:05.576542+00:00
AR,2020-08-01,"Vivienda, agua, electricidad, gas y otros combustibles (202008)",indec_04_variacion_interanual,15.5,%,indec,2026-08-05T21:48:05.576542+00:00
AR,2020-08-01,Equipamiento y mantenimiento del hogar (202008),indec_05_indice,348.1836,indice,indec,2026-08-05T21:48:05.576542+00:00
AR,2020-08-01,Equipamiento y mantenimiento del hogar (202008),indec_05_variacion_mensual,3.5,%,indec,2026-08-05T21:48:05.576542+00:00
AR,2020-08-01,Equipamiento y mantenimiento del hogar (202008),indec_05_variacion_interanual,48.6,%,indec,2026-08-05T21:48:05.576542+00:00
AR,2020-08-01,Salud (202008),indec_06_indice,365.1113,indice,indec,2026-08-05T21:48:05.576542+00:00
AR,2020-08-01,Salud (202008),indec_06_variacion_mensual,2.4,%,indec,2026-08-05T21:48:05.576542+00:00
AR,2020-08-01,Salud (202008),indec_06_variacion_interanual,40.7,%,indec,2026-08-05T21:48:05.576542+00:00
AR,2020-08-01,Transporte (202008),indec_07_indice,344.7144,indice,indec,2026-08-05T21:48:05.576542+00:00
AR,2020-08-01,Transporte (202008),indec_07_variacion_mensual,2.8,%,indec,2026-08-05T21:48:05.576542+00:00
AR,2020-08-01,Transporte (202008),indec_07_variacion_interanual,36.2,%,indec,2026-08-05T21:48:05.576542+00:00
AR,2020-08-01,Comunicación (202008),indec_08_indice,369.5853,indice,indec,2026-08-05T21:48:05.576542+00:00
AR,2020-08-01,Comunicación (202008),indec_08_variacion_mensual,0.3,%,indec,2026-08-05T21:48:05.576542+00:00
AR,2020-08-01,Comunicación (202008),indec_08_variacion_interanual,36.6,%,indec,2026-08-05T21:48:05.576542+00:00
AR,2020-08-01,Recreación y cultura (202008),indec_09_indice,335.0449,indice,indec,2026-08-05T21:48:05.576542+00:00
AR,2020-08-01,Recreación y cultura (202008),indec_09_variacion_mensual,3.3,%,indec,2026-08-05T21:48:05.576542+00:00
AR,2020-08-01,Recreación y cultura (202008),indec_09_variacion_interanual,48.8,%,indec,2026-08-05T21:48:05.576542+00:00
AR,2020-08-01,Educación (202008),indec_10_indice,304.0824,indice,indec,2026-08-05T21:48:05.576542+00:00
AR,2020-08-01,Educación (202008),indec_10_variacion_mensual,0.8,%,indec,2026-08-05T21:48:05.576542+00:00
AR,2020-08-01,Educación (202008),indec_10_variacion_interanual,30.0,%,indec,2026-08-05T21:48:05.576542+00:00
AR,2020-08-01,Restaurantes y hoteles (202008),indec_11_indice,306.2356,indice,indec,2026-08-05T21:48:05.576542+00:00
AR,2020-08-01,Restaurantes y hoteles (202008),indec_11_variacion_mensual,1.9,%,indec,2026-08-05T21:48:05.576542+00:00
AR,2020-08-01,Restaurantes y hoteles (202008),indec_11_variacion_interanual,38.2,%,indec,2026-08-05T21:48:05.576542+00:00
AR,2020-08-01,Bienes y servicios varios (202008),indec_12_indice,334.0208,indice,indec,2026-08-05T21:48:05.576542+00:00
AR,2020-08-01,Bienes y servicios varios (202008),indec_12_variacion_mensual,3.3,%,indec,2026-08-05T21:48:05.576542+00:00
AR,2020-08-01,Bienes y servicios varios (202008),indec_12_variacion_interanual,42.5,%,indec,2026-08-05T21:48:05.576542+00:00
AR,2020-08-01,nan (202008),indec_Estacional_indice,329.1168,indice,indec,2026-08-05T21:48:05.576542+00:00
AR,2020-08-01,nan (202008),indec_Estacional_variacion_mensual,4.0,%,indec,2026-08-05T21:48:05.576542+00:00
AR,2020-08-01,nan (202008),indec_Estacional_variacion_interanual,64.6,%,indec,2026-08-05T21:48:05.576542+00:00
AR,2020-08-01,nan (202008),indec_Núcleo_indice,338.6645,indice,indec,2026-08-05T21:48:05.576542+00:00
AR,2020-08-01,nan (202008),indec_Núcleo_variacion_mensual,3.0,%,indec,2026-08-05T21:48:05.576542+00:00
AR,2020-08-01,nan (202008),indec_Núcleo_variacion_interanual,43.9,%,indec,2026-08-05T21:48:05.576542+00:00
AR,2020-08-01,nan (202008),indec_Regulados_indice,336.9087,indice,indec,2026-08-05T21:48:05.576542+00:00
AR,2020-08-01,nan (202008),indec_Regulados_variacion_mensual,1.0,%,indec,2026-08-05T21:48:05.576542+00:00
AR,2020-08-01,nan (202008),indec_Regulados_variacion_interanual,22.3,%,indec,2026-08-05T21:48:05.576542+00:00
AR,2020-08-01,nan (202008),indec_B_indice,351.5877,indice,indec,2026-08-05T21:48:05.576542+00:00
AR,2020-08-01,nan (202008),indec_B_variacion_mensual,3.3,%,indec,2026-08-05T21:48:05.576542+00:00
AR,2020-08-01,nan (202008),indec_B_variacion_interanual,48.0,%,indec,2026-08-05T21:48:05.576542+00:00
AR,2020-08-01,nan (202008),indec_S_indice,310.4773,indice,indec,2026-08-05T21:48:05.576542+00:00
AR,2020-08-01,nan (202008),indec_S_variacion_mensual,1.5,%,indec,2026-08-05T21:48:05.576542+00:00
AR,2020-08-01,nan (202008),indec_S_variacion_interanual,26.9,%,indec,2026-08-05T21:48:05.576542+00:00
AR,2020-09-01,NIVEL GENERAL (202009),indec_0_indice,346.6207,indice,indec,2026-08-05T21:48:05.576542+00:00
AR,2020-09-01,NIVEL GENERAL (202009),indec_0_variacion_mensual,2.8,%,indec,2026-08-05T21:48:05.576542+00:00
AR,2020-09-01,NIVEL GENERAL (202009),indec_0_variacion_interanual,36.6,%,indec,2026-08-05T21:48:05.576542+00:00
AR,2020-09-01,Alimentos y bebidas no alcohólicas (202009),indec_01_indice,360.8692,indice,indec,2026-08-05T21:48:05.576542+00:00
AR,2020-09-01,Alimentos y bebidas no alcohólicas (202009),indec_01_variacion_mensual,3.0,%,indec,2026-08-05T21:48:05.576542+00:00
AR,2020-09-01,Alimentos y bebidas no alcohólicas (202009),indec_01_variacion_interanual,40.8,%,indec,2026-08-05T21:48:05.576542+00:00
AR,2020-09-01,Bebidas alcohólicas y tabaco (202009),indec_02_indice,292.3052,indice,indec,2026-08-05T21:48:05.576542+00:00
AR,2020-09-01,Bebidas alcohólicas y tabaco (202009),indec_02_variacion_mensual,4.3,%,indec,2026-08-05T21:48:05.576542+00:00
AR,2020-09-01,Bebidas alcohólicas y tabaco (202009),indec_02_variacion_interanual,41.7,%,indec,2026-08-05T21:48:05.576542+00:00
AR,2020-09-01,Prendas de vestir y calzado (202009),indec_03_indice,330.5055,indice,indec,2026-08-05T21:48:05.576542+00:00
AR,2020-09-01,Prendas de vestir y calzado (202009),indec_03_variacion_mensual,5.8,%,indec,2026-08-05T21:48:05.576542+00:00
AR,2020-09-01,Prendas de vestir y calzado (202009),indec_03_variacion_interanual,57.0,%,indec,2026-08-05T21:48:05.576542+00:00
AR,2020-09-01,"Vivienda, agua, electricidad, gas y otros combustibles (202009)",indec_04_indice,343.9618,indice,indec,2026-08-05T21:48:05.576542+00:00
AR,2020-09-01,"Vivienda, agua, electricidad, gas y otros combustibles (202009)",indec_04_variacion_mensual,1.5,%,indec,2026-08-05T21:48:05.576542+00:00
AR,2020-09-01,"Vivienda, agua, electricidad, gas y otros combustibles (202009)",indec_04_variacion_interanual,15.0,%,indec,2026-08-05T21:48:05.576542+00:00
AR,2020-09-01,Equipamiento y mantenimiento del hogar (202009),indec_05_indice,357.1864,indice,indec,2026-08-05T21:48:05.576542+00:00
AR,2020-09-01,Equipamiento y mantenimiento del hogar (202009),indec_05_variacion_mensual,2.6,%,indec,2026-08-05T21:48:05.576542+00:00
AR,2020-09-01,Equipamiento y mantenimiento del hogar (202009),indec_05_variacion_interanual,41.9,%,indec,2026-08-05T21:48:05.576542+00:00
AR,2020-09-01,Salud (202009),indec_06_indice,377.8509,indice,indec,2026-08-05T21:48:05.576542+00:00
AR,2020-09-01,Salud (202009),indec_06_variacion_mensual,3.5,%,indec,2026-08-05T21:48:05.576542+00:00
AR,2020-09-01,Salud (202009),indec_06_variacion_interanual,34.4,%,indec,2026-08-05T21:48:05.576542+00:00
AR,2020-09-01,Transporte (202009),indec_07_indice,357.1236,indice,indec,2026-08-05T21:48:05.576542+00:00
AR,2020-09-01,Transporte (202009),indec_07_variacion_mensual,3.6,%,indec,2026-08-05T21:48:05.576542+00:00
AR,2020-09-01,Transporte (202009),indec_07_variacion_interanual,34.7,%,indec,2026-08-05T21:48:05.576542+00:00
AR,2020-09-01,Comunicación (202009),indec_08_indice,370.0946,indice,indec,2026-08-05T21:48:05.576542+00:00
AR,2020-09-01,Comunicación (202009),indec_08_variacion_mensual,0.1,%,indec,2026-08-05T21:48:05.576542+00:00
AR,2020-09-01,Comunicación (202009),indec_08_variacion_interanual,28.2,%,indec,2026-08-05T21:48:05.576542+00:00
AR,2020-09-01,Recreación y cultura (202009),indec_09_indice,341.3154,indice,indec,2026-08-05T21:48:05.576542+00:00
AR,2020-09-01,Recreación y cultura (202009),indec_09_variacion_mensual,1.9,%,indec,2026-08-05T21:48:05.576542+00:00
AR,2020-09-01,Recreación y cultura (202009),indec_09_variacion_interanual,40.9,%,indec,2026-08-05T21:48:05.576542+00:00
AR,2020-09-01,Educación (202009),indec_10_indice,304.9813,indice,indec,2026-08-05T21:48:05.576542+00:00
AR,2020-09-01,Educación (202009),indec_10_variacion_mensual,0.3,%,indec,2026-08-05T21:48:05.576542+00:00
AR,2020-09-01,Educación (202009),indec_10_variacion_interanual,29.1,%,indec,2026-08-05T21:48:05.576542+00:00
AR,2020-09-01,Restaurantes y hoteles (202009),indec_11_indice,311.5692,indice,indec,2026-08-05T21:48:05.576542+00:00
AR,2020-09-01,Restaurantes y hoteles (202009),indec_11_variacion_mensual,1.7,%,indec,2026-08-05T21:48:05.576542+00:00
AR,2020-09-01,Restaurantes y hoteles (202009),indec_11_variacion_interanual,33.6,%,indec,2026-08-05T21:48:05.576542+00:00
AR,2020-09-01,Bienes y servicios varios (202009),indec_12_indice,340.0843,indice,indec,2026-08-05T21:48:05.576542+00:00
AR,2020-09-01,Bienes y servicios varios (202009),indec_12_variacion_mensual,1.8,%,indec,2026-08-05T21:48:05.576542+00:00
AR,2020-09-01,Bienes y servicios varios (202009),indec_12_variacion_interanual,34.1,%,indec,2026-08-05T21:48:05.576542+00:00
AR,2020-09-01,nan (202009),indec_Estacional_indice,355.0322,indice,indec,2026-08-05T21:48:05.576542+00:00
AR,2020-09-01,nan (202009),indec_Estacional_variacion_mensual,7.9,%,indec,2026-08-05T21:48:05.576542+00:00
AR,2020-09-01,nan (202009),indec_Estacional_variacion_interanual,63.6,%,indec,2026-08-05T21:48:05.576542+00:00
AR,2020-09-01,nan (202009),indec_Núcleo_indice,346.511,indice,indec,2026-08-05T21:48:05.576542+00:00
AR,2020-09-01,nan (202009),indec_Núcleo_variacion_mensual,2.3,%,indec,2026-08-05T21:48:05.576542+00:00
AR,2020-09-01,nan (202009),indec_Núcleo_variacion_interanual,38.3,%,indec,2026-08-05T21:48:05.576542+00:00
AR,2020-09-01,nan (202009),indec_Regulados_indice,343.4046,indice,indec,2026-08-05T21:48:05.576542+00:00
AR,2020-09-01,nan (202009),indec_Regulados_variacion_mensual,1.9,%,indec,2026-08-05T21:48:05.576542+00:00
AR,2020-09-01,nan (202009),indec_Regulados_variacion_interanual,20.6,%,indec,2026-08-05T21:48:05.576542+00:00
AR,2020-09-01,nan (202009),indec_B_indice,364.3829,indice,indec,2026-08-05T21:48:05.576542+00:00
AR,2020-09-01,nan (202009),indec_B_variacion_mensual,3.6,%,indec,2026-08-05T21:48:05.576542+00:00
AR,2020-09-01,nan (202009),indec_B_variacion_interanual,43.2,%,indec,2026-08-05T21:48:05.576542+00:00
AR,2020-09-01,nan (202009),indec_S_indice,314.0154,indice,indec,2026-08-05T21:48:05.576542+00:00
AR,2020-09-01,nan (202009),indec_S_variacion_mensual,1.1,%,indec,2026-08-05T21:48:05.576542+00:00
AR,2020-09-01,nan (202009),indec_S_variacion_interanual,23.8,%,indec,2026-08-05T21:48:05.576542+00:00
AR,2020-10-01,NIVEL GENERAL (202010),indec_0_indice,359.657,indice,indec,2026-08-05T21:48:05.576542+00:00
AR,2020-10-01,NIVEL GENERAL (202010),indec_0_variacion_mensual,3.8,%,indec,2026-08-05T21:48:05.576542+00:00
AR,2020-10-01,NIVEL GENERAL (202010),indec_0_variacion_interanual,37.2,%,indec,2026-08-05T21:48:05.576542+00:00
AR,2020-10-01,Alimentos y bebidas no alcohólicas (202010),indec_01_indice,378.0896,indice,indec,2026-08-05T21:48:05.576542+00:00
AR,2020-10-01,Alimentos y bebidas no alcohólicas (202010),indec_01_variacion_mensual,4.8,%,indec,2026-08-05T21:48:05.576542+00:00
AR,2020-10-01,Alimentos y bebidas no alcohólicas (202010),indec_01_variacion_interanual,43.9,%,indec,2026-08-05T21:48:05.576542+00:00
AR,2020-10-01,Bebidas alcohólicas y tabaco (202010),indec_02_indice,297.8662,indice,indec,2026-08-05T21:48:05.576542+00:00
AR,2020-10-01,Bebidas alcohólicas y tabaco (202010),indec_02_variacion_mensual,1.9,%,indec,2026-08-05T21:48:05.576542+00:00
AR,2020-10-01,Bebidas alcohólicas y tabaco (202010),indec_02_variacion_interanual,36.0,%,indec,2026-08-05T21:48:05.576542+00:00
AR,2020-10-01,Prendas de vestir y calzado (202010),indec_03_indice,351.1551,indice,indec,2026-08-05T21:48:05.576542+00:00
AR,2020-10-01,Prendas de vestir y calzado (202010),indec_03_variacion_mensual,6.2,%,indec,2026-08-05T21:48:05.576542+00:00
AR,2020-10-01,Prendas de vestir y calzado (202010),indec_03_variacion_interanual,59.3,%,indec,2026-08-05T21:48:05.576542+00:00
AR,2020-10-01,"Vivienda, agua, electricidad, gas y otros combustibles (202010)",indec_04_indice,351.9646,indice,indec,2026-08-05T21:48:05.576542+00:00
AR,2020-10-01,"Vivienda, agua, electricidad, gas y otros combustibles (202010)",indec_04_variacion_mensual,2.3,%,indec,2026-08-05T21:48:05.576542+00:00
AR,2020-10-01,"Vivienda, agua, electricidad, gas y otros combustibles (202010)",indec_04_variacion_interanual,15.5,%,indec,2026-08-05T21:48:05.576542+00:00
AR,2020-10-01,Equipamiento y mantenimiento del hogar (202010),indec_05_indice,373.2176,indice,indec,2026-08-05T21:48:05.576542+00:00
AR,2020-10-01,Equipamiento y mantenimiento del hogar (202010),indec_05_variacion_mensual,4.5,%,indec,2026-08-05T21:48:05.576542+00:00
AR,2020-10-01,Equipamiento y mantenimiento del hogar (202010),indec_05_variacion_interanual,37.1,%,indec,2026-08-05T21:48:05.576542+00:00
AR,2020-10-01,Salud (202010),indec_06_indice,389.5109,indice,indec,2026-08-05T21:48:05.576542+00:00
AR,2020-10-01,Salud (202010),indec_06_variacion_mensual,3.1,%,indec,2026-08-05T21:48:05.576542+00:00
AR,2020-10-01,Salud (202010),indec_06_variacion_interanual,32.4,%,indec,2026-08-05T21:48:05.576542+00:00
AR,2020-10-01,Transporte (202010),indec_07_indice,371.9913,indice,indec,2026-08-05T21:48:05.576542+00:00
AR,2020-10-01,Transporte (202010),indec_07_variacion_mensual,4.2,%,indec,2026-08-05T21:48:05.576542+00:00
AR,2020-10-01,Transporte (202010),indec_07_variacion_interanual,35.6,%,indec,2026-08-05T21:48:05.576542+00:00
AR,2020-10-01,Comunicación (202010),indec_08_indice,369.6031,indice,indec,2026-08-05T21:48:05.576542+00:00
AR,2020-10-01,Comunicación (202010),indec_08_variacion_mensual,-0.1,%,indec,2026-08-05T21:48:05.576542+00:00
AR,2020-10-01,Comunicación (202010),indec_08_variacion_interanual,27.4,%,indec,2026-08-05T21:48:05.576542+00:00
AR,2020-10-01,Recreación y cultura (202010),indec_09_indice,350.1056,indice,indec,2026-08-05T21:48:05.576542+00:00
AR,2020-10-01,Recreación y cultura (202010),indec_09_variacion_mensual,2.6,%,indec,2026-08-05T21:48:05.576542+00:00
AR,2020-10-01,Recreación y cultura (202010),indec_09_variacion_interanual,41.7,%,indec,2026-08-05T21:48:05.576542+00:00
AR,2020-10-01,Educación (202010),indec_10_indice,305.3871,indice,indec,2026-08-05T21:48:05.576542+00:00
AR,2020-10-01,Educación (202010),indec_10_variacion_mensual,0.1,%,indec,2026-08-05T21:48:05.576542+00:00
AR,2020-10-01,Educación (202010),indec_10_variacion_interanual,27.2,%,indec,2026-08-05T21:48:05.576542+00:00
AR,2020-10-01,Restaurantes y hoteles (202010),indec_11_indice,322.1058,indice,indec,2026-08-05T21:48:05.576542+00:00
AR,2020-10-01,Restaurantes y hoteles (202010),indec_11_variacion_mensual,3.4,%,indec,2026-08-05T21:48:05.576542+00:00
AR,2020-10-01,Restaurantes y hoteles (202010),indec_11_variacion_interanual,34.7,%,indec,2026-08-05T21:48:05.576542+00:00
AR,2020-10-01,Bienes y servicios varios (202010),indec_12_indice,347.2283,indice,indec,2026-08-05T21:48:05.576542+00:00
AR,2020-10-01,Bienes y servicios varios (202010),indec_12_variacion_mensual,2.1,%,indec,2026-08-05T21:48:05.576542+00:00
AR,2020-10-01,Bienes y servicios varios (202010),indec_12_variacion_interanual,31.8,%,indec,2026-08-05T21:48:05.576542+00:00
AR,2020-10-01,nan (202010),indec_Estacional_indice,388.9845,indice,indec,2026-08-05T21:48:05.576542+00:00
AR,2020-10-01,nan (202010),indec_Estacional_variacion_mensual,9.6,%,indec,2026-08-05T21:48:05.576542+00:00
AR,2020-10-01,nan (202010),indec_Estacional_variacion_interanual,74.3,%,indec,2026-08-05T21:48:05.576542+00:00
AR,2020-10-01,nan (202010),indec_Núcleo_indice,358.4989,indice,indec,2026-08-05T21:48:05.576542+00:00
AR,2020-10-01,nan (202010),indec_Núcleo_variacion_mensual,3.5,%,indec,2026-08-05T21:48:05.576542+00:00
AR,2020-10-01,nan (202010),indec_Núcleo_variacion_interanual,37.9,%,indec,2026-08-05T21:48:05.576542+00:00
AR,2020-10-01,nan (202010),indec_Regulados_indice,348.5355,indice,indec,2026-08-05T21:48:05.576542+00:00
AR,2020-10-01,nan (202010),indec_Regulados_variacion_mensual,1.5,%,indec,2026-08-05T21:48:05.576542+00:00
AR,2020-10-01,nan (202010),indec_Regulados_variacion_interanual,20.0,%,indec,2026-08-05T21:48:05.576542+00:00
AR,2020-10-01,nan (202010),indec_B_indice,381.1304,indice,indec,2026-08-05T21:48:05.576542+00:00
AR,2020-10-01,nan (202010),indec_B_variacion_mensual,4.6,%,indec,2026-08-05T21:48:05.576542+00:00
AR,2020-10-01,nan (202010),indec_B_variacion_interanual,44.7,%,indec,2026-08-05T21:48:05.576542+00:00
AR,2020-10-01,nan (202010),indec_S_indice,319.9093,indice,indec,2026-08-05T21:48:05.576542+00:00
AR,2020-10-01,nan (202010),indec_S_variacion_mensual,1.9,%,indec,2026-08-05T21:48:05.576542+00:00
AR,2020-10-01,nan (202010),indec_S_variacion_interanual,22.6,%,indec,2026-08-05T21:48:05.576542+00:00
AR,2020-11-01,NIVEL GENERAL (202011),indec_0_indice,371.0211,indice,indec,2026-08-05T21:48:05.576542+00:00
AR,2020-11-01,NIVEL GENERAL (202011),indec_0_variacion_mensual,3.2,%,indec,2026-08-05T21:48:05.576542+00:00
AR,2020-11-01,NIVEL GENERAL (202011),indec_0_variacion_interanual,35.8,%,indec,2026-08-05T21:48:05.576542+00:00
AR,2020-11-01,Alimentos y bebidas no alcohólicas (202011),indec_01_indice,388.3864,indice,indec,2026-08-05T21:48:05.576542+00:00
AR,2020-11-01,Alimentos y bebidas no alcohólicas (202011),indec_01_variacion_mensual,2.7,%,indec,2026-08-05T21:48:05.576542+00:00
AR,2020-11-01,Alimentos y bebidas no alcohólicas (202011),indec_01_variacion_interanual,40.4,%,indec,2026-08-05T21:48:05.576542+00:00
AR,2020-11-01,Bebidas alcohólicas y tabaco (202011),indec_02_indice,306.7433,indice,indec,2026-08-05T21:48:05.576542+00:00
AR,2020-11-01,Bebidas alcohólicas y tabaco (202011),indec_02_variacion_mensual,3.0,%,indec,2026-08-05T21:48:05.576542+00:00
AR,2020-11-01,Bebidas alcohólicas y tabaco (202011),indec_02_variacion_interanual,32.7,%,indec,2026-08-05T21:48:05.576542+00:00
AR,2020-11-01,Prendas de vestir y calzado (202011),indec_03_indice,364.0892,indice,indec,2026-08-05T21:48:05.576542+00:00
AR,2020-11-01,Prendas de vestir y calzado (202011),indec_03_variacion_mensual,3.7,%,indec,2026-08-05T21:48:05.576542+00:00
AR,2020-11-01,Prendas de vestir y calzado (202011),indec_03_variacion_interanual,58.1,%,indec,2026-08-05T21:48:05.576542+00:00
AR,2020-11-01,"Vivienda, agua, electricidad, gas y otros combustibles (202011)",indec_04_indice,360.8388,indice,indec,2026-08-05T21:48:05.576542+00:00
AR,2020-11-01,"Vivienda, agua, electricidad, gas y otros combustibles (202011)",indec_04_variacion_mensual,2.5,%,indec,2026-08-05T21:48:05.576542+00:00
AR,2020-11-01,"Vivienda, agua, electricidad, gas y otros combustibles (202011)",indec_04_variacion_interanual,16.6,%,indec,2026-08-05T21:48:05.576542+00:00
AR,2020-11-01,Equipamiento y mantenimiento del hogar (202011),indec_05_indice,387.9375,indice,indec,2026-08-05T21:48:05.576542+00:00
AR,2020-11-01,Equipamiento y mantenimiento del hogar (202011),indec_05_variacion_mensual,3.9,%,indec,2026-08-05T21:48:05.576542+00:00
AR,2020-11-01,Equipamiento y mantenimiento del hogar (202011),indec_05_variacion_interanual,41.7,%,indec,2026-08-05T21:48:05.576542+00:00
AR,2020-11-01,Salud (202011),indec_06_indice,403.8029,indice,indec,2026-08-05T21:48:05.576542+00:00
AR,2020-11-01,Salud (202011),indec_06_variacion_mensual,3.7,%,indec,2026-08-05T21:48:05.576542+00:00
AR,2020-11-01,Salud (202011),indec_06_variacion_interanual,29.1,%,indec,2026-08-05T21:48:05.576542+00:00
AR,2020-11-01,Transporte (202011),indec_07_indice,385.4469,indice,indec,2026-08-05T21:48:05.576542+00:00
AR,2020-11-01,Transporte (202011),indec_07_variacion_mensual,3.6,%,indec,2026-08-05T21:48:05.576542+00:00
AR,2020-11-01,Transporte (202011),indec_07_variacion_interanual,34.3,%,indec,2026-08-05T21:48:05.576542+00:00
AR,2020-11-01,Comunicación (202011),indec_08_indice,367.4745,indice,indec,2026-08-05T21:48:05.576542+00:00
AR,2020-11-01,Comunicación (202011),indec_08_variacion_mensual,-0.6,%,indec,2026-08-05T21:48:05.576542+00:00
AR,2020-11-01,Comunicación (202011),indec_08_variacion_interanual,17.9,%,indec,2026-08-05T21:48:05.576542+00:00
AR,2020-11-01,Recreación y cultura (202011),indec_09_indice,367.9236,indice,indec,2026-08-05T21:48:05.576542+00:00
AR,2020-11-01,Recreación y cultura (202011),indec_09_variacion_mensual,5.1,%,indec,2026-08-05T21:48:05.576542+00:00
AR,2020-11-01,Recreación y cultura (202011),indec_09_variacion_interanual,44.1,%,indec,2026-08-05T21:48:05.576542+00:00
AR,2020-11-01,Educación (202011),indec_10_indice,306.746,indice,indec,2026-08-05T21:48:05.576542+00:00
AR,2020-11-01,Educación (202011),indec_10_variacion_mensual,0.4,%,indec,2026-08-05T21:48:05.576542+00:00
AR,2020-11-01,Educación (202011),indec_10_variacion_interanual,22.4,%,indec,2026-08-05T21:48:05.576542+00:00
AR,2020-11-01,Restaurantes y hoteles (202011),indec_11_indice,332.4733,indice,indec,2026-08-05T21:48:05.576542+00:00
AR,2020-11-01,Restaurantes y hoteles (202011),indec_11_variacion_mensual,3.2,%,indec,2026-08-05T21:48:05.576542+00:00
AR,2020-11-01,Restaurantes y hoteles (202011),indec_11_variacion_interanual,34.6,%,indec,2026-08-05T21:48:05.576542+00:00
AR,2020-11-01,Bienes y servicios varios (202011),indec_12_indice,356.3987,indice,indec,2026-08-05T21:48:05.576542+00:00
AR,2020-11-01,Bienes y servicios varios (202011),indec_12_variacion_mensual,2.6,%,indec,2026-08-05T21:48:05.576542+00:00
AR,2020-11-01,Bienes y servicios varios (202011),indec_12_variacion_interanual,29.0,%,indec,2026-08-05T21:48:05.576542+00:00
AR,2020-11-01,nan (202011),indec_Estacional_indice,396.9082,indice,indec,2026-08-05T21:48:05.576542+00:00
AR,2020-11-01,nan (202011),indec_Estacional_variacion_mensual,2.0,%,indec,2026-08-05T21:48:05.576542+00:00
AR,2020-11-01,nan (202011),indec_Estacional_variacion_interanual,65.7,%,indec,2026-08-05T21:48:05.576542+00:00
AR,2020-11-01,nan (202011),indec_Núcleo_indice,372.6154,indice,indec,2026-08-05T21:48:05.576542+00:00
AR,2020-11-01,nan (202011),indec_Núcleo_variacion_mensual,3.9,%,indec,2026-08-05T21:48:05.576542+00:00
AR,2020-11-01,nan (202011),indec_Núcleo_variacion_interanual,37.8,%,indec,2026-08-05T21:48:05.576542+00:00
AR,2020-11-01,nan (202011),indec_Regulados_indice,352.7236,indice,indec,2026-08-05T21:48:05.576542+00:00
AR,2020-11-01,nan (202011),indec_Regulados_variacion_mensual,1.2,%,indec,2026-08-05T21:48:05.576542+00:00
AR,2020-11-01,nan (202011),indec_Regulados_variacion_interanual,16.9,%,indec,2026-08-05T21:48:05.576542+00:00
AR,2020-11-01,nan (202011),indec_B_indice,393.9743,indice,indec,2026-08-05T21:48:05.576542+00:00
AR,2020-11-01,nan (202011),indec_B_variacion_mensual,3.4,%,indec,2026-08-05T21:48:05.576542+00:00
AR,2020-11-01,nan (202011),indec_B_variacion_interanual,42.2,%,indec,2026-08-05T21:48:05.576542+00:00
AR,2020-11-01,nan (202011),indec_S_indice,328.1032,indice,indec,2026-08-05T21:48:05.576542+00:00
AR,2020-11-01,nan (202011),indec_S_variacion_mensual,2.6,%,indec,2026-08-05T21:48:05.576542+00:00
AR,2020-11-01,nan (202011),indec_S_variacion_interanual,22.8,%,indec,2026-08-05T21:48:05.576542+00:00
AR,2020-12-01,NIVEL GENERAL (202012),indec_0_indice,385.8826,indice,indec,2026-08-05T21:48:05.576542+00:00
AR,2020-12-01,NIVEL GENERAL (202012),indec_0_variacion_mensual,4.0,%,indec,2026-08-05T21:48:05.576542+00:00
AR,2020-12-01,NIVEL GENERAL (202012),indec_0_variacion_interanual,36.1,%,indec,2026-08-05T21:48:05.576542+00:00
AR,2020-12-01,Alimentos y bebidas no alcohólicas (202012),indec_01_indice,405.2871,indice,indec,2026-08-05T21:48:05.576542+00:00
AR,2020-12-01,Alimentos y bebidas no alcohólicas (202012),indec_01_variacion_mensual,4.4,%,indec,2026-08-05T21:48:05.576542+00:00
AR,2020-12-01,Alimentos y bebidas no alcohólicas (202012),indec_01_variacion_interanual,42.1,%,indec,2026-08-05T21:48:05.576542+00:00
AR,2020-12-01,Bebidas alcohólicas y tabaco (202012),indec_02_indice,317.1521,indice,indec,2026-08-05T21:48:05.576542+00:00
AR,2020-12-01,Bebidas alcohólicas y tabaco (202012),indec_02_variacion_mensual,3.4,%,indec,2026-08-05T21:48:05.576542+00:00
AR,2020-12-01,Bebidas alcohólicas y tabaco (202012),indec_02_variacion_interanual,33.1,%,indec,2026-08-05T21:48:05.576542+00:00
AR,2020-12-01,Prendas de vestir y calzado (202012),indec_03_indice,377.2469,indice,indec,2026-08-05T21:48:05.576542+00:00
AR,2020-12-01,Prendas de vestir y calzado (202012),indec_03_variacion_mensual,3.6,%,indec,2026-08-05T21:48:05.576542+00:00
AR,2020-12-01,Prendas de vestir y calzado (202012),indec_03_variacion_interanual,60.0,%,indec,2026-08-05T21:48:05.576542+00:00
AR,2020-12-01,"Vivienda, agua, electricidad, gas y otros combustibles (202012)",indec_04_indice,371.5185,indice,indec,2026-08-05T21:48:05.576542+00:00
AR,2020-12-01,"Vivienda, agua, electricidad, gas y otros combustibles (202012)",indec_04_variacion_mensual,3.0,%,indec,2026-08-05T21:48:05.576542+00:00
AR,2020-12-01,"Vivienda, agua, electricidad, gas y otros combustibles (202012)",indec_04_variacion_interanual,17.6,%,indec,2026-08-05T21:48:05.576542+00:00
AR,2020-12-01,Equipamiento y mantenimiento del hogar (202012),indec_05_indice,397.2227,indice,indec,2026-08-05T21:48:05.576542+00:00
AR,2020-12-01,Equipamiento y mantenimiento del hogar (202012),indec_05_variacion_mensual,2.4,%,indec,2026-08-05T21:48:05.576542+00:00
AR,2020-12-01,Equipamiento y mantenimiento del hogar (202012),indec_05_variacion_interanual,37.7,%,indec,2026-08-05T21:48:05.576542+00:00
AR,2020-12-01,Salud (202012),indec_06_indice,424.9668,indice,indec,2026-08-05T21:48:05.576542+00:00
AR,2020-12-01,Salud (202012),indec_06_variacion_mensual,5.2,%,indec,2026-08-05T21:48:05.576542+00:00
AR,2020-12-01,Salud (202012),indec_06_variacion_interanual,28.7,%,indec,2026-08-05T21:48:05.576542+00:00
AR,2020-12-01,Transporte (202012),indec_07_indice,404.314,indice,indec,2026-08-05T21:48:05.576542+00:00
AR,2020-12-01,Transporte (202012),indec_07_variacion_mensual,4.9,%,indec,2026-08-05T21:48:05.576542+00:00
AR,2020-12-01,Transporte (202012),indec_07_variacion_interanual,34.2,%,indec,2026-08-05T21:48:05.576542+00:00
AR,2020-12-01,Comunicación (202012),indec_08_indice,367.3696,indice,indec,2026-08-05T21:48:05.576542+00:00
AR,2020-12-01,Comunicación (202012),indec_08_variacion_mensual,0.0,%,indec,2026-08-05T21:48:05.576542+00:00
AR,2020-12-01,Comunicación (202012),indec_08_variacion_interanual,7.6,%,indec,2026-08-05T21:48:05.576542+00:00
AR,2020-12-01,Recreación y cultura (202012),indec_09_indice,387.0686,indice,indec,2026-08-05T21:48:05.576542+00:00
AR,2020-12-01,Recreación y cultura (202012),indec_09_variacion_mensual,5.2,%,indec,2026-08-05T21:48:05.576542+00:00
AR,2020-12-01,Recreación y cultura (202012),indec_09_variacion_interanual,48.0,%,indec,2026-08-05T21:48:05.576542+00:00
AR,2020-12-01,Educación (202012),indec_10_indice,306.8977,indice,indec,2026-08-05T21:48:05.576542+00:00
AR,2020-12-01,Educación (202012),indec_10_variacion_mensual,0.0,%,indec,2026-08-05T21:48:05.576542+00:00
AR,2020-12-01,Educación (202012),indec_10_variacion_interanual,20.1,%,indec,2026-08-05T21:48:05.576542+00:00
AR,2020-12-01,Restaurantes y hoteles (202012),indec_11_indice,347.7424,indice,indec,2026-08-05T21:48:05.576542+00:00
AR,2020-12-01,Restaurantes y hoteles (202012),indec_11_variacion_mensual,4.6,%,indec,2026-08-05T21:48:05.576542+00:00
AR,2020-12-01,Restaurantes y hoteles (202012),indec_11_variacion_interanual,36.3,%,indec,2026-08-05T21:48:05.576542+00:00
AR,2020-12-01,Bienes y servicios varios (202012),indec_12_indice,362.5783,indice,indec,2026-08-05T21:48:05.576542+00:00
AR,2020-12-01,Bienes y servicios varios (202012),indec_12_variacion_mensual,1.7,%,indec,2026-08-05T21:48:05.576542+00:00
AR,2020-12-01,Bienes y servicios varios (202012),indec_12_variacion_interanual,26.7,%,indec,2026-08-05T21:48:05.576542+00:00
AR,2020-12-01,nan (202012),indec_Estacional_indice,402.2137,indice,indec,2026-08-05T21:48:05.576542+00:00
AR,2020-12-01,nan (202012),indec_Estacional_variacion_mensual,1.3,%,indec,2026-08-05T21:48:05.576542+00:00
AR,2020-12-01,nan (202012),indec_Estacional_variacion_interanual,64.4,%,indec,2026-08-05T21:48:05.576542+00:00
AR,2020-12-01,nan (202012),indec_Núcleo_indice,390.7655,indice,indec,2026-08-05T21:48:05.576542+00:00
AR,2020-12-01,nan (202012),indec_Núcleo_variacion_mensual,4.9,%,indec,2026-08-05T21:48:05.576542+00:00
AR,2020-12-01,nan (202012),indec_Núcleo_variacion_interanual,39.4,%,indec,2026-08-05T21:48:05.576542+00:00
AR,2020-12-01,nan (202012),indec_Regulados_indice,362.0665,indice,indec,2026-08-05T21:48:05.576542+00:00
AR,2020-12-01,nan (202012),indec_Regulados_variacion_mensual,2.6,%,indec,2026-08-05T21:48:05.576542+00:00
AR,2020-12-01,nan (202012),indec_Regulados_variacion_interanual,14.8,%,indec,2026-08-05T21:48:05.576542+00:00
AR,2020-12-01,nan (202012),indec_B_indice,409.2986,indice,indec,2026-08-05T21:48:05.576542+00:00
AR,2020-12-01,nan (202012),indec_B_variacion_mensual,3.9,%,indec,2026-08-05T21:48:05.576542+00:00
AR,2020-12-01,nan (202012),indec_B_variacion_interanual,43.0,%,indec,2026-08-05T21:48:05.576542+00:00
AR,2020-12-01,nan (202012),indec_S_indice,341.2656,indice,indec,2026-08-05T21:48:05.576542+00:00
AR,2020-12-01,nan (202012),indec_S_variacion_mensual,4.0,%,indec,2026-08-05T21:48:05.576542+00:00
AR,2020-12-01,nan (202012),indec_S_variacion_interanual,22.2,%,indec,2026-08-05T21:48:05.576542+00:00
AR,2021-01-01,NIVEL GENERAL (202101),indec_0_indice,401.5071,indice,indec,2026-08-05T21:48:05.576542+00:00
AR,2021-01-01,NIVEL GENERAL (202101),indec_0_variacion_mensual,4.0,%,indec,2026-08-05T21:48:05.576542+00:00
AR,2021-01-01,NIVEL GENERAL (202101),indec_0_variacion_interanual,38.5,%,indec,2026-08-05T21:48:05.576542+00:00
AR,2021-01-01,Alimentos y bebidas no alcohólicas (202101),indec_01_indice,424.8374,indice,indec,2026-08-05T21:48:05.576542+00:00
AR,2021-01-01,Alimentos y bebidas no alcohólicas (202101),indec_01_variacion_mensual,4.8,%,indec,2026-08-05T21:48:05.576542+00:00
AR,2021-01-01,Alimentos y bebidas no alcohólicas (202101),indec_01_variacion_interanual,42.3,%,indec,2026-08-05T21:48:05.576542+00:00
AR,2021-01-01,Bebidas alcohólicas y tabaco (202101),indec_02_indice,331.4265,indice,indec,2026-08-05T21:48:05.576542+00:00
AR,2021-01-01,Bebidas alcohólicas y tabaco (202101),indec_02_variacion_mensual,4.5,%,indec,2026-08-05T21:48:05.576542+00:00
AR,2021-01-01,Bebidas alcohólicas y tabaco (202101),indec_02_variacion_interanual,33.2,%,indec,2026-08-05T21:48:05.576542+00:00
AR,2021-01-01,Prendas de vestir y calzado (202101),indec_03_indice,382.4282,indice,indec,2026-08-05T21:48:05.576542+00:00
AR,2021-01-01,Prendas de vestir y calzado (202101),indec_03_variacion_mensual,1.4,%,indec,2026-08-05T21:48:05.576542+00:00
AR,2021-01-01,Prendas de vestir y calzado (202101),indec_03_variacion_interanual,60.5,%,indec,2026-08-05T21:48:05.576542+00:00
AR,2021-01-01,"Vivienda, agua, electricidad, gas y otros combustibles (202101)",indec_04_indice,375.7501,indice,indec,2026-08-05T21:48:05.576542+00:00
AR,2021-01-01,"Vivienda, agua, electricidad, gas y otros combustibles (202101)",indec_04_variacion_mensual,1.1,%,indec,2026-08-05T21:48:05.576542+00:00
AR,2021-01-01,"Vivienda, agua, electricidad, gas y otros combustibles (202101)",indec_04_variacion_interanual,18.1,%,indec,2026-08-05T21:48:05.576542+00:00
AR,2021-01-01,Equipamiento y mantenimiento del hogar (202101),indec_05_indice,409.0026,indice,indec,2026-08-05T21:48:05.576542+00:00
AR,2021-01-01,Equipamiento y mantenimiento del hogar (202101),indec_05_variacion_mensual,3.0,%,indec,2026-08-05T21:48:05.576542+00:00
AR,2021-01-01,Equipamiento y mantenimiento del hogar (202101),indec_05_variacion_interanual,43.6,%,indec,2026-08-05T21:48:05.576542+00:00
AR,2021-01-01,Salud (202101),indec_06_indice,439.3776,indice,indec,2026-08-05T21:48:05.576542+00:00
AR,2021-01-01,Salud (202101),indec_06_variacion_mensual,3.4,%,indec,2026-08-05T21:48:05.576542+00:00
AR,2021-01-01,Salud (202101),indec_06_variacion_interanual,35.7,%,indec,2026-08-05T21:48:05.576542+00:00
AR,2021-01-01,Transporte (202101),indec_07_indice,422.9057,indice,indec,2026-08-05T21:48:05.576542+00:00
AR,2021-01-01,Transporte (202101),indec_07_variacion_mensual,4.6,%,indec,2026-08-05T21:48:05.576542+00:00
AR,2021-01-01,Transporte (202101),indec_07_variacion_interanual,38.4,%,indec,2026-08-05T21:48:05.576542+00:00
AR,2021-01-01,Comunicación (202101),indec_08_indice,422.9513,indice,indec,2026-08-05T21:48:05.576542+00:00
AR,2021-01-01,Comunicación (202101),indec_08_variacion_mensual,15.1,%,indec,2026-08-05T21:48:05.576542+00:00
AR,2021-01-01,Comunicación (202101),indec_08_variacion_interanual,23.7,%,indec,2026-08-05T21:48:05.576542+00:00
AR,2021-01-01,Recreación y cultura (202101),indec_09_indice,405.7084,indice,indec,2026-08-05T21:48:05.576542+00:00
AR,2021-01-01,Recreación y cultura (202101),indec_09_variacion_mensual,4.8,%,indec,2026-08-05T21:48:05.576542+00:00
AR,2021-01-01,Recreación y cultura (202101),indec_09_variacion_interanual,47.8,%,indec,2026-08-05T21:48:05.576542+00:00
AR,2021-01-01,Educación (202101),indec_10_indice,308.6755,indice,indec,2026-08-05T21:48:05.576542+00:00
AR,2021-01-01,Educación (202101),indec_10_variacion_mensual,0.6,%,indec,2026-08-05T21:48:05.576542+00:00
AR,2021-01-01,Educación (202101),indec_10_variacion_interanual,20.1,%,indec,2026-08-05T21:48:05.576542+00:00
AR,2021-01-01,Restaurantes y hoteles (202101),indec_11_indice,366.4717,indice,indec,2026-08-05T21:48:05.576542+00:00
AR,2021-01-01,Restaurantes y hoteles (202101),indec_11_variacion_mensual,5.4,%,indec,2026-08-05T21:48:05.576542+00:00
AR,2021-01-01,Restaurantes y hoteles (202101),indec_11_variacion_interanual,37.9,%,indec,2026-08-05T21:48:05.576542+00:00
AR,2021-01-01,Bienes y servicios varios (202101),indec_12_indice,369.9824,indice,indec,2026-08-05T21:48:05.576542+00:00
AR,2021-01-01,Bienes y servicios varios (202101),indec_12_variacion_mensual,2.0,%,indec,2026-08-05T21:48:05.576542+00:00
AR,2021-01-01,Bienes y servicios varios (202101),indec_12_variacion_interanual,25.4,%,indec,2026-08-05T21:48:05.576542+00:00
AR,2021-01-01,nan (202101),indec_Estacional_indice,414.3419,indice,indec,2026-08-05T21:48:05.576542+00:00
AR,2021-01-01,nan (202101),indec_Estacional_variacion_mensual,3.0,%,indec,2026-08-05T21:48:05.576542+00:00
AR,2021-01-01,nan (202101),indec_Estacional_variacion_interanual,63.4,%,indec,2026-08-05T21:48:05.576542+00:00
AR,2021-01-01,nan (202101),indec_Núcleo_indice,406.0674,indice,indec,2026-08-05T21:48:05.576542+00:00
AR,2021-01-01,nan (202101),indec_Núcleo_variacion_mensual,3.9,%,indec,2026-08-05T21:48:05.576542+00:00
AR,2021-01-01,nan (202101),indec_Núcleo_variacion_interanual,41.4,%,indec,2026-08-05T21:48:05.576542+00:00
AR,2021-01-01,nan (202101),indec_Regulados_indice,380.6817,indice,indec,2026-08-05T21:48:05.576542+00:00
AR,2021-01-01,nan (202101),indec_Regulados_variacion_mensual,5.1,%,indec,2026-08-05T21:48:05.576542+00:00
AR,2021-01-01,nan (202101),indec_Regulados_variacion_interanual,19.3,%,indec,2026-08-05T21:48:05.576542+00:00
AR,2021-01-01,nan (202101),indec_B_indice,426.448,indice,indec,2026-08-05T21:48:05.576542+00:00
AR,2021-01-01,nan (202101),indec_B_variacion_mensual,4.2,%,indec,2026-08-05T21:48:05.576542+00:00
AR,2021-01-01,nan (202101),indec_B_variacion_interanual,45.2,%,indec,2026-08-05T21:48:05.576542+00:00
AR,2021-01-01,nan (202101),indec_S_indice,354.2333,indice,indec,2026-08-05T21:48:05.576542+00:00
AR,2021-01-01,nan (202101),indec_S_variacion_mensual,3.8,%,indec,2026-08-05T21:48:05.576542+00:00
AR,2021-01-01,nan (202101),indec_S_variacion_interanual,24.9,%,indec,2026-08-05T21:48:05.576542+00:00
AR,2021-02-01,NIVEL GENERAL (202102),indec_0_indice,415.8595,indice,indec,2026-08-05T21:48:05.576542+00:00
AR,2021-02-01,NIVEL GENERAL (202102),indec_0_variacion_mensual,3.6,%,indec,2026-08-05T21:48:05.576542+00:00
AR,2021-02-01,NIVEL GENERAL (202102),indec_0_variacion_interanual,40.7,%,indec,2026-08-05T21:48:05.576542+00:00
AR,2021-02-01,Alimentos y bebidas no alcohólicas (202102),indec_01_indice,441.0722,indice,indec,2026-08-05T21:48:05.576542+00:00
AR,2021-02-01,Alimentos y bebidas no alcohólicas (202102),indec_01_variacion_mensual,3.8,%,indec,2026-08-05T21:48:05.576542+00:00
AR,2021-02-01,Alimentos y bebidas no alcohólicas (202102),indec_01_variacion_interanual,43.9,%,indec,2026-08-05T21:48:05.576542+00:00
AR,2021-02-01,Bebidas alcohólicas y tabaco (202102),indec_02_indice,343.3155,indice,indec,2026-08-05T21:48:05.576542+00:00
AR,2021-02-01,Bebidas alcohólicas y tabaco (202102),indec_02_variacion_mensual,3.6,%,indec,2026-08-05T21:48:05.576542+00:00
AR,2021-02-01,Bebidas alcohólicas y tabaco (202102),indec_02_variacion_interanual,36.3,%,indec,2026-08-05T21:48:05.576542+00:00
AR,2021-02-01,Prendas de vestir y calzado (202102),indec_03_indice,393.1944,indice,indec,2026-08-05T21:48:05.576542+00:00
AR,2021-02-01,Prendas de vestir y calzado (202102),indec_03_variacion_mensual,2.8,%,indec,2026-08-05T21:48:05.576542+00:00
AR,2021-02-01,Prendas de vestir y calzado (202102),indec_03_variacion_interanual,61.2,%,indec,2026-08-05T21:48:05.576542+00:00
AR,2021-02-01,"Vivienda, agua, electricidad, gas y otros combustibles (202102)",indec_04_indice,383.4268,indice,indec,2026-08-05T21:48:05.576542+00:00
AR,2021-02-01,"Vivienda, agua, electricidad, gas y otros combustibles (202102)",indec_04_variacion_mensual,2.0,%,indec,2026-08-05T21:48:05.576542+00:00
AR,2021-02-01,"Vivienda, agua, electricidad, gas y otros combustibles (202102)",indec_04_variacion_interanual,19.8,%,indec,2026-08-05T21:48:05.576542+00:00
AR,2021-02-01,Equipamiento y mantenimiento del hogar (202102),indec_05_indice,427.6367,indice,indec,2026-08-05T21:48:05.576542+00:00
AR,2021-02-01,Equipamiento y mantenimiento del hogar (202102),indec_05_variacion_mensual,4.6,%,indec,2026-08-05T21:48:05.576542+00:00
AR,2021-02-01,Equipamiento y mantenimiento del hogar (202102),indec_05_variacion_interanual,47.1,%,indec,2026-08-05T21:48:05.576542+00:00
AR,2021-02-01,Salud (202102),indec_06_indice,454.7265,indice,indec,2026-08-05T21:48:05.576542+00:00
AR,2021-02-01,Salud (202102),indec_06_variacion_mensual,3.5,%,indec,2026-08-05T21:48:05.576542+00:00
AR,2021-02-01,Salud (202102),indec_06_variacion_interanual,39.8,%,indec,2026-08-05T21:48:05.576542+00:00
AR,2021-02-01,Transporte (202102),indec_07_indice,443.3079,indice,indec,2026-08-05T21:48:05.576542+00:00
AR,2021-02-01,Transporte (202102),indec_07_variacion_mensual,4.8,%,indec,2026-08-05T21:48:05.576542+00:00
AR,2021-02-01,Transporte (202102),indec_07_variacion_interanual,42.7,%,indec,2026-08-05T21:48:05.576542+00:00
AR,2021-02-01,Comunicación (202102),indec_08_indice,430.6911,indice,indec,2026-08-05T21:48:05.576542+00:00
AR,2021-02-01,Comunicación (202102),indec_08_variacion_mensual,1.8,%,indec,2026-08-05T21:48:05.576542+00:00
AR,2021-02-01,Comunicación (202102),indec_08_variacion_interanual,23.1,%,indec,2026-08-05T21:48:05.576542+00:00
AR,2021-02-01,Recreación y cultura (202102),indec_09_indice,415.0224,indice,indec,2026-08-05T21:48:05.576542+00:00
AR,2021-02-01,Recreación y cultura (202102),indec_09_variacion_mensual,2.3,%,indec,2026-08-05T21:48:05.576542+00:00
AR,2021-02-01,Recreación y cultura (202102),indec_09_variacion_interanual,47.9,%,indec,2026-08-05T21:48:05.576542+00:00
AR,2021-02-01,Educación (202102),indec_10_indice,309.01,indice,indec,2026-08-05T21:48:05.576542+00:00
AR,2021-02-01,Educación (202102),indec_10_variacion_mensual,0.1,%,indec,2026-08-05T21:48:05.576542+00:00
AR,2021-02-01,Educación (202102),indec_10_variacion_interanual,18.6,%,indec,2026-08-05T21:48:05.576542+00:00
AR,2021-02-01,Restaurantes y hoteles (202102),indec_11_indice,386.2568,indice,indec,2026-08-05T21:48:05.576542+00:00
AR,2021-02-01,Restaurantes y hoteles (202102),indec_11_variacion_mensual,5.4,%,indec,2026-08-05T21:48:05.576542+00:00
AR,2021-02-01,Restaurantes y hoteles (202102),indec_11_variacion_interanual,41.0,%,indec,2026-08-05T21:48:05.576542+00:00
AR,2021-02-01,Bienes y servicios varios (202102),indec_12_indice,381.9169,indice,indec,2026-08-05T21:48:05.576542+00:00
AR,2021-02-01,Bienes y servicios varios (202102),indec_12_variacion_mensual,3.2,%,indec,2026-08-05T21:48:05.576542+00:00
AR,2021-02-01,Bienes y servicios varios (202102),indec_12_variacion_interanual,26.3,%,indec,2026-08-05T21:48:05.576542+00:00
AR,2021-02-01,nan (202102),indec_Estacional_indice,427.2775,indice,indec,2026-08-05T21:48:05.576542+00:00
AR,2021-02-01,nan (202102),indec_Estacional_variacion_mensual,3.1,%,indec,2026-08-05T21:48:05.576542+00:00
AR,2021-02-01,nan (202102),indec_Estacional_variacion_interanual,64.4,%,indec,2026-08-05T21:48:05.576542+00:00
AR,2021-02-01,nan (202102),indec_Núcleo_indice,422.5932,indice,indec,2026-08-05T21:48:05.576542+00:00
AR,2021-02-01,nan (202102),indec_Núcleo_variacion_mensual,4.1,%,indec,2026-08-05T21:48:05.576542+00:00
AR,2021-02-01,nan (202102),indec_Núcleo_variacion_interanual,43.7,%,indec,2026-08-05T21:48:05.576542+00:00
AR,2021-02-01,nan (202102),indec_Regulados_indice,388.8788,indice,indec,2026-08-05T21:48:05.576542+00:00
AR,2021-02-01,nan (202102),indec_Regulados_variacion_mensual,2.2,%,indec,2026-08-05T21:48:05.576542+00:00
AR,2021-02-01,nan (202102),indec_Regulados_variacion_interanual,21.0,%,indec,2026-08-05T21:48:05.576542+00:00
AR,2021-02-01,nan (202102),indec_B_indice,443.5383,indice,indec,2026-08-05T21:48:05.576542+00:00
AR,2021-02-01,nan (202102),indec_B_variacion_mensual,4.0,%,indec,2026-08-05T21:48:05.576542+00:00
AR,2021-02-01,nan (202102),indec_B_variacion_interanual,47.8,%,indec,2026-08-05T21:48:05.576542+00:00
AR,2021-02-01,nan (202102),indec_S_indice,363.2531,indice,indec,2026-08-05T21:48:05.576542+00:00
AR,2021-02-01,nan (202102),indec_S_variacion_mensual,2.5,%,indec,2026-08-05T21:48:05.576542+00:00
AR,2021-02-01,nan (202102),indec_S_variacion_interanual,26.0,%,indec,2026-08-05T21:48:05.576542+00:00
AR,2021-03-01,NIVEL GENERAL (202103),indec_0_indice,435.8657,indice,indec,2026-08-05T21:48:05.576542+00:00
AR,2021-03-01,NIVEL GENERAL (202103),indec_0_variacion_mensual,4.8,%,indec,2026-08-05T21:48:05.576542+00:00
AR,2021-03-01,NIVEL GENERAL (202103),indec_0_variacion_interanual,42.6,%,indec,2026-08-05T21:48:05.576542+00:00
AR,2021-03-01,Alimentos y bebidas no alcohólicas (202103),indec_01_indice,461.3238,indice,indec,2026-08-05T21:48:05.576542+00:00
AR,2021-03-01,Alimentos y bebidas no alcohólicas (202103),indec_01_variacion_mensual,4.6,%,indec,2026-08-05T21:48:05.576542+00:00
AR,2021-03-01,Alimentos y bebidas no alcohólicas (202103),indec_01_variacion_interanual,44.8,%,indec,2026-08-05T21:48:05.576542+00:00
AR,2021-03-01,Bebidas alcohólicas y tabaco (202103),indec_02_indice,365.3793,indice,indec,2026-08-05T21:48:05.576542+00:00
AR,2021-03-01,Bebidas alcohólicas y tabaco (202103),indec_02_variacion_mensual,6.4,%,indec,2026-08-05T21:48:05.576542+00:00
AR,2021-03-01,Bebidas alcohólicas y tabaco (202103),indec_02_variacion_interanual,41.0,%,indec,2026-08-05T21:48:05.576542+00:00
AR,2021-03-01,Prendas de vestir y calzado (202103),indec_03_indice,435.7025,indice,indec,2026-08-05T21:48:05.576542+00:00
AR,2021-03-01,Prendas de vestir y calzado (202103),indec_03_variacion_mensual,10.8,%,indec,2026-08-05T21:48:05.576542+00:00
AR,2021-03-01,Prendas de vestir y calzado (202103),indec_03_variacion_interanual,71.5,%,indec,2026-08-05T21:48:05.576542+00:00
AR,2021-03-01,"Vivienda, agua, electricidad, gas y otros combustibles (202103)",indec_04_indice,388.4775,indice,indec,2026-08-05T21:48:05.576542+00:00
AR,2021-03-01,"Vivienda, agua, electricidad, gas y otros combustibles (202103)",indec_04_variacion_mensual,1.3,%,indec,2026-08-05T21:48:05.576542+00:00
AR,2021-03-01,"Vivienda, agua, electricidad, gas y otros combustibles (202103)",indec_04_variacion_interanual,19.8,%,indec,2026-08-05T21:48:05.576542+00:00
AR,2021-03-01,Equipamiento y mantenimiento del hogar (202103),indec_05_indice,441.1744,indice,indec,2026-08-05T21:48:05.576542+00:00
AR,2021-03-01,Equipamiento y mantenimiento del hogar (202103),indec_05_variacion_mensual,3.2,%,indec,2026-08-05T21:48:05.576542+00:00
AR,2021-03-01,Equipamiento y mantenimiento del hogar (202103),indec_05_variacion_interanual,47.5,%,indec,2026-08-05T21:48:05.576542+00:00
AR,2021-03-01,Salud (202103),indec_06_indice,472.856,indice,indec,2026-08-05T21:48:05.576542+00:00
AR,2021-03-01,Salud (202103),indec_06_variacion_mensual,4.0,%,indec,2026-08-05T21:48:05.576542+00:00
AR,2021-03-01,Salud (202103),indec_06_variacion_interanual,41.7,%,indec,2026-08-05T21:48:05.576542+00:00
AR,2021-03-01,Transporte (202103),indec_07_indice,461.8773,indice,indec,2026-08-05T21:48:05.576542+00:00
AR,2021-03-01,Transporte (202103),indec_07_variacion_mensual,4.2,%,indec,2026-08-05T21:48:05.576542+00:00
AR,2021-03-01,Transporte (202103),indec_07_variacion_interanual,46.3,%,indec,2026-08-05T21:48:05.576542+00:00
AR,2021-03-01,Comunicación (202103),indec_08_indice,430.982,indice,indec,2026-08-05T21:48:05.576542+00:00
AR,2021-03-01,Comunicación (202103),indec_08_variacion_mensual,0.1,%,indec,2026-08-05T21:48:05.576542+00:00
AR,2021-03-01,Comunicación (202103),indec_08_variacion_interanual,13.8,%,indec,2026-08-05T21:48:05.576542+00:00
AR,2021-03-01,Recreación y cultura (202103),indec_09_indice,437.1879,indice,indec,2026-08-05T21:48:05.576542+00:00
AR,2021-03-01,Recreación y cultura (202103),indec_09_variacion_mensual,5.3,%,indec,2026-08-05T21:48:05.576542+00:00
AR,2021-03-01,Recreación y cultura (202103),indec_09_variacion_interanual,52.0,%,indec,2026-08-05T21:48:05.576542+00:00
AR,2021-03-01,Educación (202103),indec_10_indice,397.0482,indice,indec,2026-08-05T21:48:05.576542+00:00
AR,2021-03-01,Educación (202103),indec_10_variacion_mensual,28.5,%,indec,2026-08-05T21:48:05.576542+00:00
AR,2021-03-01,Educación (202103),indec_10_variacion_interanual,29.7,%,indec,2026-08-05T21:48:05.576542+00:00
AR,2021-03-01,Restaurantes y hoteles (202103),indec_11_indice,398.4108,indice,indec,2026-08-05T21:48:05.576542+00:00
AR,2021-03-01,Restaurantes y hoteles (202103),indec_11_variacion_mensual,3.1,%,indec,2026-08-05T21:48:05.576542+00:00
AR,2021-03-01,Restaurantes y hoteles (202103),indec_11_variacion_interanual,42.4,%,indec,2026-08-05T21:48:05.576542+00:00
AR,2021-03-01,Bienes y servicios varios (202103),indec_12_indice,390.3459,indice,indec,2026-08-05T21:48:05.576542+00:00
AR,2021-03-01,Bienes y servicios varios (202103),indec_12_variacion_mensual,2.2,%,indec,2026-08-05T21:48:05.576542+00:00
AR,2021-03-01,Bienes y servicios varios (202103),indec_12_variacion_interanual,26.6,%,indec,2026-08-05T21:48:05.576542+00:00
AR,2021-03-01,nan (202103),indec_Estacional_indice,457.8837,indice,indec,2026-08-05T21:48:05.576542+00:00
AR,2021-03-01,nan (202103),indec_Estacional_variacion_mensual,7.2,%,indec,2026-08-05T21:48:05.576542+00:00
AR,2021-03-01,nan (202103),indec_Estacional_variacion_interanual,67.9,%,indec,2026-08-05T21:48:05.576542+00:00
AR,2021-03-01,nan (202103),indec_Núcleo_indice,441.72,indice,indec,2026-08-05T21:48:05.576542+00:00
AR,2021-03-01,nan (202103),indec_Núcleo_variacion_mensual,4.5,%,indec,2026-08-05T21:48:05.576542+00:00
AR,2021-03-01,nan (202103),indec_Núcleo_variacion_interanual,45.7,%,indec,2026-08-05T21:48:05.576542+00:00
AR,2021-03-01,nan (202103),indec_Regulados_indice,406.4306,indice,indec,2026-08-05T21:48:05.576542+00:00
AR,2021-03-01,nan (202103),indec_Regulados_variacion_mensual,4.5,%,indec,2026-08-05T21:48:05.576542+00:00
AR,2021-03-01,nan (202103),indec_Regulados_variacion_interanual,22.5,%,indec,2026-08-05T21:48:05.576542+00:00
AR,2021-03-01,nan (202103),indec_B_indice,466.0937,indice,indec,2026-08-05T21:48:05.576542+00:00
AR,2021-03-01,nan (202103),indec_B_variacion_mensual,5.1,%,indec,2026-08-05T21:48:05.576542+00:00
AR,2021-03-01,nan (202103),indec_B_variacion_interanual,50.5,%,indec,2026-08-05T21:48:05.576542+00:00
AR,2021-03-01,nan (202103),indec_S_indice,378.9729,indice,indec,2026-08-05T21:48:05.576542+00:00
AR,2021-03-01,nan (202103),indec_S_variacion_mensual,4.3,%,indec,2026-08-05T21:48:05.576542+00:00
AR,2021-03-01,nan (202103),indec_S_variacion_interanual,26.9,%,indec,2026-08-05T21:48:05.576542+00:00
AR,2021-04-01,NIVEL GENERAL (202104),indec_0_indice,453.6503,indice,indec,2026-08-05T21:48:05.576542+00:00
AR,2021-04-01,NIVEL GENERAL (202104),indec_0_variacion_mensual,4.1,%,indec,2026-08-05T21:48:05.576542+00:00
AR,2021-04-01,NIVEL GENERAL (202104),indec_0_variacion_interanual,46.3,%,indec,2026-08-05T21:48:05.576542+00:00
AR,2021-04-01,Alimentos y bebidas no alcohólicas (202104),indec_01_indice,481.2407,indice,indec,2026-08-05T21:48:05.576542+00:00
AR,2021-04-01,Alimentos y bebidas no alcohólicas (202104),indec_01_variacion_mensual,4.3,%,indec,2026-08-05T21:48:05.576542+00:00
AR,2021-04-01,Alimentos y bebidas no alcohólicas (202104),indec_01_variacion_interanual,46.4,%,indec,2026-08-05T21:48:05.576542+00:00
AR,2021-04-01,Bebidas alcohólicas y tabaco (202104),indec_02_indice,378.4685,indice,indec,2026-08-05T21:48:05.576542+00:00
AR,2021-04-01,Bebidas alcohólicas y tabaco (202104),indec_02_variacion_mensual,3.6,%,indec,2026-08-05T21:48:05.576542+00:00
AR,2021-04-01,Bebidas alcohólicas y tabaco (202104),indec_02_variacion_interanual,44.0,%,indec,2026-08-05T21:48:05.576542+00:00
AR,2021-04-01,Prendas de vestir y calzado (202104),indec_03_indice,461.9321,indice,indec,2026-08-05T21:48:05.576542+00:00
AR,2021-04-01,Prendas de vestir y calzado (202104),indec_03_variacion_mensual,6.0,%,indec,2026-08-05T21:48:05.576542+00:00
AR,2021-04-01,Prendas de vestir y calzado (202104),indec_03_variacion_interanual,79.1,%,indec,2026-08-05T21:48:05.576542+00:00
AR,2021-04-01,"Vivienda, agua, electricidad, gas y otros combustibles (202104)",indec_04_indice,401.9368,indice,indec,2026-08-05T21:48:05.576542+00:00
AR,2021-04-01,"Vivienda, agua, electricidad, gas y otros combustibles (202104)",indec_04_variacion_mensual,3.5,%,indec,2026-08-05T21:48:05.576542+00:00
AR,2021-04-01,"Vivienda, agua, electricidad, gas y otros combustibles (202104)",indec_04_variacion_interanual,23.9,%,indec,2026-08-05T21:48:05.576542+00:00
AR,2021-04-01,Equipamiento y mantenimiento del hogar (202104),indec_05_indice,460.1121,indice,indec,2026-08-05T21:48:05.576542+00:00
AR,2021-04-01,Equipamiento y mantenimiento del hogar (202104),indec_05_variacion_mensual,4.3,%,indec,2026-08-05T21:48:05.576542+00:00
AR,2021-04-01,Equipamiento y mantenimiento del hogar (202104),indec_05_variacion_interanual,52.0,%,indec,2026-08-05T21:48:05.576542+00:00
AR,2021-04-01,Salud (202104),indec_06_indice,490.482,indice,indec,2026-08-05T21:48:05.576542+00:00
AR,2021-04-01,Salud (202104),indec_06_variacion_mensual,3.7,%,indec,2026-08-05T21:48:05.576542+00:00
AR,2021-04-01,Salud (202104),indec_06_variacion_interanual,45.2,%,indec,2026-08-05T21:48:05.576542+00:00
AR,2021-04-01,Transporte (202104),indec_07_indice,487.9806,indice,indec,2026-08-05T21:48:05.576542+00:00
AR,2021-04-01,Transporte (202104),indec_07_variacion_mensual,5.7,%,indec,2026-08-05T21:48:05.576542+00:00
AR,2021-04-01,Transporte (202104),indec_07_variacion_interanual,52.6,%,indec,2026-08-05T21:48:05.576542+00:00
AR,2021-04-01,Comunicación (202104),indec_08_indice,433.2713,indice,indec,2026-08-05T21:48:05.576542+00:00
AR,2021-04-01,Comunicación (202104),indec_08_variacion_mensual,0.5,%,indec,2026-08-05T21:48:05.576542+00:00
AR,2021-04-01,Comunicación (202104),indec_08_variacion_interanual,19.3,%,indec,2026-08-05T21:48:05.576542+00:00
AR,2021-04-01,Recreación y cultura (202104),indec_09_indice,443.676,indice,indec,2026-08-05T21:48:05.576542+00:00
AR,2021-04-01,Recreación y cultura (202104),indec_09_variacion_mensual,1.5,%,indec,2026-08-05T21:48:05.576542+00:00
AR,2021-04-01,Recreación y cultura (202104),indec_09_variacion_interanual,50.8,%,indec,2026-08-05T21:48:05.576542+00:00
AR,2021-04-01,Educación (202104),indec_10_indice,406.8828,indice,indec,2026-08-05T21:48:05.576542+00:00
AR,2021-04-01,Educación (202104),indec_10_variacion_mensual,2.5,%,indec,2026-08-05T21:48:05.576542+00:00
AR,2021-04-01,Educación (202104),indec_10_variacion_interanual,34.9,%,indec,2026-08-05T21:48:05.576542+00:00
AR,2021-04-01,Restaurantes y hoteles (202104),indec_11_indice,413.8512,indice,indec,2026-08-05T21:48:05.576542+00:00
AR,2021-04-01,Restaurantes y hoteles (202104),indec_11_variacion_mensual,3.9,%,indec,2026-08-05T21:48:05.576542+00:00
AR,2021-04-01,Restaurantes y hoteles (202104),indec_11_variacion_interanual,45.7,%,indec,2026-08-05T21:48:05.576542+00:00
AR,2021-04-01,Bienes y servicios varios (202104),indec_12_indice,404.5705,indice,indec,2026-08-05T21:48:05.576542+00:00
AR,2021-04-01,Bienes y servicios varios (202104),indec_12_variacion_mensual,3.6,%,indec,2026-08-05T21:48:05.576542+00:00
AR,2021-04-01,Bienes y servicios varios (202104),indec_12_variacion_interanual,30.9,%,indec,2026-08-05T21:48:05.576542+00:00
AR,2021-04-01,nan (202104),indec_Estacional_indice,467.7635,indice,indec,2026-08-05T21:48:05.576542+00:00
AR,2021-04-01,nan (202104),indec_Estacional_variacion_mensual,2.2,%,indec,2026-08-05T21:48:05.576542+00:00
AR,2021-04-01,nan (202104),indec_Estacional_variacion_interanual,63.6,%,indec,2026-08-05T21:48:05.576542+00:00
AR,2021-04-01,nan (202104),indec_Núcleo_indice,461.8578,indice,indec,2026-08-05T21:48:05.576542+00:00
AR,2021-04-01,nan (202104),indec_Núcleo_variacion_mensual,4.6,%,indec,2026-08-05T21:48:05.576542+00:00
AR,2021-04-01,nan (202104),indec_Núcleo_variacion_interanual,49.8,%,indec,2026-08-05T21:48:05.576542+00:00
AR,2021-04-01,nan (202104),indec_Regulados_indice,420.7778,indice,indec,2026-08-05T21:48:05.576542+00:00
AR,2021-04-01,nan (202104),indec_Regulados_variacion_mensual,3.5,%,indec,2026-08-05T21:48:05.576542+00:00
AR,2021-04-01,nan (202104),indec_Regulados_variacion_interanual,27.6,%,indec,2026-08-05T21:48:05.576542+00:00
AR,2021-04-01,nan (202104),indec_B_indice,487.9835,indice,indec,2026-08-05T21:48:05.576542+00:00
AR,2021-04-01,nan (202104),indec_B_variacion_mensual,4.7,%,indec,2026-08-05T21:48:05.576542+00:00
AR,2021-04-01,nan (202104),indec_B_variacion_interanual,54.0,%,indec,2026-08-05T21:48:05.576542+00:00
AR,2021-04-01,nan (202104),indec_S_indice,388.4611,indice,indec,2026-08-05T21:48:05.576542+00:00
AR,2021-04-01,nan (202104),indec_S_variacion_mensual,2.5,%,indec,2026-08-05T21:48:05.576542+00:00
AR,2021-04-01,nan (202104),indec_S_variacion_interanual,30.4,%,indec,2026-08-05T21:48:05.576542+00:00
AR,2021-05-01,NIVEL GENERAL (202105),indec_0_indice,468.725,indice,indec,2026-08-05T21:48:05.576542+00:00
AR,2021-05-01,NIVEL GENERAL (202105),indec_0_variacion_mensual,3.3,%,indec,2026-08-05T21:48:05.576542+00:00
AR,2021-05-01,NIVEL GENERAL (202105),indec_0_variacion_interanual,48.8,%,indec,2026-08-05T21:48:05.576542+00:00
AR,2021-05-01,Alimentos y bebidas no alcohólicas (202105),indec_01_indice,496.1796,indice,indec,2026-08-05T21:48:05.576542+00:00
AR,2021-05-01,Alimentos y bebidas no alcohólicas (202105),indec_01_variacion_mensual,3.1,%,indec,2026-08-05T21:48:05.576542+00:00
AR,2021-05-01,Alimentos y bebidas no alcohólicas (202105),indec_01_variacion_interanual,49.9,%,indec,2026-08-05T21:48:05.576542+00:00
AR,2021-05-01,Bebidas alcohólicas y tabaco (202105),indec_02_indice,384.5689,indice,indec,2026-08-05T21:48:05.576542+00:00
AR,2021-05-01,Bebidas alcohólicas y tabaco (202105),indec_02_variacion_mensual,1.6,%,indec,2026-08-05T21:48:05.576542+00:00
AR,2021-05-01,Bebidas alcohólicas y tabaco (202105),indec_02_variacion_interanual,46.2,%,indec,2026-08-05T21:48:05.576542+00:00
AR,2021-05-01,Prendas de vestir y calzado (202105),indec_03_indice,471.6343,indice,indec,2026-08-05T21:48:05.576542+00:00
AR,2021-05-01,Prendas de vestir y calzado (202105),indec_03_variacion_mensual,2.1,%,indec,2026-08-05T21:48:05.576542+00:00
AR,2021-05-01,Prendas de vestir y calzado (202105),indec_03_variacion_interanual,70.0,%,indec,2026-08-05T21:48:05.576542+00:00
AR,2021-05-01,"Vivienda, agua, electricidad, gas y otros combustibles (202105)",indec_04_indice,410.1034,indice,indec,2026-08-05T21:48:05.576542+00:00
AR,2021-05-01,"Vivienda, agua, electricidad, gas y otros combustibles (202105)",indec_04_variacion_mensual,2.0,%,indec,2026-08-05T21:48:05.576542+00:00
AR,2021-05-01,"Vivienda, agua, electricidad, gas y otros combustibles (202105)",indec_04_variacion_interanual,26.3,%,indec,2026-08-05T21:48:05.576542+00:00
AR,2021-05-01,Equipamiento y mantenimiento del hogar (202105),indec_05_indice,470.991,indice,indec,2026-08-05T21:48:05.576542+00:00
AR,2021-05-01,Equipamiento y mantenimiento del hogar (202105),indec_05_variacion_mensual,2.4,%,indec,2026-08-05T21:48:05.576542+00:00
AR,2021-05-01,Equipamiento y mantenimiento del hogar (202105),indec_05_variacion_interanual,51.3,%,indec,2026-08-05T21:48:05.576542+00:00
AR,2021-05-01,Salud (202105),indec_06_indice,513.7918,indice,indec,2026-08-05T21:48:05.576542+00:00
AR,2021-05-01,Salud (202105),indec_06_variacion_mensual,4.8,%,indec,2026-08-05T21:48:05.576542+00:00
AR,2021-05-01,Salud (202105),indec_06_variacion_interanual,50.5,%,indec,2026-08-05T21:48:05.576542+00:00
AR,2021-05-01,Transporte (202105),indec_07_indice,517.0463,indice,indec,2026-08-05T21:48:05.576542+00:00
AR,2021-05-01,Transporte (202105),indec_07_variacion_mensual,6.0,%,indec,2026-08-05T21:48:05.576542+00:00
AR,2021-05-01,Transporte (202105),indec_07_variacion_interanual,60.0,%,indec,2026-08-05T21:48:05.576542+00:00
AR,2021-05-01,Comunicación (202105),indec_08_indice,437.5563,indice,indec,2026-08-05T21:48:05.576542+00:00
AR,2021-05-01,Comunicación (202105),indec_08_variacion_mensual,1.0,%,indec,2026-08-05T21:48:05.576542+00:00
AR,2021-05-01,Comunicación (202105),indec_08_variacion_interanual,20.1,%,indec,2026-08-05T21:48:05.576542+00:00
AR,2021-05-01,Recreación y cultura (202105),indec_09_indice,457.4624,indice,indec,2026-08-05T21:48:05.576542+00:00
AR,2021-05-01,Recreación y cultura (202105),indec_09_variacion_mensual,3.1,%,indec,2026-08-05T21:48:05.576542+00:00
AR,2021-05-01,Recreación y cultura (202105),indec_09_variacion_interanual,51.8,%,indec,2026-08-05T21:48:05.576542+00:00
AR,2021-05-01,Educación (202105),indec_10_indice,416.1535,indice,indec,2026-08-05T21:48:05.576542+00:00
AR,2021-05-01,Educación (202105),indec_10_variacion_mensual,2.3,%,indec,2026-08-05T21:48:05.576542+00:00
AR,2021-05-01,Educación (202105),indec_10_variacion_interanual,38.6,%,indec,2026-08-05T21:48:05.576542+00:00
AR,2021-05-01,Restaurantes y hoteles (202105),indec_11_indice,429.2946,indice,indec,2026-08-05T21:48:05.576542+00:00
AR,2021-05-01,Restaurantes y hoteles (202105),indec_11_variacion_mensual,3.7,%,indec,2026-08-05T21:48:05.576542+00:00
AR,2021-05-01,Restaurantes y hoteles (202105),indec_11_variacion_interanual,48.8,%,indec,2026-08-05T21:48:05.576542+00:00
AR,2021-05-01,Bienes y servicios varios (202105),indec_12_indice,416.3379,indice,indec,2026-08-05T21:48:05.576542+00:00
AR,2021-05-01,Bienes y servicios varios (202105),indec_12_variacion_mensual,2.9,%,indec,2026-08-05T21:48:05.576542+00:00
AR,2021-05-01,Bienes y servicios varios (202105),indec_12_variacion_interanual,32.2,%,indec,2026-08-05T21:48:05.576542+00:00
AR,2021-05-01,nan (202105),indec_Estacional_indice,474.7275,indice,indec,2026-08-05T21:48:05.576542+00:00
AR,2021-05-01,nan (202105),indec_Estacional_variacion_mensual,1.5,%,indec,2026-08-05T21:48:05.576542+00:00
AR,2021-05-01,nan (202105),indec_Estacional_variacion_interanual,58.6,%,indec,2026-08-05T21:48:05.576542+00:00
AR,2021-05-01,nan (202105),indec_Núcleo_indice,477.9293,indice,indec,2026-08-05T21:48:05.576542+00:00
AR,2021-05-01,nan (202105),indec_Núcleo_variacion_mensual,3.5,%,indec,2026-08-05T21:48:05.576542+00:00
AR,2021-05-01,nan (202105),indec_Núcleo_variacion_interanual,52.5,%,indec,2026-08-05T21:48:05.576542+00:00
AR,2021-05-01,nan (202105),indec_Regulados_indice,436.6403,indice,indec,2026-08-05T21:48:05.576542+00:00
AR,2021-05-01,nan (202105),indec_Regulados_variacion_mensual,3.8,%,indec,2026-08-05T21:48:05.576542+00:00
AR,2021-05-01,nan (202105),indec_Regulados_variacion_interanual,32.6,%,indec,2026-08-05T21:48:05.576542+00:00
AR,2021-05-01,nan (202105),indec_B_indice,505.134,indice,indec,2026-08-05T21:48:05.576542+00:00
AR,2021-05-01,nan (202105),indec_B_variacion_mensual,3.5,%,indec,2026-08-05T21:48:05.576542+00:00
AR,2021-05-01,nan (202105),indec_B_variacion_interanual,56.2,%,indec,2026-08-05T21:48:05.576542+00:00
AR,2021-05-01,nan (202105),indec_S_indice,399.1277,indice,indec,2026-08-05T21:48:05.576542+00:00
AR,2021-05-01,nan (202105),indec_S_variacion_mensual,2.7,%,indec,2026-08-05T21:48:05.576542+00:00
AR,2021-05-01,nan (202105),indec_S_variacion_interanual,33.1,%,indec,2026-08-05T21:48:05.576542+00:00
AR,2021-06-01,NIVEL GENERAL (202106),indec_0_indice,483.6049,indice,indec,2026-08-05T21:48:05.576542+00:00
AR,2021-06-01,NIVEL GENERAL (202106),indec_0_variacion_mensual,3.2,%,indec,2026-08-05T21:48:05.576542+00:00
AR,2021-06-01,NIVEL GENERAL (202106),indec_0_variacion_interanual,50.2,%,indec,2026-08-05T21:48:05.576542+00:00
AR,2021-06-01,Alimentos y bebidas no alcohólicas (202106),indec_01_indice,512.2593,indice,indec,2026-08-05T21:48:05.576542+00:00
AR,2021-06-01,Alimentos y bebidas no alcohólicas (202106),indec_01_variacion_mensual,3.2,%,indec,2026-08-05T21:48:05.576542+00:00
AR,2021-06-01,Alimentos y bebidas no alcohólicas (202106),indec_01_variacion_interanual,53.2,%,indec,2026-08-05T21:48:05.576542+00:00
AR,2021-06-01,Bebidas alcohólicas y tabaco (202106),indec_02_indice,405.6917,indice,indec,2026-08-05T21:48:05.576542+00:00
AR,2021-06-01,Bebidas alcohólicas y tabaco (202106),indec_02_variacion_mensual,5.5,%,indec,2026-08-05T21:48:05.576542+00:00
AR,2021-06-01,Bebidas alcohólicas y tabaco (202106),indec_02_variacion_interanual,48.6,%,indec,2026-08-05T21:48:05.576542+00:00
AR,2021-06-01,Prendas de vestir y calzado (202106),indec_03_indice,487.9626,indice,indec,2026-08-05T21:48:05.576542+00:00
AR,2021-06-01,Prendas de vestir y calzado (202106),indec_03_variacion_mensual,3.5,%,indec,2026-08-05T21:48:05.576542+00:00
AR,2021-06-01,Prendas de vestir y calzado (202106),indec_03_variacion_interanual,65.0,%,indec,2026-08-05T21:48:05.576542+00:00
AR,2021-06-01,"Vivienda, agua, electricidad, gas y otros combustibles (202106)",indec_04_indice,420.2876,indice,indec,2026-08-05T21:48:05.576542+00:00
AR,2021-06-01,"Vivienda, agua, electricidad, gas y otros combustibles (202106)",indec_04_variacion_mensual,2.5,%,indec,2026-08-05T21:48:05.576542+00:00
AR,2021-06-01,"Vivienda, agua, electricidad, gas y otros combustibles (202106)",indec_04_variacion_interanual,28.2,%,indec,2026-08-05T21:48:05.576542+00:00
AR,2021-06-01,Equipamiento y mantenimiento del hogar (202106),indec_05_indice,486.2222,indice,indec,2026-08-05T21:48:05.576542+00:00
AR,2021-06-01,Equipamiento y mantenimiento del hogar (202106),indec_05_variacion_mensual,3.2,%,indec,2026-08-05T21:48:05.576542+00:00
AR,2021-06-01,Equipamiento y mantenimiento del hogar (202106),indec_05_variacion_interanual,50.1,%,indec,2026-08-05T21:48:05.576542+00:00
AR,2021-06-01,Salud (202106),indec_06_indice,530.2766,indice,indec,2026-08-05T21:48:05.576542+00:00
AR,2021-06-01,Salud (202106),indec_06_variacion_mensual,3.2,%,indec,2026-08-05T21:48:05.576542+00:00
AR,2021-06-01,Salud (202106),indec_06_variacion_interanual,52.0,%,indec,2026-08-05T21:48:05.576542+00:00
AR,2021-06-01,Transporte (202106),indec_07_indice,533.8777,indice,indec,2026-08-05T21:48:05.576542+00:00
AR,2021-06-01,Transporte (202106),indec_07_variacion_mensual,3.3,%,indec,2026-08-05T21:48:05.576542+00:00
AR,2021-06-01,Transporte (202106),indec_07_variacion_interanual,62.2,%,indec,2026-08-05T21:48:05.576542+00:00
AR,2021-06-01,Comunicación (202106),indec_08_indice,468.3691,indice,indec,2026-08-05T21:48:05.576542+00:00
AR,2021-06-01,Comunicación (202106),indec_08_variacion_mensual,7.0,%,indec,2026-08-05T21:48:05.576542+00:00
AR,2021-06-01,Comunicación (202106),indec_08_variacion_interanual,28.0,%,indec,2026-08-05T21:48:05.576542+00:00
AR,2021-06-01,Recreación y cultura (202106),indec_09_indice,467.7135,indice,indec,2026-08-05T21:48:05.576542+00:00
AR,2021-06-01,Recreación y cultura (202106),indec_09_variacion_mensual,2.2,%,indec,2026-08-05T21:48:05.576542+00:00
AR,2021-06-01,Recreación y cultura (202106),indec_09_variacion_interanual,49.0,%,indec,2026-08-05T21:48:05.576542+00:00
AR,2021-06-01,Educación (202106),indec_10_indice,420.9305,indice,indec,2026-08-05T21:48:05.576542+00:00
AR,2021-06-01,Educación (202106),indec_10_variacion_mensual,1.1,%,indec,2026-08-05T21:48:05.576542+00:00
AR,2021-06-01,Educación (202106),indec_10_variacion_interanual,39.6,%,indec,2026-08-05T21:48:05.576542+00:00
AR,2021-06-01,Restaurantes y hoteles (202106),indec_11_indice,442.6958,indice,indec,2026-08-05T21:48:05.576542+00:00
AR,2021-06-01,Restaurantes y hoteles (202106),indec_11_variacion_mensual,3.1,%,indec,2026-08-05T21:48:05.576542+00:00
AR,2021-06-01,Restaurantes y hoteles (202106),indec_11_variacion_interanual,50.1,%,indec,2026-08-05T21:48:05.576542+00:00
AR,2021-06-01,Bienes y servicios varios (202106),indec_12_indice,424.5201,indice,indec,2026-08-05T21:48:05.576542+00:00
AR,2021-06-01,Bienes y servicios varios (202106),indec_12_variacion_mensual,2.0,%,indec,2026-08-05T21:48:05.576542+00:00
AR,2021-06-01,Bienes y servicios varios (202106),indec_12_variacion_interanual,34.4,%,indec,2026-08-05T21:48:05.576542+00:00
AR,2021-06-01,nan (202106),indec_Estacional_indice,477.1486,indice,indec,2026-08-05T21:48:05.576542+00:00
AR,2021-06-01,nan (202106),indec_Estacional_variacion_mensual,0.5,%,indec,2026-08-05T21:48:05.576542+00:00
AR,2021-06-01,nan (202106),indec_Estacional_variacion_interanual,52.2,%,indec,2026-08-05T21:48:05.576542+00:00
AR,2021-06-01,nan (202106),indec_Núcleo_indice,495.1809,indice,indec,2026-08-05T21:48:05.576542+00:00
AR,2021-06-01,nan (202106),indec_Núcleo_variacion_mensual,3.6,%,indec,2026-08-05T21:48:05.576542+00:00
AR,2021-06-01,nan (202106),indec_Núcleo_variacion_interanual,54.5,%,indec,2026-08-05T21:48:05.576542+00:00
AR,2021-06-01,nan (202106),indec_Regulados_indice,450.6922,indice,indec,2026-08-05T21:48:05.576542+00:00
AR,2021-06-01,nan (202106),indec_Regulados_variacion_mensual,3.2,%,indec,2026-08-05T21:48:05.576542+00:00
AR,2021-06-01,nan (202106),indec_Regulados_variacion_interanual,35.8,%,indec,2026-08-05T21:48:05.576542+00:00
AR,2021-06-01,nan (202106),indec_B_indice,522.2312,indice,indec,2026-08-05T21:48:05.576542+00:00
AR,2021-06-01,nan (202106),indec_B_variacion_mensual,3.4,%,indec,2026-08-05T21:48:05.576542+00:00
AR,2021-06-01,nan (202106),indec_B_variacion_interanual,57.0,%,indec,2026-08-05T21:48:05.576542+00:00
AR,2021-06-01,nan (202106),indec_S_indice,410.0618,indice,indec,2026-08-05T21:48:05.576542+00:00
AR,2021-06-01,nan (202106),indec_S_variacion_mensual,2.7,%,indec,2026-08-05T21:48:05.576542+00:00
AR,2021-06-01,nan (202106),indec_S_variacion_interanual,35.5,%,indec,2026-08-05T21:48:05.576542+00:00
AR,2021-07-01,NIVEL GENERAL (202107),indec_0_indice,498.0987,indice,indec,2026-08-05T21:48:05.576542+00:00
AR,2021-07-01,NIVEL GENERAL (202107),indec_0_variacion_mensual,3.0,%,indec,2026-08-05T21:48:05.576542+00:00
AR,2021-07-01,NIVEL GENERAL (202107),indec_0_variacion_interanual,51.8,%,indec,2026-08-05T21:48:05.576542+00:00
AR,2021-07-01,Alimentos y bebidas no alcohólicas (202107),indec_01_indice,529.7087,indice,indec,2026-08-05T21:48:05.576542+00:00
AR,2021-07-01,Alimentos y bebidas no alcohólicas (202107),indec_01_variacion_mensual,3.4,%,indec,2026-08-05T21:48:05.576542+00:00
AR,2021-07-01,Alimentos y bebidas no alcohólicas (202107),indec_01_variacion_interanual,56.4,%,indec,2026-08-05T21:48:05.576542+00:00
AR,2021-07-01,Bebidas alcohólicas y tabaco (202107),indec_02_indice,418.2942,indice,indec,2026-08-05T21:48:05.576542+00:00
AR,2021-07-01,Bebidas alcohólicas y tabaco (202107),indec_02_variacion_mensual,3.1,%,indec,2026-08-05T21:48:05.576542+00:00
AR,2021-07-01,Bebidas alcohólicas y tabaco (202107),indec_02_variacion_interanual,51.2,%,indec,2026-08-05T21:48:05.576542+00:00
AR,2021-07-01,Prendas de vestir y calzado (202107),indec_03_indice,494.0248,indice,indec,2026-08-05T21:48:05.576542+00:00
AR,2021-07-01,Prendas de vestir y calzado (202107),indec_03_variacion_mensual,1.2,%,indec,2026-08-05T21:48:05.576542+00:00
AR,2021-07-01,Prendas de vestir y calzado (202107),indec_03_variacion_interanual,61.7,%,indec,2026-08-05T21:48:05.576542+00:00
AR,2021-07-01,"Vivienda, agua, electricidad, gas y otros combustibles (202107)",indec_04_indice,432.405,indice,indec,2026-08-05T21:48:05.576542+00:00
AR,2021-07-01,"Vivienda, agua, electricidad, gas y otros combustibles (202107)",indec_04_variacion_mensual,2.9,%,indec,2026-08-05T21:48:05.576542+00:00
AR,2021-07-01,"Vivienda, agua, electricidad, gas y otros combustibles (202107)",indec_04_variacion_interanual,30.6,%,indec,2026-08-05T21:48:05.576542+00:00
AR,2021-07-01,Equipamiento y mantenimiento del hogar (202107),indec_05_indice,499.4892,indice,indec,2026-08-05T21:48:05.576542+00:00
AR,2021-07-01,Equipamiento y mantenimiento del hogar (202107),indec_05_variacion_mensual,2.7,%,indec,2026-08-05T21:48:05.576542+00:00
AR,2021-07-01,Equipamiento y mantenimiento del hogar (202107),indec_05_variacion_interanual,48.4,%,indec,2026-08-05T21:48:05.576542+00:00
AR,2021-07-01,Salud (202107),indec_06_indice,550.5464,indice,indec,2026-08-05T21:48:05.576542+00:00
AR,2021-07-01,Salud (202107),indec_06_variacion_mensual,3.8,%,indec,2026-08-05T21:48:05.576542+00:00
AR,2021-07-01,Salud (202107),indec_06_variacion_interanual,54.4,%,indec,2026-08-05T21:48:05.576542+00:00
AR,2021-07-01,Transporte (202107),indec_07_indice,546.1141,indice,indec,2026-08-05T21:48:05.576542+00:00
AR,2021-07-01,Transporte (202107),indec_07_variacion_mensual,2.3,%,indec,2026-08-05T21:48:05.576542+00:00
AR,2021-07-01,Transporte (202107),indec_07_variacion_interanual,62.9,%,indec,2026-08-05T21:48:05.576542+00:00
AR,2021-07-01,Comunicación (202107),indec_08_indice,470.0952,indice,indec,2026-08-05T21:48:05.576542+00:00
AR,2021-07-01,Comunicación (202107),indec_08_variacion_mensual,0.4,%,indec,2026-08-05T21:48:05.576542+00:00
AR,2021-07-01,Comunicación (202107),indec_08_variacion_interanual,27.6,%,indec,2026-08-05T21:48:05.576542+00:00
AR,2021-07-01,Recreación y cultura (202107),indec_09_indice,482.1844,indice,indec,2026-08-05T21:48:05.576542+00:00
AR,2021-07-01,Recreación y cultura (202107),indec_09_variacion_mensual,3.1,%,indec,2026-08-05T21:48:05.576542+00:00
AR,2021-07-01,Recreación y cultura (202107),indec_09_variacion_interanual,48.7,%,indec,2026-08-05T21:48:05.576542+00:00
AR,2021-07-01,Educación (202107),indec_10_indice,431.6135,indice,indec,2026-08-05T21:48:05.576542+00:00
AR,2021-07-01,Educación (202107),indec_10_variacion_mensual,2.5,%,indec,2026-08-05T21:48:05.576542+00:00
AR,2021-07-01,Educación (202107),indec_10_variacion_interanual,43.0,%,indec,2026-08-05T21:48:05.576542+00:00
AR,2021-07-01,Restaurantes y hoteles (202107),indec_11_indice,463.7774,indice,indec,2026-08-05T21:48:05.576542+00:00
AR,2021-07-01,Restaurantes y hoteles (202107),indec_11_variacion_mensual,4.8,%,indec,2026-08-05T21:48:05.576542+00:00
AR,2021-07-01,Restaurantes y hoteles (202107),indec_11_variacion_interanual,54.3,%,indec,2026-08-05T21:48:05.576542+00:00
AR,2021-07-01,Bienes y servicios varios (202107),indec_12_indice,438.0619,indice,indec,2026-08-05T21:48:05.576542+00:00
AR,2021-07-01,Bienes y servicios varios (202107),indec_12_variacion_mensual,3.2,%,indec,2026-08-05T21:48:05.576542+00:00
AR,2021-07-01,Bienes y servicios varios (202107),indec_12_variacion_interanual,35.5,%,indec,2026-08-05T21:48:05.576542+00:00
AR,2021-07-01,nan (202107),indec_Estacional_indice,500.4272,indice,indec,2026-08-05T21:48:05.576542+00:00
AR,2021-07-01,nan (202107),indec_Estacional_variacion_mensual,4.9,%,indec,2026-08-05T21:48:05.576542+00:00
AR,2021-07-01,nan (202107),indec_Estacional_variacion_interanual,58.1,%,indec,2026-08-05T21:48:05.576542+00:00
AR,2021-07-01,nan (202107),indec_Núcleo_indice,510.6974,indice,indec,2026-08-05T21:48:05.576542+00:00
AR,2021-07-01,nan (202107),indec_Núcleo_variacion_mensual,3.1,%,indec,2026-08-05T21:48:05.576542+00:00
AR,2021-07-01,nan (202107),indec_Núcleo_variacion_interanual,55.4,%,indec,2026-08-05T21:48:05.576542+00:00
AR,2021-07-01,nan (202107),indec_Regulados_indice,457.2079,indice,indec,2026-08-05T21:48:05.576542+00:00
AR,2021-07-01,nan (202107),indec_Regulados_variacion_mensual,1.4,%,indec,2026-08-05T21:48:05.576542+00:00
AR,2021-07-01,nan (202107),indec_Regulados_variacion_interanual,37.1,%,indec,2026-08-05T21:48:05.576542+00:00
AR,2021-07-01,nan (202107),indec_B_indice,537.4829,indice,indec,2026-08-05T21:48:05.576542+00:00
AR,2021-07-01,nan (202107),indec_B_variacion_mensual,2.9,%,indec,2026-08-05T21:48:05.576542+00:00
AR,2021-07-01,nan (202107),indec_B_variacion_interanual,57.9,%,indec,2026-08-05T21:48:05.576542+00:00
AR,2021-07-01,nan (202107),indec_S_indice,422.6424,indice,indec,2026-08-05T21:48:05.576542+00:00
AR,2021-07-01,nan (202107),indec_S_variacion_mensual,3.1,%,indec,2026-08-05T21:48:05.576542+00:00
AR,2021-07-01,nan (202107),indec_S_variacion_interanual,38.2,%,indec,2026-08-05T21:48:05.576542+00:00
AR,2021-08-01,NIVEL GENERAL (202108),indec_0_indice,510.3942,indice,indec,2026-08-05T21:48:05.576542+00:00
AR,2021-08-01,NIVEL GENERAL (202108),indec_0_variacion_mensual,2.5,%,indec,2026-08-05T21:48:05.576542+00:00
AR,2021-08-01,NIVEL GENERAL (202108),indec_0_variacion_interanual,51.4,%,indec,2026-08-05T21:48:05.576542+00:00
AR,2021-08-01,Alimentos y bebidas no alcohólicas (202108),indec_01_indice,537.5867,indice,indec,2026-08-05T21:48:05.576542+00:00
AR,2021-08-01,Alimentos y bebidas no alcohólicas (202108),indec_01_variacion_mensual,1.5,%,indec,2026-08-05T21:48:05.576542+00:00
AR,2021-08-01,Alimentos y bebidas no alcohólicas (202108),indec_01_variacion_interanual,53.4,%,indec,2026-08-05T21:48:05.576542+00:00
AR,2021-08-01,Bebidas alcohólicas y tabaco (202108),indec_02_indice,426.7422,indice,indec,2026-08-05T21:48:05.576542+00:00
AR,2021-08-01,Bebidas alcohólicas y tabaco (202108),indec_02_variacion_mensual,2.0,%,indec,2026-08-05T21:48:05.576542+00:00
AR,2021-08-01,Bebidas alcohólicas y tabaco (202108),indec_02_variacion_interanual,52.2,%,indec,2026-08-05T21:48:05.576542+00:00
AR,2021-08-01,Prendas de vestir y calzado (202108),indec_03_indice,510.8956,indice,indec,2026-08-05T21:48:05.576542+00:00
AR,2021-08-01,Prendas de vestir y calzado (202108),indec_03_variacion_mensual,3.4,%,indec,2026-08-05T21:48:05.576542+00:00
AR,2021-08-01,Prendas de vestir y calzado (202108),indec_03_variacion_interanual,63.6,%,indec,2026-08-05T21:48:05.576542+00:00
AR,2021-08-01,"Vivienda, agua, electricidad, gas y otros combustibles (202108)",indec_04_indice,437.3723,indice,indec,2026-08-05T21:48:05.576542+00:00
AR,2021-08-01,"Vivienda, agua, electricidad, gas y otros combustibles (202108)",indec_04_variacion_mensual,1.1,%,indec,2026-08-05T21:48:05.576542+00:00
AR,2021-08-01,"Vivienda, agua, electricidad, gas y otros combustibles (202108)",indec_04_variacion_interanual,29.1,%,indec,2026-08-05T21:48:05.576542+00:00
AR,2021-08-01,Equipamiento y mantenimiento del hogar (202108),indec_05_indice,515.857,indice,indec,2026-08-05T21:48:05.576542+00:00
AR,2021-08-01,Equipamiento y mantenimiento del hogar (202108),indec_05_variacion_mensual,3.3,%,indec,2026-08-05T21:48:05.576542+00:00
AR,2021-08-01,Equipamiento y mantenimiento del hogar (202108),indec_05_variacion_interanual,48.2,%,indec,2026-08-05T21:48:05.576542+00:00
AR,2021-08-01,Salud (202108),indec_06_indice,573.6501,indice,indec,2026-08-05T21:48:05.576542+00:00
AR,2021-08-01,Salud (202108),indec_06_variacion_mensual,4.2,%,indec,2026-08-05T21:48:05.576542+00:00
AR,2021-08-01,Salud (202108),indec_06_variacion_interanual,57.1,%,indec,2026-08-05T21:48:05.576542+00:00
AR,2021-08-01,Transporte (202108),indec_07_indice,559.4713,indice,indec,2026-08-05T21:48:05.576542+00:00
AR,2021-08-01,Transporte (202108),indec_07_variacion_mensual,2.4,%,indec,2026-08-05T21:48:05.576542+00:00
AR,2021-08-01,Transporte (202108),indec_07_variacion_interanual,62.3,%,indec,2026-08-05T21:48:05.576542+00:00
AR,2021-08-01,Comunicación (202108),indec_08_indice,467.3059,indice,indec,2026-08-05T21:48:05.576542+00:00
AR,2021-08-01,Comunicación (202108),indec_08_variacion_mensual,-0.6,%,indec,2026-08-05T21:48:05.576542+00:00
AR,2021-08-01,Comunicación (202108),indec_08_variacion_interanual,26.4,%,indec,2026-08-05T21:48:05.576542+00:00
AR,2021-08-01,Recreación y cultura (202108),indec_09_indice,500.0179,indice,indec,2026-08-05T21:48:05.576542+00:00
AR,2021-08-01,Recreación y cultura (202108),indec_09_variacion_mensual,3.7,%,indec,2026-08-05T21:48:05.576542+00:00
AR,2021-08-01,Recreación y cultura (202108),indec_09_variacion_interanual,49.2,%,indec,2026-08-05T21:48:05.576542+00:00
AR,2021-08-01,Educación (202108),indec_10_indice,449.9,indice,indec,2026-08-05T21:48:05.576542+00:00
AR,2021-08-01,Educación (202108),indec_10_variacion_mensual,4.2,%,indec,2026-08-05T21:48:05.576542+00:00
AR,2021-08-01,Educación (202108),indec_10_variacion_interanual,48.0,%,indec,2026-08-05T21:48:05.576542+00:00
AR,2021-08-01,Restaurantes y hoteles (202108),indec_11_indice,477.4438,indice,indec,2026-08-05T21:48:05.576542+00:00
AR,2021-08-01,Restaurantes y hoteles (202108),indec_11_variacion_mensual,2.9,%,indec,2026-08-05T21:48:05.576542+00:00
AR,2021-08-01,Restaurantes y hoteles (202108),indec_11_variacion_interanual,55.9,%,indec,2026-08-05T21:48:05.576542+00:00
AR,2021-08-01,Bienes y servicios varios (202108),indec_12_indice,452.5377,indice,indec,2026-08-05T21:48:05.576542+00:00
AR,2021-08-01,Bienes y servicios varios (202108),indec_12_variacion_mensual,3.3,%,indec,2026-08-05T21:48:05.576542+00:00
AR,2021-08-01,Bienes y servicios varios (202108),indec_12_variacion_interanual,35.5,%,indec,2026-08-05T21:48:05.576542+00:00
AR,2021-08-01,nan (202108),indec_Estacional_indice,503.3702,indice,indec,2026-08-05T21:48:05.576542+00:00
AR,2021-08-01,nan (202108),indec_Estacional_variacion_mensual,0.6,%,indec,2026-08-05T21:48:05.576542+00:00
AR,2021-08-01,nan (202108),indec_Estacional_variacion_interanual,52.9,%,indec,2026-08-05T21:48:05.576542+00:00
AR,2021-08-01,nan (202108),indec_Núcleo_indice,526.6934,indice,indec,2026-08-05T21:48:05.576542+00:00
AR,2021-08-01,nan (202108),indec_Núcleo_variacion_mensual,3.1,%,indec,2026-08-05T21:48:05.576542+00:00
AR,2021-08-01,nan (202108),indec_Núcleo_variacion_interanual,55.5,%,indec,2026-08-05T21:48:05.576542+00:00
AR,2021-08-01,nan (202108),indec_Regulados_indice,462.3809,indice,indec,2026-08-05T21:48:05.576542+00:00
AR,2021-08-01,nan (202108),indec_Regulados_variacion_mensual,1.1,%,indec,2026-08-05T21:48:05.576542+00:00
AR,2021-08-01,nan (202108),indec_Regulados_variacion_interanual,37.2,%,indec,2026-08-05T21:48:05.576542+00:00
AR,2021-08-01,nan (202108),indec_B_indice,550.9627,indice,indec,2026-08-05T21:48:05.576542+00:00
AR,2021-08-01,nan (202108),indec_B_variacion_mensual,2.5,%,indec,2026-08-05T21:48:05.576542+00:00
AR,2021-08-01,nan (202108),indec_B_variacion_interanual,56.7,%,indec,2026-08-05T21:48:05.576542+00:00
AR,2021-08-01,nan (202108),indec_S_indice,432.4694,indice,indec,2026-08-05T21:48:05.576542+00:00
AR,2021-08-01,nan (202108),indec_S_variacion_mensual,2.3,%,indec,2026-08-05T21:48:05.576542+00:00
AR,2021-08-01,nan (202108),indec_S_variacion_interanual,39.3,%,indec,2026-08-05T21:48:05.576542+00:00
AR,2021-09-01,NIVEL GENERAL (202109),indec_0_indice,528.4968,indice,indec,2026-08-05T21:48:05.576542+00:00
AR,2021-09-01,NIVEL GENERAL (202109),indec_0_variacion_mensual,3.5,%,indec,2026-08-05T21:48:05.576542+00:00
AR,2021-09-01,NIVEL GENERAL (202109),indec_0_variacion_interanual,52.5,%,indec,2026-08-05T21:48:05.576542+00:00
AR,2021-09-01,Alimentos y bebidas no alcohólicas (202109),indec_01_indice,553.4373,indice,indec,2026-08-05T21:48:05.576542+00:00
AR,2021-09-01,Alimentos y bebidas no alcohólicas (202109),indec_01_variacion_mensual,2.9,%,indec,2026-08-05T21:48:05.576542+00:00
AR,2021-09-01,Alimentos y bebidas no alcohólicas (202109),indec_01_variacion_interanual,53.4,%,indec,2026-08-05T21:48:05.576542+00:00
AR,2021-09-01,Bebidas alcohólicas y tabaco (202109),indec_02_indice,451.7961,indice,indec,2026-08-05T21:48:05.576542+00:00
AR,2021-09-01,Bebidas alcohólicas y tabaco (202109),indec_02_variacion_mensual,5.9,%,indec,2026-08-05T21:48:05.576542+00:00
AR,2021-09-01,Bebidas alcohólicas y tabaco (202109),indec_02_variacion_interanual,54.6,%,indec,2026-08-05T21:48:05.576542+00:00
AR,2021-09-01,Prendas de vestir y calzado (202109),indec_03_indice,541.712,indice,indec,2026-08-05T21:48:05.576542+00:00
AR,2021-09-01,Prendas de vestir y calzado (202109),indec_03_variacion_mensual,6.0,%,indec,2026-08-05T21:48:05.576542+00:00
AR,2021-09-01,Prendas de vestir y calzado (202109),indec_03_variacion_interanual,63.9,%,indec,2026-08-05T21:48:05.576542+00:00
AR,2021-09-01,"Vivienda, agua, electricidad, gas y otros combustibles (202109)",indec_04_indice,445.7672,indice,indec,2026-08-05T21:48:05.576542+00:00
AR,2021-09-01,"Vivienda, agua, electricidad, gas y otros combustibles (202109)",indec_04_variacion_mensual,1.9,%,indec,2026-08-05T21:48:05.576542+00:00
AR,2021-09-01,"Vivienda, agua, electricidad, gas y otros combustibles (202109)",indec_04_variacion_interanual,29.6,%,indec,2026-08-05T21:48:05.576542+00:00
AR,2021-09-01,Equipamiento y mantenimiento del hogar (202109),indec_05_indice,533.8161,indice,indec,2026-08-05T21:48:05.576542+00:00
AR,2021-09-01,Equipamiento y mantenimiento del hogar (202109),indec_05_variacion_mensual,3.5,%,indec,2026-08-05T21:48:05.576542+00:00
AR,2021-09-01,Equipamiento y mantenimiento del hogar (202109),indec_05_variacion_interanual,49.5,%,indec,2026-08-05T21:48:05.576542+00:00
AR,2021-09-01,Salud (202109),indec_06_indice,598.3555,indice,indec,2026-08-05T21:48:05.576542+00:00
AR,2021-09-01,Salud (202109),indec_06_variacion_mensual,4.3,%,indec,2026-08-05T21:48:05.576542+00:00
AR,2021-09-01,Salud (202109),indec_06_variacion_interanual,58.4,%,indec,2026-08-05T21:48:05.576542+00:00
AR,2021-09-01,Transporte (202109),indec_07_indice,576.4905,indice,indec,2026-08-05T21:48:05.576542+00:00
AR,2021-09-01,Transporte (202109),indec_07_variacion_mensual,3.0,%,indec,2026-08-05T21:48:05.576542+00:00
AR,2021-09-01,Transporte (202109),indec_07_variacion_interanual,61.4,%,indec,2026-08-05T21:48:05.576542+00:00
AR,2021-09-01,Comunicación (202109),indec_08_indice,480.2655,indice,indec,2026-08-05T21:48:05.576542+00:00
AR,2021-09-01,Comunicación (202109),indec_08_variacion_mensual,2.8,%,indec,2026-08-05T21:48:05.576542+00:00
AR,2021-09-01,Comunicación (202109),indec_08_variacion_interanual,29.8,%,indec,2026-08-05T21:48:05.576542+00:00
AR,2021-09-01,Recreación y cultura (202109),indec_09_indice,518.8505,indice,indec,2026-08-05T21:48:05.576542+00:00
AR,2021-09-01,Recreación y cultura (202109),indec_09_variacion_mensual,3.8,%,indec,2026-08-05T21:48:05.576542+00:00
AR,2021-09-01,Recreación y cultura (202109),indec_09_variacion_interanual,52.0,%,indec,2026-08-05T21:48:05.576542+00:00
AR,2021-09-01,Educación (202109),indec_10_indice,463.9288,indice,indec,2026-08-05T21:48:05.576542+00:00
AR,2021-09-01,Educación (202109),indec_10_variacion_mensual,3.1,%,indec,2026-08-05T21:48:05.576542+00:00
AR,2021-09-01,Educación (202109),indec_10_variacion_interanual,52.1,%,indec,2026-08-05T21:48:05.576542+00:00
AR,2021-09-01,Restaurantes y hoteles (202109),indec_11_indice,496.8871,indice,indec,2026-08-05T21:48:05.576542+00:00
AR,2021-09-01,Restaurantes y hoteles (202109),indec_11_variacion_mensual,4.1,%,indec,2026-08-05T21:48:05.576542+00:00
AR,2021-09-01,Restaurantes y hoteles (202109),indec_11_variacion_interanual,59.5,%,indec,2026-08-05T21:48:05.576542+00:00
AR,2021-09-01,Bienes y servicios varios (202109),indec_12_indice,462.336,indice,indec,2026-08-05T21:48:05.576542+00:00
AR,2021-09-01,Bienes y servicios varios (202109),indec_12_variacion_mensual,2.2,%,indec,2026-08-05T21:48:05.576542+00:00
AR,2021-09-01,Bienes y servicios varios (202109),indec_12_variacion_interanual,35.9,%,indec,2026-08-05T21:48:05.576542+00:00
AR,2021-09-01,nan (202109),indec_Estacional_indice,535.3815,indice,indec,2026-08-05T21:48:05.576542+00:00
AR,2021-09-01,nan (202109),indec_Estacional_variacion_mensual,6.4,%,indec,2026-08-05T21:48:05.576542+00:00
AR,2021-09-01,nan (202109),indec_Estacional_variacion_interanual,50.8,%,indec,2026-08-05T21:48:05.576542+00:00
AR,2021-09-01,nan (202109),indec_Núcleo_indice,543.8748,indice,indec,2026-08-05T21:48:05.576542+00:00
AR,2021-09-01,nan (202109),indec_Núcleo_variacion_mensual,3.3,%,indec,2026-08-05T21:48:05.576542+00:00
AR,2021-09-01,nan (202109),indec_Núcleo_variacion_interanual,57.0,%,indec,2026-08-05T21:48:05.576542+00:00
AR,2021-09-01,nan (202109),indec_Regulados_indice,476.0569,indice,indec,2026-08-05T21:48:05.576542+00:00
AR,2021-09-01,nan (202109),indec_Regulados_variacion_mensual,3.0,%,indec,2026-08-05T21:48:05.576542+00:00
AR,2021-09-01,nan (202109),indec_Regulados_variacion_interanual,38.6,%,indec,2026-08-05T21:48:05.576542+00:00
AR,2021-09-01,nan (202109),indec_B_indice,570.0767,indice,indec,2026-08-05T21:48:05.576542+00:00
AR,2021-09-01,nan (202109),indec_B_variacion_mensual,3.5,%,indec,2026-08-05T21:48:05.576542+00:00
AR,2021-09-01,nan (202109),indec_B_variacion_interanual,56.4,%,indec,2026-08-05T21:48:05.576542+00:00
AR,2021-09-01,nan (202109),indec_S_indice,448.6131,indice,indec,2026-08-05T21:48:05.576542+00:00
AR,2021-09-01,nan (202109),indec_S_variacion_mensual,3.7,%,indec,2026-08-05T21:48:05.576542+00:00
AR,2021-09-01,nan (202109),indec_S_variacion_interanual,42.9,%,indec,2026-08-05T21:48:05.576542+00:00
AR,2021-10-01,NIVEL GENERAL (202110),indec_0_indice,547.0802,indice,indec,2026-08-05T21:48:05.576542+00:00
AR,2021-10-01,NIVEL GENERAL (202110),indec_0_variacion_mensual,3.5,%,indec,2026-08-05T21:48:05.576542+00:00
AR,2021-10-01,NIVEL GENERAL (202110),indec_0_variacion_interanual,52.1,%,indec,2026-08-05T21:48:05.576542+00:00
AR,2021-10-01,Alimentos y bebidas no alcohólicas (202110),indec_01_indice,572.3293,indice,indec,2026-08-05T21:48:05.576542+00:00
AR,2021-10-01,Alimentos y bebidas no alcohólicas (202110),indec_01_variacion_mensual,3.4,%,indec,2026-08-05T21:48:05.576542+00:00
AR,2021-10-01,Alimentos y bebidas no alcohólicas (202110),indec_01_variacion_interanual,51.4,%,indec,2026-08-05T21:48:05.576542+00:00
AR,2021-10-01,Bebidas alcohólicas y tabaco (202110),indec_02_indice,461.7273,indice,indec,2026-08-05T21:48:05.576542+00:00
AR,2021-10-01,Bebidas alcohólicas y tabaco (202110),indec_02_variacion_mensual,2.2,%,indec,2026-08-05T21:48:05.576542+00:00
AR,2021-10-01,Bebidas alcohólicas y tabaco (202110),indec_02_variacion_interanual,55.0,%,indec,2026-08-05T21:48:05.576542+00:00
AR,2021-10-01,Prendas de vestir y calzado (202110),indec_03_indice,569.4577,indice,indec,2026-08-05T21:48:05.576542+00:00
AR,2021-10-01,Prendas de vestir y calzado (202110),indec_03_variacion_mensual,5.1,%,indec,2026-08-05T21:48:05.576542+00:00
AR,2021-10-01,Prendas de vestir y calzado (202110),indec_03_variacion_interanual,62.2,%,indec,2026-08-05T21:48:05.576542+00:00
AR,2021-10-01,"Vivienda, agua, electricidad, gas y otros combustibles (202110)",indec_04_indice,456.979,indice,indec,2026-08-05T21:48:05.576542+00:00
AR,2021-10-01,"Vivienda, agua, electricidad, gas y otros combustibles (202110)",indec_04_variacion_mensual,2.5,%,indec,2026-08-05T21:48:05.576542+00:00
AR,2021-10-01,"Vivienda, agua, electricidad, gas y otros combustibles (202110)",indec_04_variacion_interanual,29.8,%,indec,2026-08-05T21:48:05.576542+00:00
AR,2021-10-01,Equipamiento y mantenimiento del hogar (202110),indec_05_indice,548.5192,indice,indec,2026-08-05T21:48:05.576542+00:00
AR,2021-10-01,Equipamiento y mantenimiento del hogar (202110),indec_05_variacion_mensual,2.8,%,indec,2026-08-05T21:48:05.576542+00:00
AR,2021-10-01,Equipamiento y mantenimiento del hogar (202110),indec_05_variacion_interanual,47.0,%,indec,2026-08-05T21:48:05.576542+00:00
AR,2021-10-01,Salud (202110),indec_06_indice,626.6749,indice,indec,2026-08-05T21:48:05.576542+00:00
AR,2021-10-01,Salud (202110),indec_06_variacion_mensual,4.7,%,indec,2026-08-05T21:48:05.576542+00:00
AR,2021-10-01,Salud (202110),indec_06_variacion_interanual,60.9,%,indec,2026-08-05T21:48:05.576542+00:00
AR,2021-10-01,Transporte (202110),indec_07_indice,594.2962,indice,indec,2026-08-05T21:48:05.576542+00:00
AR,2021-10-01,Transporte (202110),indec_07_variacion_mensual,3.1,%,indec,2026-08-05T21:48:05.576542+00:00
AR,2021-10-01,Transporte (202110),indec_07_variacion_interanual,59.8,%,indec,2026-08-05T21:48:05.576542+00:00
AR,2021-10-01,Comunicación (202110),indec_08_indice,485.73,indice,indec,2026-08-05T21:48:05.576542+00:00
AR,2021-10-01,Comunicación (202110),indec_08_variacion_mensual,1.1,%,indec,2026-08-05T21:48:05.576542+00:00
AR,2021-10-01,Comunicación (202110),indec_08_variacion_interanual,31.4,%,indec,2026-08-05T21:48:05.576542+00:00
AR,2021-10-01,Recreación y cultura (202110),indec_09_indice,539.5742,indice,indec,2026-08-05T21:48:05.576542+00:00
AR,2021-10-01,Recreación y cultura (202110),indec_09_variacion_mensual,4.0,%,indec,2026-08-05T21:48:05.576542+00:00
AR,2021-10-01,Recreación y cultura (202110),indec_09_variacion_interanual,54.1,%,indec,2026-08-05T21:48:05.576542+00:00
AR,2021-10-01,Educación (202110),indec_10_indice,470.3893,indice,indec,2026-08-05T21:48:05.576542+00:00
AR,2021-10-01,Educación (202110),indec_10_variacion_mensual,1.4,%,indec,2026-08-05T21:48:05.576542+00:00
AR,2021-10-01,Educación (202110),indec_10_variacion_interanual,54.0,%,indec,2026-08-05T21:48:05.576542+00:00
AR,2021-10-01,Restaurantes y hoteles (202110),indec_11_indice,517.4057,indice,indec,2026-08-05T21:48:05.576542+00:00
AR,2021-10-01,Restaurantes y hoteles (202110),indec_11_variacion_mensual,4.1,%,indec,2026-08-05T21:48:05.576542+00:00
AR,2021-10-01,Restaurantes y hoteles (202110),indec_11_variacion_interanual,60.6,%,indec,2026-08-05T21:48:05.576542+00:00
AR,2021-10-01,Bienes y servicios varios (202110),indec_12_indice,477.8239,indice,indec,2026-08-05T21:48:05.576542+00:00
AR,2021-10-01,Bienes y servicios varios (202110),indec_12_variacion_mensual,3.3,%,indec,2026-08-05T21:48:05.576542+00:00
AR,2021-10-01,Bienes y servicios varios (202110),indec_12_variacion_interanual,37.6,%,indec,2026-08-05T21:48:05.576542+00:00
AR,2021-10-01,nan (202110),indec_Estacional_indice,578.9276,indice,indec,2026-08-05T21:48:05.576542+00:00
AR,2021-10-01,nan (202110),indec_Estacional_variacion_mensual,8.1,%,indec,2026-08-05T21:48:05.576542+00:00
AR,2021-10-01,nan (202110),indec_Estacional_variacion_interanual,48.8,%,indec,2026-08-05T21:48:05.576542+00:00
AR,2021-10-01,nan (202110),indec_Núcleo_indice,561.2843,indice,indec,2026-08-05T21:48:05.576542+00:00
AR,2021-10-01,nan (202110),indec_Núcleo_variacion_mensual,3.2,%,indec,2026-08-05T21:48:05.576542+00:00
AR,2021-10-01,nan (202110),indec_Núcleo_variacion_interanual,56.6,%,indec,2026-08-05T21:48:05.576542+00:00
AR,2021-10-01,nan (202110),indec_Regulados_indice,485.2106,indice,indec,2026-08-05T21:48:05.576542+00:00
AR,2021-10-01,nan (202110),indec_Regulados_variacion_mensual,1.9,%,indec,2026-08-05T21:48:05.576542+00:00
AR,2021-10-01,nan (202110),indec_Regulados_variacion_interanual,39.2,%,indec,2026-08-05T21:48:05.576542+00:00
AR,2021-10-01,nan (202110),indec_B_indice,590.5328,indice,indec,2026-08-05T21:48:05.576542+00:00
AR,2021-10-01,nan (202110),indec_B_variacion_mensual,3.6,%,indec,2026-08-05T21:48:05.576542+00:00
AR,2021-10-01,nan (202110),indec_B_variacion_interanual,54.9,%,indec,2026-08-05T21:48:05.576542+00:00
AR,2021-10-01,nan (202110),indec_S_indice,463.3373,indice,indec,2026-08-05T21:48:05.576542+00:00
AR,2021-10-01,nan (202110),indec_S_variacion_mensual,3.3,%,indec,2026-08-05T21:48:05.576542+00:00
AR,2021-10-01,nan (202110),indec_S_variacion_interanual,44.8,%,indec,2026-08-05T21:48:05.576542+00:00
AR,2021-11-01,NIVEL GENERAL (202111),indec_0_indice,560.9184,indice,indec,2026-08-05T21:48:05.576542+00:00
AR,2021-11-01,NIVEL GENERAL (202111),indec_0_variacion_mensual,2.5,%,indec,2026-08-05T21:48:05.576542+00:00
AR,2021-11-01,NIVEL GENERAL (202111),indec_0_variacion_interanual,51.2,%,indec,2026-08-05T21:48:05.576542+00:00
AR,2021-11-01,Alimentos y bebidas no alcohólicas (202111),indec_01_indice,584.4717,indice,indec,2026-08-05T21:48:05.576542+00:00
AR,2021-11-01,Alimentos y bebidas no alcohólicas (202111),indec_01_variacion_mensual,2.1,%,indec,2026-08-05T21:48:05.576542+00:00
AR,2021-11-01,Alimentos y bebidas no alcohólicas (202111),indec_01_variacion_interanual,50.5,%,indec,2026-08-05T21:48:05.576542+00:00
AR,2021-11-01,Bebidas alcohólicas y tabaco (202111),indec_02_indice,466.8177,indice,indec,2026-08-05T21:48:05.576542+00:00
AR,2021-11-01,Bebidas alcohólicas y tabaco (202111),indec_02_variacion_mensual,1.1,%,indec,2026-08-05T21:48:05.576542+00:00
AR,2021-11-01,Bebidas alcohólicas y tabaco (202111),indec_02_variacion_interanual,52.2,%,indec,2026-08-05T21:48:05.576542+00:00
AR,2021-11-01,Prendas de vestir y calzado (202111),indec_03_indice,592.8289,indice,indec,2026-08-05T21:48:05.576542+00:00
AR,2021-11-01,Prendas de vestir y calzado (202111),indec_03_variacion_mensual,4.1,%,indec,2026-08-05T21:48:05.576542+00:00
AR,2021-11-01,Prendas de vestir y calzado (202111),indec_03_variacion_interanual,62.8,%,indec,2026-08-05T21:48:05.576542+00:00
AR,2021-11-01,"Vivienda, agua, electricidad, gas y otros combustibles (202111)",indec_04_indice,466.9551,indice,indec,2026-08-05T21:48:05.576542+00:00
AR,2021-11-01,"Vivienda, agua, electricidad, gas y otros combustibles (202111)",indec_04_variacion_mensual,2.2,%,indec,2026-08-05T21:48:05.576542+00:00
AR,2021-11-01,"Vivienda, agua, electricidad, gas y otros combustibles (202111)",indec_04_variacion_interanual,29.4,%,indec,2026-08-05T21:48:05.576542+00:00
AR,2021-11-01,Equipamiento y mantenimiento del hogar (202111),indec_05_indice,563.3426,indice,indec,2026-08-05T21:48:05.576542+00:00
AR,2021-11-01,Equipamiento y mantenimiento del hogar (202111),indec_05_variacion_mensual,2.7,%,indec,2026-08-05T21:48:05.576542+00:00
AR,2021-11-01,Equipamiento y mantenimiento del hogar (202111),indec_05_variacion_interanual,45.2,%,indec,2026-08-05T21:48:05.576542+00:00
AR,2021-11-01,Salud (202111),indec_06_indice,641.9374,indice,indec,2026-08-05T21:48:05.576542+00:00
AR,2021-11-01,Salud (202111),indec_06_variacion_mensual,2.4,%,indec,2026-08-05T21:48:05.576542+00:00
AR,2021-11-01,Salud (202111),indec_06_variacion_interanual,59.0,%,indec,2026-08-05T21:48:05.576542+00:00
AR,2021-11-01,Transporte (202111),indec_07_indice,607.3504,indice,indec,2026-08-05T21:48:05.576542+00:00
AR,2021-11-01,Transporte (202111),indec_07_variacion_mensual,2.2,%,indec,2026-08-05T21:48:05.576542+00:00
AR,2021-11-01,Transporte (202111),indec_07_variacion_interanual,57.6,%,indec,2026-08-05T21:48:05.576542+00:00
AR,2021-11-01,Comunicación (202111),indec_08_indice,489.7423,indice,indec,2026-08-05T21:48:05.576542+00:00
AR,2021-11-01,Comunicación (202111),indec_08_variacion_mensual,0.8,%,indec,2026-08-05T21:48:05.576542+00:00
AR,2021-11-01,Comunicación (202111),indec_08_variacion_interanual,33.3,%,indec,2026-08-05T21:48:05.576542+00:00
AR,2021-11-01,Recreación y cultura (202111),indec_09_indice,547.4789,indice,indec,2026-08-05T21:48:05.576542+00:00
AR,2021-11-01,Recreación y cultura (202111),indec_09_variacion_mensual,1.5,%,indec,2026-08-05T21:48:05.576542+00:00
AR,2021-11-01,Recreación y cultura (202111),indec_09_variacion_interanual,48.8,%,indec,2026-08-05T21:48:05.576542+00:00
AR,2021-11-01,Educación (202111),indec_10_indice,474.3662,indice,indec,2026-08-05T21:48:05.576542+00:00
AR,2021-11-01,Educación (202111),indec_10_variacion_mensual,0.8,%,indec,2026-08-05T21:48:05.576542+00:00
AR,2021-11-01,Educación (202111),indec_10_variacion_interanual,54.6,%,indec,2026-08-05T21:48:05.576542+00:00
AR,2021-11-01,Restaurantes y hoteles (202111),indec_11_indice,543.1712,indice,indec,2026-08-05T21:48:05.576542+00:00
AR,2021-11-01,Restaurantes y hoteles (202111),indec_11_variacion_mensual,5.0,%,indec,2026-08-05T21:48:05.576542+00:00
AR,2021-11-01,Restaurantes y hoteles (202111),indec_11_variacion_interanual,63.4,%,indec,2026-08-05T21:48:05.576542+00:00
AR,2021-11-01,Bienes y servicios varios (202111),indec_12_indice,487.5849,indice,indec,2026-08-05T21:48:05.576542+00:00
AR,2021-11-01,Bienes y servicios varios (202111),indec_12_variacion_mensual,2.0,%,indec,2026-08-05T21:48:05.576542+00:00
AR,2021-11-01,Bienes y servicios varios (202111),indec_12_variacion_interanual,36.8,%,indec,2026-08-05T21:48:05.576542+00:00
AR,2021-11-01,nan (202111),indec_Estacional_indice,581.892,indice,indec,2026-08-05T21:48:05.576542+00:00
AR,2021-11-01,nan (202111),indec_Estacional_variacion_mensual,0.5,%,indec,2026-08-05T21:48:05.576542+00:00
AR,2021-11-01,nan (202111),indec_Estacional_variacion_interanual,46.6,%,indec,2026-08-05T21:48:05.576542+00:00
AR,2021-11-01,nan (202111),indec_Núcleo_indice,579.5414,indice,indec,2026-08-05T21:48:05.576542+00:00
AR,2021-11-01,nan (202111),indec_Núcleo_variacion_mensual,3.3,%,indec,2026-08-05T21:48:05.576542+00:00
AR,2021-11-01,nan (202111),indec_Núcleo_variacion_interanual,55.5,%,indec,2026-08-05T21:48:05.576542+00:00
AR,2021-11-01,nan (202111),indec_Regulados_indice,490.2282,indice,indec,2026-08-05T21:48:05.576542+00:00
AR,2021-11-01,nan (202111),indec_Regulados_variacion_mensual,1.0,%,indec,2026-08-05T21:48:05.576542+00:00
AR,2021-11-01,nan (202111),indec_Regulados_variacion_interanual,39.0,%,indec,2026-08-05T21:48:05.576542+00:00
AR,2021-11-01,nan (202111),indec_B_indice,605.5459,indice,indec,2026-08-05T21:48:05.576542+00:00
AR,2021-11-01,nan (202111),indec_B_variacion_mensual,2.5,%,indec,2026-08-05T21:48:05.576542+00:00
AR,2021-11-01,nan (202111),indec_B_variacion_interanual,53.7,%,indec,2026-08-05T21:48:05.576542+00:00
AR,2021-11-01,nan (202111),indec_S_indice,474.6729,indice,indec,2026-08-05T21:48:05.576542+00:00
AR,2021-11-01,nan (202111),indec_S_variacion_mensual,2.4,%,indec,2026-08-05T21:48:05.576542+00:00
AR,2021-11-01,nan (202111),indec_S_variacion_interanual,44.7,%,indec,2026-08-05T21:48:05.576542+00:00
AR,2021-12-01,NIVEL GENERAL (202112),indec_0_indice,582.4575,indice,indec,2026-08-05T21:48:05.576542+00:00
AR,2021-12-01,NIVEL GENERAL (202112),indec_0_variacion_mensual,3.8,%,indec,2026-08-05T21:48:05.576542+00:00
AR,2021-12-01,NIVEL GENERAL (202112),indec_0_variacion_interanual,50.9,%,indec,2026-08-05T21:48:05.576542+00:00
AR,2021-12-01,Alimentos y bebidas no alcohólicas (202112),indec_01_indice,609.3311,indice,indec,2026-08-05T21:48:05.576542+00:00
AR,2021-12-01,Alimentos y bebidas no alcohólicas (202112),indec_01_variacion_mensual,4.3,%,indec,2026-08-05T21:48:05.576542+00:00
AR,2021-12-01,Alimentos y bebidas no alcohólicas (202112),indec_01_variacion_interanual,50.3,%,indec,2026-08-05T21:48:05.576542+00:00
AR,2021-12-01,Bebidas alcohólicas y tabaco (202112),indec_02_indice,491.9092,indice,indec,2026-08-05T21:48:05.576542+00:00
AR,2021-12-01,Bebidas alcohólicas y tabaco (202112),indec_02_variacion_mensual,5.4,%,indec,2026-08-05T21:48:05.576542+00:00
AR,2021-12-01,Bebidas alcohólicas y tabaco (202112),indec_02_variacion_interanual,55.1,%,indec,2026-08-05T21:48:05.576542+00:00
AR,2021-12-01,Prendas de vestir y calzado (202112),indec_03_indice,621.094,indice,indec,2026-08-05T21:48:05.576542+00:00
AR,2021-12-01,Prendas de vestir y calzado (202112),indec_03_variacion_mensual,4.8,%,indec,2026-08-05T21:48:05.576542+00:00
AR,2021-12-01,Prendas de vestir y calzado (202112),indec_03_variacion_interanual,64.6,%,indec,2026-08-05T21:48:05.576542+00:00
AR,2021-12-01,"Vivienda, agua, electricidad, gas y otros combustibles (202112)",indec_04_indice,476.8025,indice,indec,2026-08-05T21:48:05.576542+00:00
AR,2021-12-01,"Vivienda, agua, electricidad, gas y otros combustibles (202112)",indec_04_variacion_mensual,2.1,%,indec,2026-08-05T21:48:05.576542+00:00
AR,2021-12-01,"Vivienda, agua, electricidad, gas y otros combustibles (202112)",indec_04_variacion_interanual,28.3,%,indec,2026-08-05T21:48:05.576542+00:00
AR,2021-12-01,Equipamiento y mantenimiento del hogar (202112),indec_05_indice,582.338,indice,indec,2026-08-05T21:48:05.576542+00:00
AR,2021-12-01,Equipamiento y mantenimiento del hogar (202112),indec_05_variacion_mensual,3.4,%,indec,2026-08-05T21:48:05.576542+00:00
AR,2021-12-01,Equipamiento y mantenimiento del hogar (202112),indec_05_variacion_interanual,46.6,%,indec,2026-08-05T21:48:05.576542+00:00
AR,2021-12-01,Salud (202112),indec_06_indice,645.1434,indice,indec,2026-08-05T21:48:05.576542+00:00
AR,2021-12-01,Salud (202112),indec_06_variacion_mensual,0.5,%,indec,2026-08-05T21:48:05.576542+00:00
AR,2021-12-01,Salud (202112),indec_06_variacion_interanual,51.8,%,indec,2026-08-05T21:48:05.576542+00:00
AR,2021-12-01,Transporte (202112),indec_07_indice,637.3158,indice,indec,2026-08-05T21:48:05.576542+00:00
AR,2021-12-01,Transporte (202112),indec_07_variacion_mensual,4.9,%,indec,2026-08-05T21:48:05.576542+00:00
AR,2021-12-01,Transporte (202112),indec_07_variacion_interanual,57.6,%,indec,2026-08-05T21:48:05.576542+00:00
AR,2021-12-01,Comunicación (202112),indec_08_indice,498.8013,indice,indec,2026-08-05T21:48:05.576542+00:00
AR,2021-12-01,Comunicación (202112),indec_08_variacion_mensual,1.8,%,indec,2026-08-05T21:48:05.576542+00:00
AR,2021-12-01,Comunicación (202112),indec_08_variacion_interanual,35.8,%,indec,2026-08-05T21:48:05.576542+00:00
AR,2021-12-01,Recreación y cultura (202112),indec_09_indice,569.1202,indice,indec,2026-08-05T21:48:05.576542+00:00
AR,2021-12-01,Recreación y cultura (202112),indec_09_variacion_mensual,4.0,%,indec,2026-08-05T21:48:05.576542+00:00
AR,2021-12-01,Recreación y cultura (202112),indec_09_variacion_interanual,47.0,%,indec,2026-08-05T21:48:05.576542+00:00
AR,2021-12-01,Educación (202112),indec_10_indice,479.1164,indice,indec,2026-08-05T21:48:05.576542+00:00
AR,2021-12-01,Educación (202112),indec_10_variacion_mensual,1.0,%,indec,2026-08-05T21:48:05.576542+00:00
AR,2021-12-01,Educación (202112),indec_10_variacion_interanual,56.1,%,indec,2026-08-05T21:48:05.576542+00:00
AR,2021-12-01,Restaurantes y hoteles (202112),indec_11_indice,575.1289,indice,indec,2026-08-05T21:48:05.576542+00:00
AR,2021-12-01,Restaurantes y hoteles (202112),indec_11_variacion_mensual,5.9,%,indec,2026-08-05T21:48:05.576542+00:00
AR,2021-12-01,Restaurantes y hoteles (202112),indec_11_variacion_interanual,65.4,%,indec,2026-08-05T21:48:05.576542+00:00
AR,2021-12-01,Bienes y servicios varios (202112),indec_12_indice,503.0842,indice,indec,2026-08-05T21:48:05.576542+00:00
AR,2021-12-01,Bienes y servicios varios (202112),indec_12_variacion_mensual,3.2,%,indec,2026-08-05T21:48:05.576542+00:00
AR,2021-12-01,Bienes y servicios varios (202112),indec_12_variacion_interanual,38.8,%,indec,2026-08-05T21:48:05.576542+00:00
AR,2021-12-01,nan (202112),indec_Estacional_indice,603.6269,indice,indec,2026-08-05T21:48:05.576542+00:00
AR,2021-12-01,nan (202112),indec_Estacional_variacion_mensual,3.7,%,indec,2026-08-05T21:48:05.576542+00:00
AR,2021-12-01,nan (202112),indec_Estacional_variacion_interanual,50.1,%,indec,2026-08-05T21:48:05.576542+00:00
AR,2021-12-01,nan (202112),indec_Núcleo_indice,605.1759,indice,indec,2026-08-05T21:48:05.576542+00:00
AR,2021-12-01,nan (202112),indec_Núcleo_variacion_mensual,4.4,%,indec,2026-08-05T21:48:05.576542+00:00
AR,2021-12-01,nan (202112),indec_Núcleo_variacion_interanual,54.9,%,indec,2026-08-05T21:48:05.576542+00:00
AR,2021-12-01,nan (202112),indec_Regulados_indice,498.6315,indice,indec,2026-08-05T21:48:05.576542+00:00
AR,2021-12-01,nan (202112),indec_Regulados_variacion_mensual,1.7,%,indec,2026-08-05T21:48:05.576542+00:00
AR,2021-12-01,nan (202112),indec_Regulados_variacion_interanual,37.7,%,indec,2026-08-05T21:48:05.576542+00:00
AR,2021-12-01,nan (202112),indec_B_indice,628.9364,indice,indec,2026-08-05T21:48:05.576542+00:00
AR,2021-12-01,nan (202112),indec_B_variacion_mensual,3.9,%,indec,2026-08-05T21:48:05.576542+00:00
AR,2021-12-01,nan (202112),indec_B_variacion_interanual,53.7,%,indec,2026-08-05T21:48:05.576542+00:00
AR,2021-12-01,nan (202112),indec_S_indice,492.1334,indice,indec,2026-08-05T21:48:05.576542+00:00
AR,2021-12-01,nan (202112),indec_S_variacion_mensual,3.7,%,indec,2026-08-05T21:48:05.576542+00:00
AR,2021-12-01,nan (202112),indec_S_variacion_interanual,44.2,%,indec,2026-08-05T21:48:05.576542+00:00
AR,2022-01-01,NIVEL GENERAL (202201),indec_0_indice,605.0317,indice,indec,2026-08-05T21:48:05.576542+00:00
AR,2022-01-01,NIVEL GENERAL (202201),indec_0_variacion_mensual,3.9,%,indec,2026-08-05T21:48:05.576542+00:00
AR,2022-01-01,NIVEL GENERAL (202201),indec_0_variacion_interanual,50.7,%,indec,2026-08-05T21:48:05.576542+00:00
AR,2022-01-01,Alimentos y bebidas no alcohólicas (202201),indec_01_indice,639.405,indice,indec,2026-08-05T21:48:05.576542+00:00
AR,2022-01-01,Alimentos y bebidas no alcohólicas (202201),indec_01_variacion_mensual,4.9,%,indec,2026-08-05T21:48:05.576542+00:00
AR,2022-01-01,Alimentos y bebidas no alcohólicas (202201),indec_01_variacion_interanual,50.5,%,indec,2026-08-05T21:48:05.576542+00:00
AR,2022-01-01,Bebidas alcohólicas y tabaco (202201),indec_02_indice,500.7578,indice,indec,2026-08-05T21:48:05.576542+00:00
AR,2022-01-01,Bebidas alcohólicas y tabaco (202201),indec_02_variacion_mensual,1.8,%,indec,2026-08-05T21:48:05.576542+00:00
AR,2022-01-01,Bebidas alcohólicas y tabaco (202201),indec_02_variacion_interanual,51.1,%,indec,2026-08-05T21:48:05.576542+00:00
AR,2022-01-01,Prendas de vestir y calzado (202201),indec_03_indice,635.994,indice,indec,2026-08-05T21:48:05.576542+00:00
AR,2022-01-01,Prendas de vestir y calzado (202201),indec_03_variacion_mensual,2.4,%,indec,2026-08-05T21:48:05.576542+00:00
AR,2022-01-01,Prendas de vestir y calzado (202201),indec_03_variacion_interanual,66.3,%,indec,2026-08-05T21:48:05.576542+00:00
AR,2022-01-01,"Vivienda, agua, electricidad, gas y otros combustibles (202201)",indec_04_indice,485.193,indice,indec,2026-08-05T21:48:05.576542+00:00
AR,2022-01-01,"Vivienda, agua, electricidad, gas y otros combustibles (202201)",indec_04_variacion_mensual,1.8,%,indec,2026-08-05T21:48:05.576542+00:00
AR,2022-01-01,"Vivienda, agua, electricidad, gas y otros combustibles (202201)",indec_04_variacion_interanual,29.1,%,indec,2026-08-05T21:48:05.576542+00:00
AR,2022-01-01,Equipamiento y mantenimiento del hogar (202201),indec_05_indice,601.6662,indice,indec,2026-08-05T21:48:05.576542+00:00
AR,2022-01-01,Equipamiento y mantenimiento del hogar (202201),indec_05_variacion_mensual,3.3,%,indec,2026-08-05T21:48:05.576542+00:00
AR,2022-01-01,Equipamiento y mantenimiento del hogar (202201),indec_05_variacion_interanual,47.1,%,indec,2026-08-05T21:48:05.576542+00:00
AR,2022-01-01,Salud (202201),indec_06_indice,671.6729,indice,indec,2026-08-05T21:48:05.576542+00:00
AR,2022-01-01,Salud (202201),indec_06_variacion_mensual,4.1,%,indec,2026-08-05T21:48:05.576542+00:00
AR,2022-01-01,Salud (202201),indec_06_variacion_interanual,52.9,%,indec,2026-08-05T21:48:05.576542+00:00
AR,2022-01-01,Transporte (202201),indec_07_indice,654.8718,indice,indec,2026-08-05T21:48:05.576542+00:00
AR,2022-01-01,Transporte (202201),indec_07_variacion_mensual,2.8,%,indec,2026-08-05T21:48:05.576542+00:00
AR,2022-01-01,Transporte (202201),indec_07_variacion_interanual,54.9,%,indec,2026-08-05T21:48:05.576542+00:00
AR,2022-01-01,Comunicación (202201),indec_08_indice,536.1267,indice,indec,2026-08-05T21:48:05.576542+00:00
AR,2022-01-01,Comunicación (202201),indec_08_variacion_mensual,7.5,%,indec,2026-08-05T21:48:05.576542+00:00
AR,2022-01-01,Comunicación (202201),indec_08_variacion_interanual,26.8,%,indec,2026-08-05T21:48:05.576542+00:00
AR,2022-01-01,Recreación y cultura (202201),indec_09_indice,593.0751,indice,indec,2026-08-05T21:48:05.576542+00:00
AR,2022-01-01,Recreación y cultura (202201),indec_09_variacion_mensual,4.2,%,indec,2026-08-05T21:48:05.576542+00:00
AR,2022-01-01,Recreación y cultura (202201),indec_09_variacion_interanual,46.2,%,indec,2026-08-05T21:48:05.576542+00:00
AR,2022-01-01,Educación (202201),indec_10_indice,482.7713,indice,indec,2026-08-05T21:48:05.576542+00:00
AR,2022-01-01,Educación (202201),indec_10_variacion_mensual,0.8,%,indec,2026-08-05T21:48:05.576542+00:00
AR,2022-01-01,Educación (202201),indec_10_variacion_interanual,56.4,%,indec,2026-08-05T21:48:05.576542+00:00
AR,2022-01-01,Restaurantes y hoteles (202201),indec_11_indice,607.7867,indice,indec,2026-08-05T21:48:05.576542+00:00
AR,2022-01-01,Restaurantes y hoteles (202201),indec_11_variacion_mensual,5.7,%,indec,2026-08-05T21:48:05.576542+00:00
AR,2022-01-01,Restaurantes y hoteles (202201),indec_11_variacion_interanual,65.8,%,indec,2026-08-05T21:48:05.576542+00:00
AR,2022-01-01,Bienes y servicios varios (202201),indec_12_indice,524.7001,indice,indec,2026-08-05T21:48:05.576542+00:00
AR,2022-01-01,Bienes y servicios varios (202201),indec_12_variacion_mensual,4.3,%,indec,2026-08-05T21:48:05.576542+00:00
AR,2022-01-01,Bienes y servicios varios (202201),indec_12_variacion_interanual,41.8,%,indec,2026-08-05T21:48:05.576542+00:00
AR,2022-01-01,nan (202201),indec_Estacional_indice,658.2543,indice,indec,2026-08-05T21:48:05.576542+00:00
AR,2022-01-01,nan (202201),indec_Estacional_variacion_mensual,9.0,%,indec,2026-08-05T21:48:05.576542+00:00
AR,2022-01-01,nan (202201),indec_Estacional_variacion_interanual,58.9,%,indec,2026-08-05T21:48:05.576542+00:00
AR,2022-01-01,nan (202201),indec_Núcleo_indice,625.1594,indice,indec,2026-08-05T21:48:05.576542+00:00
AR,2022-01-01,nan (202201),indec_Núcleo_variacion_mensual,3.3,%,indec,2026-08-05T21:48:05.576542+00:00
AR,2022-01-01,nan (202201),indec_Núcleo_variacion_interanual,54.0,%,indec,2026-08-05T21:48:05.576542+00:00
AR,2022-01-01,nan (202201),indec_Regulados_indice,512.3766,indice,indec,2026-08-05T21:48:05.576542+00:00
AR,2022-01-01,nan (202201),indec_Regulados_variacion_mensual,2.8,%,indec,2026-08-05T21:48:05.576542+00:00
AR,2022-01-01,nan (202201),indec_Regulados_variacion_interanual,34.6,%,indec,2026-08-05T21:48:05.576542+00:00
AR,2022-01-01,nan (202201),indec_B_indice,653.0302,indice,indec,2026-08-05T21:48:05.576542+00:00
AR,2022-01-01,nan (202201),indec_B_variacion_mensual,3.8,%,indec,2026-08-05T21:48:05.576542+00:00
AR,2022-01-01,nan (202201),indec_B_variacion_interanual,53.1,%,indec,2026-08-05T21:48:05.576542+00:00
AR,2022-01-01,nan (202201),indec_S_indice,511.9611,indice,indec,2026-08-05T21:48:05.576542+00:00
AR,2022-01-01,nan (202201),indec_S_variacion_mensual,4.0,%,indec,2026-08-05T21:48:05.576542+00:00
AR,2022-01-01,nan (202201),indec_S_variacion_interanual,44.5,%,indec,2026-08-05T21:48:05.576542+00:00
AR,2022-02-01,NIVEL GENERAL (202202),indec_0_indice,633.4341,indice,indec,2026-08-05T21:48:05.576542+00:00
AR,2022-02-01,NIVEL GENERAL (202202),indec_0_variacion_mensual,4.7,%,indec,2026-08-05T21:48:05.576542+00:00
AR,2022-02-01,NIVEL GENERAL (202202),indec_0_variacion_interanual,52.3,%,indec,2026-08-05T21:48:05.576542+00:00
AR,2022-02-01,Alimentos y bebidas no alcohólicas (202202),indec_01_indice,687.1658,indice,indec,2026-08-05T21:48:05.576542+00:00
AR,2022-02-01,Alimentos y bebidas no alcohólicas (202202),indec_01_variacion_mensual,7.5,%,indec,2026-08-05T21:48:05.576542+00:00
AR,2022-02-01,Alimentos y bebidas no alcohólicas (202202),indec_01_variacion_interanual,55.8,%,indec,2026-08-05T21:48:05.576542+00:00
AR,2022-02-01,Bebidas alcohólicas y tabaco (202202),indec_02_indice,514.0762,indice,indec,2026-08-05T21:48:05.576542+00:00
AR,2022-02-01,Bebidas alcohólicas y tabaco (202202),indec_02_variacion_mensual,2.7,%,indec,2026-08-05T21:48:05.576542+00:00
AR,2022-02-01,Bebidas alcohólicas y tabaco (202202),indec_02_variacion_interanual,49.7,%,indec,2026-08-05T21:48:05.576542+00:00
AR,2022-02-01,Prendas de vestir y calzado (202202),indec_03_indice,657.5762,indice,indec,2026-08-05T21:48:05.576542+00:00
AR,2022-02-01,Prendas de vestir y calzado (202202),indec_03_variacion_mensual,3.4,%,indec,2026-08-05T21:48:05.576542+00:00
AR,2022-02-01,Prendas de vestir y calzado (202202),indec_03_variacion_interanual,67.2,%,indec,2026-08-05T21:48:05.576542+00:00
AR,2022-02-01,"Vivienda, agua, electricidad, gas y otros combustibles (202202)",indec_04_indice,498.9476,indice,indec,2026-08-05T21:48:05.576542+00:00
AR,2022-02-01,"Vivienda, agua, electricidad, gas y otros combustibles (202202)",indec_04_variacion_mensual,2.8,%,indec,2026-08-05T21:48:05.576542+00:00
AR,2022-02-01,"Vivienda, agua, electricidad, gas y otros combustibles (202202)",indec_04_variacion_interanual,30.1,%,indec,2026-08-05T21:48:05.576542+00:00
AR,2022-02-01,Equipamiento y mantenimiento del hogar (202202),indec_05_indice,628.3237,indice,indec,2026-08-05T21:48:05.576542+00:00
AR,2022-02-01,Equipamiento y mantenimiento del hogar (202202),indec_05_variacion_mensual,4.4,%,indec,2026-08-05T21:48:05.576542+00:00
AR,2022-02-01,Equipamiento y mantenimiento del hogar (202202),indec_05_variacion_interanual,46.9,%,indec,2026-08-05T21:48:05.576542+00:00
AR,2022-02-01,Salud (202202),indec_06_indice,696.1161,indice,indec,2026-08-05T21:48:05.576542+00:00
AR,2022-02-01,Salud (202202),indec_06_variacion_mensual,3.6,%,indec,2026-08-05T21:48:05.576542+00:00
AR,2022-02-01,Salud (202202),indec_06_variacion_interanual,53.1,%,indec,2026-08-05T21:48:05.576542+00:00
AR,2022-02-01,Transporte (202202),indec_07_indice,687.1919,indice,indec,2026-08-05T21:48:05.576542+00:00
AR,2022-02-01,Transporte (202202),indec_07_variacion_mensual,4.9,%,indec,2026-08-05T21:48:05.576542+00:00
AR,2022-02-01,Transporte (202202),indec_07_variacion_interanual,55.0,%,indec,2026-08-05T21:48:05.576542+00:00
AR,2022-02-01,Comunicación (202202),indec_08_indice,544.0338,indice,indec,2026-08-05T21:48:05.576542+00:00
AR,2022-02-01,Comunicación (202202),indec_08_variacion_mensual,1.5,%,indec,2026-08-05T21:48:05.576542+00:00
AR,2022-02-01,Comunicación (202202),indec_08_variacion_interanual,26.3,%,indec,2026-08-05T21:48:05.576542+00:00
AR,2022-02-01,Recreación y cultura (202202),indec_09_indice,606.6697,indice,indec,2026-08-05T21:48:05.576542+00:00
AR,2022-02-01,Recreación y cultura (202202),indec_09_variacion_mensual,2.3,%,indec,2026-08-05T21:48:05.576542+00:00
AR,2022-02-01,Recreación y cultura (202202),indec_09_variacion_interanual,46.2,%,indec,2026-08-05T21:48:05.576542+00:00
AR,2022-02-01,Educación (202202),indec_10_indice,495.5553,indice,indec,2026-08-05T21:48:05.576542+00:00
AR,2022-02-01,Educación (202202),indec_10_variacion_mensual,2.6,%,indec,2026-08-05T21:48:05.576542+00:00
AR,2022-02-01,Educación (202202),indec_10_variacion_interanual,60.4,%,indec,2026-08-05T21:48:05.576542+00:00
AR,2022-02-01,Restaurantes y hoteles (202202),indec_11_indice,634.0233,indice,indec,2026-08-05T21:48:05.576542+00:00
AR,2022-02-01,Restaurantes y hoteles (202202),indec_11_variacion_mensual,4.3,%,indec,2026-08-05T21:48:05.576542+00:00
AR,2022-02-01,Restaurantes y hoteles (202202),indec_11_variacion_interanual,64.1,%,indec,2026-08-05T21:48:05.576542+00:00
AR,2022-02-01,Bienes y servicios varios (202202),indec_12_indice,547.448,indice,indec,2026-08-05T21:48:05.576542+00:00
AR,2022-02-01,Bienes y servicios varios (202202),indec_12_variacion_mensual,4.3,%,indec,2026-08-05T21:48:05.576542+00:00
AR,2022-02-01,Bienes y servicios varios (202202),indec_12_variacion_interanual,43.3,%,indec,2026-08-05T21:48:05.576542+00:00
AR,2022-02-01,nan (202202),indec_Estacional_indice,713.7013,indice,indec,2026-08-05T21:48:05.576542+00:00
AR,2022-02-01,nan (202202),indec_Estacional_variacion_mensual,8.4,%,indec,2026-08-05T21:48:05.576542+00:00
AR,2022-02-01,nan (202202),indec_Estacional_variacion_interanual,67.0,%,indec,2026-08-05T21:48:05.576542+00:00
AR,2022-02-01,nan (202202),indec_Núcleo_indice,652.9838,indice,indec,2026-08-05T21:48:05.576542+00:00
AR,2022-02-01,nan (202202),indec_Núcleo_variacion_mensual,4.5,%,indec,2026-08-05T21:48:05.576542+00:00
AR,2022-02-01,nan (202202),indec_Núcleo_variacion_interanual,54.5,%,indec,2026-08-05T21:48:05.576542+00:00
AR,2022-02-01,nan (202202),indec_Regulados_indice,528.2683,indice,indec,2026-08-05T21:48:05.576542+00:00
AR,2022-02-01,nan (202202),indec_Regulados_variacion_mensual,3.1,%,indec,2026-08-05T21:48:05.576542+00:00
AR,2022-02-01,nan (202202),indec_Regulados_variacion_interanual,35.8,%,indec,2026-08-05T21:48:05.576542+00:00
AR,2022-02-01,nan (202202),indec_B_indice,688.9779,indice,indec,2026-08-05T21:48:05.576542+00:00
AR,2022-02-01,nan (202202),indec_B_variacion_mensual,5.5,%,indec,2026-08-05T21:48:05.576542+00:00
AR,2022-02-01,nan (202202),indec_B_variacion_interanual,55.3,%,indec,2026-08-05T21:48:05.576542+00:00
AR,2022-02-01,nan (202202),indec_S_indice,526.332,indice,indec,2026-08-05T21:48:05.576542+00:00
AR,2022-02-01,nan (202202),indec_S_variacion_mensual,2.8,%,indec,2026-08-05T21:48:05.576542+00:00
AR,2022-02-01,nan (202202),indec_S_variacion_interanual,44.9,%,indec,2026-08-05T21:48:05.576542+00:00
AR,2022-03-01,NIVEL GENERAL (202203),indec_0_indice,676.0566,indice,indec,2026-08-05T21:48:05.576542+00:00
AR,2022-03-01,NIVEL GENERAL (202203),indec_0_variacion_mensual,6.7,%,indec,2026-08-05T21:48:05.576542+00:00
AR,2022-03-01,NIVEL GENERAL (202203),indec_0_variacion_interanual,55.1,%,indec,2026-08-05T21:48:05.576542+00:00
AR,2022-03-01,Alimentos y bebidas no alcohólicas (202203),indec_01_indice,736.9451,indice,indec,2026-08-05T21:48:05.576542+00:00
AR,2022-03-01,Alimentos y bebidas no alcohólicas (202203),indec_01_variacion_mensual,7.2,%,indec,2026-08-05T21:48:05.576542+00:00
AR,2022-03-01,Alimentos y bebidas no alcohólicas (202203),indec_01_variacion_interanual,59.7,%,indec,2026-08-05T21:48:05.576542+00:00
AR,2022-03-01,Bebidas alcohólicas y tabaco (202203),indec_02_indice,543.6306,indice,indec,2026-08-05T21:48:05.576542+00:00
AR,2022-03-01,Bebidas alcohólicas y tabaco (202203),indec_02_variacion_mensual,5.7,%,indec,2026-08-05T21:48:05.576542+00:00
AR,2022-03-01,Bebidas alcohólicas y tabaco (202203),indec_02_variacion_interanual,48.8,%,indec,2026-08-05T21:48:05.576542+00:00
AR,2022-03-01,Prendas de vestir y calzado (202203),indec_03_indice,728.959,indice,indec,2026-08-05T21:48:05.576542+00:00
AR,2022-03-01,Prendas de vestir y calzado (202203),indec_03_variacion_mensual,10.9,%,indec,2026-08-05T21:48:05.576542+00:00
AR,2022-03-01,Prendas de vestir y calzado (202203),indec_03_variacion_interanual,67.3,%,indec,2026-08-05T21:48:05.576542+00:00
AR,2022-03-01,"Vivienda, agua, electricidad, gas y otros combustibles (202203)",indec_04_indice,537.1626,indice,indec,2026-08-05T21:48:05.576542+00:00
AR,2022-03-01,"Vivienda, agua, electricidad, gas y otros combustibles (202203)",indec_04_variacion_mensual,7.7,%,indec,2026-08-05T21:48:05.576542+00:00
AR,2022-03-01,"Vivienda, agua, electricidad, gas y otros combustibles (202203)",indec_04_variacion_interanual,38.3,%,indec,2026-08-05T21:48:05.576542+00:00
AR,2022-03-01,Equipamiento y mantenimiento del hogar (202203),indec_05_indice,655.8863,indice,indec,2026-08-05T21:48:05.576542+00:00
AR,2022-03-01,Equipamiento y mantenimiento del hogar (202203),indec_05_variacion_mensual,4.4,%,indec,2026-08-05T21:48:05.576542+00:00
AR,2022-03-01,Equipamiento y mantenimiento del hogar (202203),indec_05_variacion_interanual,48.7,%,indec,2026-08-05T21:48:05.576542+00:00
AR,2022-03-01,Salud (202203),indec_06_indice,730.5922,indice,indec,2026-08-05T21:48:05.576542+00:00
AR,2022-03-01,Salud (202203),indec_06_variacion_mensual,5.0,%,indec,2026-08-05T21:48:05.576542+00:00
AR,2022-03-01,Salud (202203),indec_06_variacion_interanual,54.5,%,indec,2026-08-05T21:48:05.576542+00:00
AR,2022-03-01,Transporte (202203),indec_07_indice,724.8465,indice,indec,2026-08-05T21:48:05.576542+00:00
AR,2022-03-01,Transporte (202203),indec_07_variacion_mensual,5.5,%,indec,2026-08-05T21:48:05.576542+00:00
AR,2022-03-01,Transporte (202203),indec_07_variacion_interanual,56.9,%,indec,2026-08-05T21:48:05.576542+00:00
AR,2022-03-01,Comunicación (202203),indec_08_indice,562.7616,indice,indec,2026-08-05T21:48:05.576542+00:00
AR,2022-03-01,Comunicación (202203),indec_08_variacion_mensual,3.4,%,indec,2026-08-05T21:48:05.576542+00:00
AR,2022-03-01,Comunicación (202203),indec_08_variacion_interanual,30.6,%,indec,2026-08-05T21:48:05.576542+00:00
AR,2022-03-01,Recreación y cultura (202203),indec_09_indice,626.8734,indice,indec,2026-08-05T21:48:05.576542+00:00
AR,2022-03-01,Recreación y cultura (202203),indec_09_variacion_mensual,3.3,%,indec,2026-08-05T21:48:05.576542+00:00
AR,2022-03-01,Recreación y cultura (202203),indec_09_variacion_interanual,43.4,%,indec,2026-08-05T21:48:05.576542+00:00
AR,2022-03-01,Educación (202203),indec_10_indice,612.6821,indice,indec,2026-08-05T21:48:05.576542+00:00
AR,2022-03-01,Educación (202203),indec_10_variacion_mensual,23.6,%,indec,2026-08-05T21:48:05.576542+00:00
AR,2022-03-01,Educación (202203),indec_10_variacion_interanual,54.3,%,indec,2026-08-05T21:48:05.576542+00:00
AR,2022-03-01,Restaurantes y hoteles (202203),indec_11_indice,668.4613,indice,indec,2026-08-05T21:48:05.576542+00:00
AR,2022-03-01,Restaurantes y hoteles (202203),indec_11_variacion_mensual,5.4,%,indec,2026-08-05T21:48:05.576542+00:00
AR,2022-03-01,Restaurantes y hoteles (202203),indec_11_variacion_interanual,67.8,%,indec,2026-08-05T21:48:05.576542+00:00
AR,2022-03-01,Bienes y servicios varios (202203),indec_12_indice,577.6959,indice,indec,2026-08-05T21:48:05.576542+00:00
AR,2022-03-01,Bienes y servicios varios (202203),indec_12_variacion_mensual,5.5,%,indec,2026-08-05T21:48:05.576542+00:00
AR,2022-03-01,Bienes y servicios varios (202203),indec_12_variacion_interanual,48.0,%,indec,2026-08-05T21:48:05.576542+00:00
AR,2022-03-01,nan (202203),indec_Estacional_indice,757.8963,indice,indec,2026-08-05T21:48:05.576542+00:00
AR,2022-03-01,nan (202203),indec_Estacional_variacion_mensual,6.2,%,indec,2026-08-05T21:48:05.576542+00:00
AR,2022-03-01,nan (202203),indec_Estacional_variacion_interanual,65.5,%,indec,2026-08-05T21:48:05.576542+00:00
AR,2022-03-01,nan (202203),indec_Núcleo_indice,694.7515,indice,indec,2026-08-05T21:48:05.576542+00:00
AR,2022-03-01,nan (202203),indec_Núcleo_variacion_mensual,6.4,%,indec,2026-08-05T21:48:05.576542+00:00
AR,2022-03-01,nan (202203),indec_Núcleo_variacion_interanual,57.3,%,indec,2026-08-05T21:48:05.576542+00:00
AR,2022-03-01,nan (202203),indec_Regulados_indice,572.7992,indice,indec,2026-08-05T21:48:05.576542+00:00
AR,2022-03-01,nan (202203),indec_Regulados_variacion_mensual,8.4,%,indec,2026-08-05T21:48:05.576542+00:00
AR,2022-03-01,nan (202203),indec_Regulados_variacion_interanual,40.9,%,indec,2026-08-05T21:48:05.576542+00:00
AR,2022-03-01,nan (202203),indec_B_indice,735.3863,indice,indec,2026-08-05T21:48:05.576542+00:00
AR,2022-03-01,nan (202203),indec_B_variacion_mensual,6.7,%,indec,2026-08-05T21:48:05.576542+00:00
AR,2022-03-01,nan (202203),indec_B_variacion_interanual,57.8,%,indec,2026-08-05T21:48:05.576542+00:00
AR,2022-03-01,nan (202203),indec_S_indice,561.416,indice,indec,2026-08-05T21:48:05.576542+00:00
AR,2022-03-01,nan (202203),indec_S_variacion_mensual,6.7,%,indec,2026-08-05T21:48:05.576542+00:00
AR,2022-03-01,nan (202203),indec_S_variacion_interanual,48.1,%,indec,2026-08-05T21:48:05.576542+00:00
AR,2022-04-01,NIVEL GENERAL (202204),indec_0_indice,716.9399,indice,indec,2026-08-05T21:48:05.576542+00:00
AR,2022-04-01,NIVEL GENERAL (202204),indec_0_variacion_mensual,6.0,%,indec,2026-08-05T21:48:05.576542+00:00
AR,2022-04-01,NIVEL GENERAL (202204),indec_0_variacion_interanual,58.0,%,indec,2026-08-05T21:48:05.576542+00:00
AR,2022-04-01,Alimentos y bebidas no alcohólicas (202204),indec_01_indice,780.1457,indice,indec,2026-08-05T21:48:05.576542+00:00
AR,2022-04-01,Alimentos y bebidas no alcohólicas (202204),indec_01_variacion_mensual,5.9,%,indec,2026-08-05T21:48:05.576542+00:00
AR,2022-04-01,Alimentos y bebidas no alcohólicas (202204),indec_01_variacion_interanual,62.1,%,indec,2026-08-05T21:48:05.576542+00:00
AR,2022-04-01,Bebidas alcohólicas y tabaco (202204),indec_02_indice,561.8137,indice,indec,2026-08-05T21:48:05.576542+00:00
AR,2022-04-01,Bebidas alcohólicas y tabaco (202204),indec_02_variacion_mensual,3.3,%,indec,2026-08-05T21:48:05.576542+00:00
AR,2022-04-01,Bebidas alcohólicas y tabaco (202204),indec_02_variacion_interanual,48.4,%,indec,2026-08-05T21:48:05.576542+00:00
AR,2022-04-01,Prendas de vestir y calzado (202204),indec_03_indice,801.0762,indice,indec,2026-08-05T21:48:05.576542+00:00
AR,2022-04-01,Prendas de vestir y calzado (202204),indec_03_variacion_mensual,9.9,%,indec,2026-08-05T21:48:05.576542+00:00
AR,2022-04-01,Prendas de vestir y calzado (202204),indec_03_variacion_interanual,73.4,%,indec,2026-08-05T21:48:05.576542+00:00
AR,2022-04-01,"Vivienda, agua, electricidad, gas y otros combustibles (202204)",indec_04_indice,561.7478,indice,indec,2026-08-05T21:48:05.576542+00:00
AR,2022-04-01,"Vivienda, agua, electricidad, gas y otros combustibles (202204)",indec_04_variacion_mensual,4.6,%,indec,2026-08-05T21:48:05.576542+00:00
AR,2022-04-01,"Vivienda, agua, electricidad, gas y otros combustibles (202204)",indec_04_variacion_interanual,39.8,%,indec,2026-08-05T21:48:05.576542+00:00
AR,2022-04-01,Equipamiento y mantenimiento del hogar (202204),indec_05_indice,691.9571,indice,indec,2026-08-05T21:48:05.576542+00:00
AR,2022-04-01,Equipamiento y mantenimiento del hogar (202204),indec_05_variacion_mensual,5.5,%,indec,2026-08-05T21:48:05.576542+00:00
AR,2022-04-01,Equipamiento y mantenimiento del hogar (202204),indec_05_variacion_interanual,50.4,%,indec,2026-08-05T21:48:05.576542+00:00
AR,2022-04-01,Salud (202204),indec_06_indice,777.2991,indice,indec,2026-08-05T21:48:05.576542+00:00
AR,2022-04-01,Salud (202204),indec_06_variacion_mensual,6.4,%,indec,2026-08-05T21:48:05.576542+00:00
AR,2022-04-01,Salud (202204),indec_06_variacion_interanual,58.5,%,indec,2026-08-05T21:48:05.576542+00:00
AR,2022-04-01,Transporte (202204),indec_07_indice,763.5071,indice,indec,2026-08-05T21:48:05.576542+00:00
AR,2022-04-01,Transporte (202204),indec_07_variacion_mensual,5.3,%,indec,2026-08-05T21:48:05.576542+00:00
AR,2022-04-01,Transporte (202204),indec_07_variacion_interanual,56.5,%,indec,2026-08-05T21:48:05.576542+00:00
AR,2022-04-01,Comunicación (202204),indec_08_indice,583.3455,indice,indec,2026-08-05T21:48:05.576542+00:00
AR,2022-04-01,Comunicación (202204),indec_08_variacion_mensual,3.7,%,indec,2026-08-05T21:48:05.576542+00:00
AR,2022-04-01,Comunicación (202204),indec_08_variacion_interanual,34.6,%,indec,2026-08-05T21:48:05.576542+00:00
AR,2022-04-01,Recreación y cultura (202204),indec_09_indice,659.6448,indice,indec,2026-08-05T21:48:05.576542+00:00
AR,2022-04-01,Recreación y cultura (202204),indec_09_variacion_mensual,5.2,%,indec,2026-08-05T21:48:05.576542+00:00
AR,2022-04-01,Recreación y cultura (202204),indec_09_variacion_interanual,48.7,%,indec,2026-08-05T21:48:05.576542+00:00
AR,2022-04-01,Educación (202204),indec_10_indice,635.5003,indice,indec,2026-08-05T21:48:05.576542+00:00
AR,2022-04-01,Educación (202204),indec_10_variacion_mensual,3.7,%,indec,2026-08-05T21:48:05.576542+00:00
AR,2022-04-01,Educación (202204),indec_10_variacion_interanual,56.2,%,indec,2026-08-05T21:48:05.576542+00:00
AR,2022-04-01,Restaurantes y hoteles (202204),indec_11_indice,717.5668,indice,indec,2026-08-05T21:48:05.576542+00:00
AR,2022-04-01,Restaurantes y hoteles (202204),indec_11_variacion_mensual,7.3,%,indec,2026-08-05T21:48:05.576542+00:00
AR,2022-04-01,Restaurantes y hoteles (202204),indec_11_variacion_interanual,73.4,%,indec,2026-08-05T21:48:05.576542+00:00
AR,2022-04-01,Bienes y servicios varios (202204),indec_12_indice,608.0932,indice,indec,2026-08-05T21:48:05.576542+00:00
AR,2022-04-01,Bienes y servicios varios (202204),indec_12_variacion_mensual,5.3,%,indec,2026-08-05T21:48:05.576542+00:00
AR,2022-04-01,Bienes y servicios varios (202204),indec_12_variacion_interanual,50.3,%,indec,2026-08-05T21:48:05.576542+00:00
AR,2022-04-01,nan (202204),indec_Estacional_indice,799.0308,indice,indec,2026-08-05T21:48:05.576542+00:00
AR,2022-04-01,nan (202204),indec_Estacional_variacion_mensual,5.4,%,indec,2026-08-05T21:48:05.576542+00:00
AR,2022-04-01,nan (202204),indec_Estacional_variacion_interanual,70.8,%,indec,2026-08-05T21:48:05.576542+00:00
AR,2022-04-01,nan (202204),indec_Núcleo_indice,741.3622,indice,indec,2026-08-05T21:48:05.576542+00:00
AR,2022-04-01,nan (202204),indec_Núcleo_variacion_mensual,6.7,%,indec,2026-08-05T21:48:05.576542+00:00
AR,2022-04-01,nan (202204),indec_Núcleo_variacion_interanual,60.5,%,indec,2026-08-05T21:48:05.576542+00:00
AR,2022-04-01,nan (202204),indec_Regulados_indice,595.2223,indice,indec,2026-08-05T21:48:05.576542+00:00
AR,2022-04-01,nan (202204),indec_Regulados_variacion_mensual,3.9,%,indec,2026-08-05T21:48:05.576542+00:00
AR,2022-04-01,nan (202204),indec_Regulados_variacion_interanual,41.5,%,indec,2026-08-05T21:48:05.576542+00:00
AR,2022-04-01,nan (202204),indec_B_indice,782.6829,indice,indec,2026-08-05T21:48:05.576542+00:00
AR,2022-04-01,nan (202204),indec_B_variacion_mensual,6.4,%,indec,2026-08-05T21:48:05.576542+00:00
AR,2022-04-01,nan (202204),indec_B_variacion_interanual,60.4,%,indec,2026-08-05T21:48:05.576542+00:00
AR,2022-04-01,nan (202204),indec_S_indice,589.924,indice,indec,2026-08-05T21:48:05.576542+00:00
AR,2022-04-01,nan (202204),indec_S_variacion_mensual,5.1,%,indec,2026-08-05T21:48:05.576542+00:00
AR,2022-04-01,nan (202204),indec_S_variacion_interanual,51.9,%,indec,2026-08-05T21:48:05.576542+00:00
AR,2022-05-01,NIVEL GENERAL (202205),indec_0_indice,753.147,indice,indec,2026-08-05T21:48:05.576542+00:00
AR,2022-05-01,NIVEL GENERAL (202205),indec_0_variacion_mensual,5.1,%,indec,2026-08-05T21:48:05.576542+00:00
AR,2022-05-01,NIVEL GENERAL (202205),indec_0_variacion_interanual,60.7,%,indec,2026-08-05T21:48:05.576542+00:00
AR,2022-05-01,Alimentos y bebidas no alcohólicas (202205),indec_01_indice,814.5693,indice,indec,2026-08-05T21:48:05.576542+00:00
AR,2022-05-01,Alimentos y bebidas no alcohólicas (202205),indec_01_variacion_mensual,4.4,%,indec,2026-08-05T21:48:05.576542+00:00
AR,2022-05-01,Alimentos y bebidas no alcohólicas (202205),indec_01_variacion_interanual,64.2,%,indec,2026-08-05T21:48:05.576542+00:00
AR,2022-05-01,Bebidas alcohólicas y tabaco (202205),indec_02_indice,593.5899,indice,indec,2026-08-05T21:48:05.576542+00:00
AR,2022-05-01,Bebidas alcohólicas y tabaco (202205),indec_02_variacion_mensual,5.7,%,indec,2026-08-05T21:48:05.576542+00:00
AR,2022-05-01,Bebidas alcohólicas y tabaco (202205),indec_02_variacion_interanual,54.4,%,indec,2026-08-05T21:48:05.576542+00:00
AR,2022-05-01,Prendas de vestir y calzado (202205),indec_03_indice,847.1542,indice,indec,2026-08-05T21:48:05.576542+00:00
AR,2022-05-01,Prendas de vestir y calzado (202205),indec_03_variacion_mensual,5.8,%,indec,2026-08-05T21:48:05.576542+00:00
AR,2022-05-01,Prendas de vestir y calzado (202205),indec_03_variacion_interanual,79.6,%,indec,2026-08-05T21:48:05.576542+00:00
AR,2022-05-01,"Vivienda, agua, electricidad, gas y otros combustibles (202205)",indec_04_indice,581.7106,indice,indec,2026-08-05T21:48:05.576542+00:00
AR,2022-05-01,"Vivienda, agua, electricidad, gas y otros combustibles (202205)",indec_04_variacion_mensual,3.6,%,indec,2026-08-05T21:48:05.576542+00:00
AR,2022-05-01,"Vivienda, agua, electricidad, gas y otros combustibles (202205)",indec_04_variacion_interanual,41.8,%,indec,2026-08-05T21:48:05.576542+00:00
AR,2022-05-01,Equipamiento y mantenimiento del hogar (202205),indec_05_indice,728.9951,indice,indec,2026-08-05T21:48:05.576542+00:00
AR,2022-05-01,Equipamiento y mantenimiento del hogar (202205),indec_05_variacion_mensual,5.4,%,indec,2026-08-05T21:48:05.576542+00:00
AR,2022-05-01,Equipamiento y mantenimiento del hogar (202205),indec_05_variacion_interanual,54.8,%,indec,2026-08-05T21:48:05.576542+00:00
AR,2022-05-01,Salud (202205),indec_06_indice,825.5739,indice,indec,2026-08-05T21:48:05.576542+00:00
AR,2022-05-01,Salud (202205),indec_06_variacion_mensual,6.2,%,indec,2026-08-05T21:48:05.576542+00:00
AR,2022-05-01,Salud (202205),indec_06_variacion_interanual,60.7,%,indec,2026-08-05T21:48:05.576542+00:00
AR,2022-05-01,Transporte (202205),indec_07_indice,810.22,indice,indec,2026-08-05T21:48:05.576542+00:00
AR,2022-05-01,Transporte (202205),indec_07_variacion_mensual,6.1,%,indec,2026-08-05T21:48:05.576542+00:00
AR,2022-05-01,Transporte (202205),indec_07_variacion_interanual,56.7,%,indec,2026-08-05T21:48:05.576542+00:00
AR,2022-05-01,Comunicación (202205),indec_08_indice,601.2442,indice,indec,2026-08-05T21:48:05.576542+00:00
AR,2022-05-01,Comunicación (202205),indec_08_variacion_mensual,3.1,%,indec,2026-08-05T21:48:05.576542+00:00
AR,2022-05-01,Comunicación (202205),indec_08_variacion_interanual,37.4,%,indec,2026-08-05T21:48:05.576542+00:00
AR,2022-05-01,Recreación y cultura (202205),indec_09_indice,693.9163,indice,indec,2026-08-05T21:48:05.576542+00:00
AR,2022-05-01,Recreación y cultura (202205),indec_09_variacion_mensual,5.2,%,indec,2026-08-05T21:48:05.576542+00:00
AR,2022-05-01,Recreación y cultura (202205),indec_09_variacion_interanual,51.7,%,indec,2026-08-05T21:48:05.576542+00:00
AR,2022-05-01,Educación (202205),indec_10_indice,656.1411,indice,indec,2026-08-05T21:48:05.576542+00:00
AR,2022-05-01,Educación (202205),indec_10_variacion_mensual,3.2,%,indec,2026-08-05T21:48:05.576542+00:00
AR,2022-05-01,Educación (202205),indec_10_variacion_interanual,57.7,%,indec,2026-08-05T21:48:05.576542+00:00
AR,2022-05-01,Restaurantes y hoteles (202205),indec_11_indice,758.3527,indice,indec,2026-08-05T21:48:05.576542+00:00
AR,2022-05-01,Restaurantes y hoteles (202205),indec_11_variacion_mensual,5.7,%,indec,2026-08-05T21:48:05.576542+00:00
AR,2022-05-01,Restaurantes y hoteles (202205),indec_11_variacion_interanual,76.7,%,indec,2026-08-05T21:48:05.576542+00:00
AR,2022-05-01,Bienes y servicios varios (202205),indec_12_indice,635.8157,indice,indec,2026-08-05T21:48:05.576542+00:00
AR,2022-05-01,Bienes y servicios varios (202205),indec_12_variacion_mensual,4.6,%,indec,2026-08-05T21:48:05.576542+00:00
AR,2022-05-01,Bienes y servicios varios (202205),indec_12_variacion_interanual,52.7,%,indec,2026-08-05T21:48:05.576542+00:00
AR,2022-05-01,nan (202205),indec_Estacional_indice,825.8088,indice,indec,2026-08-05T21:48:05.576542+00:00
AR,2022-05-01,nan (202205),indec_Estacional_variacion_mensual,3.4,%,indec,2026-08-05T21:48:05.576542+00:00
AR,2022-05-01,nan (202205),indec_Estacional_variacion_interanual,74.0,%,indec,2026-08-05T21:48:05.576542+00:00
AR,2022-05-01,nan (202205),indec_Núcleo_indice,779.9267,indice,indec,2026-08-05T21:48:05.576542+00:00
AR,2022-05-01,nan (202205),indec_Núcleo_variacion_mensual,5.2,%,indec,2026-08-05T21:48:05.576542+00:00
AR,2022-05-01,nan (202205),indec_Núcleo_variacion_interanual,63.2,%,indec,2026-08-05T21:48:05.576542+00:00
AR,2022-05-01,nan (202205),indec_Regulados_indice,629.0029,indice,indec,2026-08-05T21:48:05.576542+00:00
AR,2022-05-01,nan (202205),indec_Regulados_variacion_mensual,5.7,%,indec,2026-08-05T21:48:05.576542+00:00
AR,2022-05-01,nan (202205),indec_Regulados_variacion_interanual,44.1,%,indec,2026-08-05T21:48:05.576542+00:00
AR,2022-05-01,nan (202205),indec_B_indice,824.5376,indice,indec,2026-08-05T21:48:05.576542+00:00
AR,2022-05-01,nan (202205),indec_B_variacion_mensual,5.3,%,indec,2026-08-05T21:48:05.576542+00:00
AR,2022-05-01,nan (202205),indec_B_variacion_interanual,63.2,%,indec,2026-08-05T21:48:05.576542+00:00
AR,2022-05-01,nan (202205),indec_S_indice,615.2979,indice,indec,2026-08-05T21:48:05.576542+00:00
AR,2022-05-01,nan (202205),indec_S_variacion_mensual,4.3,%,indec,2026-08-05T21:48:05.576542+00:00
AR,2022-05-01,nan (202205),indec_S_variacion_interanual,54.2,%,indec,2026-08-05T21:48:05.576542+00:00
AR,2022-06-01,NIVEL GENERAL (202206),indec_0_indice,793.0278,indice,indec,2026-08-05T21:48:05.576542+00:00
AR,2022-06-01,NIVEL GENERAL (202206),indec_0_variacion_mensual,5.3,%,indec,2026-08-05T21:48:05.576542+00:00
AR,2022-06-01,NIVEL GENERAL (202206),indec_0_variacion_interanual,64.0,%,indec,2026-08-05T21:48:05.576542+00:00
AR,2022-06-01,Alimentos y bebidas no alcohólicas (202206),indec_01_indice,852.1804,indice,indec,2026-08-05T21:48:05.576542+00:00
AR,2022-06-01,Alimentos y bebidas no alcohólicas (202206),indec_01_variacion_mensual,4.6,%,indec,2026-08-05T21:48:05.576542+00:00
AR,2022-06-01,Alimentos y bebidas no alcohólicas (202206),indec_01_variacion_interanual,66.4,%,indec,2026-08-05T21:48:05.576542+00:00
AR,2022-06-01,Bebidas alcohólicas y tabaco (202206),indec_02_indice,633.4988,indice,indec,2026-08-05T21:48:05.576542+00:00
AR,2022-06-01,Bebidas alcohólicas y tabaco (202206),indec_02_variacion_mensual,6.7,%,indec,2026-08-05T21:48:05.576542+00:00
AR,2022-06-01,Bebidas alcohólicas y tabaco (202206),indec_02_variacion_interanual,56.2,%,indec,2026-08-05T21:48:05.576542+00:00
AR,2022-06-01,Prendas de vestir y calzado (202206),indec_03_indice,895.8753,indice,indec,2026-08-05T21:48:05.576542+00:00
AR,2022-06-01,Prendas de vestir y calzado (202206),indec_03_variacion_mensual,5.8,%,indec,2026-08-05T21:48:05.576542+00:00
AR,2022-06-01,Prendas de vestir y calzado (202206),indec_03_variacion_interanual,83.6,%,indec,2026-08-05T21:48:05.576542+00:00
AR,2022-06-01,"Vivienda, agua, electricidad, gas y otros combustibles (202206)",indec_04_indice,621.3286,indice,indec,2026-08-05T21:48:05.576542+00:00
AR,2022-06-01,"Vivienda, agua, electricidad, gas y otros combustibles (202206)",indec_04_variacion_mensual,6.8,%,indec,2026-08-05T21:48:05.576542+00:00
AR,2022-06-01,"Vivienda, agua, electricidad, gas y otros combustibles (202206)",indec_04_variacion_interanual,47.8,%,indec,2026-08-05T21:48:05.576542+00:00
AR,2022-06-01,Equipamiento y mantenimiento del hogar (202206),indec_05_indice,772.6412,indice,indec,2026-08-05T21:48:05.576542+00:00
AR,2022-06-01,Equipamiento y mantenimiento del hogar (202206),indec_05_variacion_mensual,6.0,%,indec,2026-08-05T21:48:05.576542+00:00
AR,2022-06-01,Equipamiento y mantenimiento del hogar (202206),indec_05_variacion_interanual,58.9,%,indec,2026-08-05T21:48:05.576542+00:00
AR,2022-06-01,Salud (202206),indec_06_indice,886.798,indice,indec,2026-08-05T21:48:05.576542+00:00
AR,2022-06-01,Salud (202206),indec_06_variacion_mensual,7.4,%,indec,2026-08-05T21:48:05.576542+00:00
AR,2022-06-01,Salud (202206),indec_06_variacion_interanual,67.2,%,indec,2026-08-05T21:48:05.576542+00:00
AR,2022-06-01,Transporte (202206),indec_07_indice,848.636,indice,indec,2026-08-05T21:48:05.576542+00:00
AR,2022-06-01,Transporte (202206),indec_07_variacion_mensual,4.7,%,indec,2026-08-05T21:48:05.576542+00:00
AR,2022-06-01,Transporte (202206),indec_07_variacion_interanual,59.0,%,indec,2026-08-05T21:48:05.576542+00:00
AR,2022-06-01,Comunicación (202206),indec_08_indice,603.5522,indice,indec,2026-08-05T21:48:05.576542+00:00
AR,2022-06-01,Comunicación (202206),indec_08_variacion_mensual,0.4,%,indec,2026-08-05T21:48:05.576542+00:00
AR,2022-06-01,Comunicación (202206),indec_08_variacion_interanual,28.9,%,indec,2026-08-05T21:48:05.576542+00:00
AR,2022-06-01,Recreación y cultura (202206),indec_09_indice,724.0064,indice,indec,2026-08-05T21:48:05.576542+00:00
AR,2022-06-01,Recreación y cultura (202206),indec_09_variacion_mensual,4.3,%,indec,2026-08-05T21:48:05.576542+00:00
AR,2022-06-01,Recreación y cultura (202206),indec_09_variacion_interanual,54.8,%,indec,2026-08-05T21:48:05.576542+00:00
AR,2022-06-01,Educación (202206),indec_10_indice,669.445,indice,indec,2026-08-05T21:48:05.576542+00:00
AR,2022-06-01,Educación (202206),indec_10_variacion_mensual,2.0,%,indec,2026-08-05T21:48:05.576542+00:00
AR,2022-06-01,Educación (202206),indec_10_variacion_interanual,59.0,%,indec,2026-08-05T21:48:05.576542+00:00
AR,2022-06-01,Restaurantes y hoteles (202206),indec_11_indice,805.4594,indice,indec,2026-08-05T21:48:05.576542+00:00
AR,2022-06-01,Restaurantes y hoteles (202206),indec_11_variacion_mensual,6.2,%,indec,2026-08-05T21:48:05.576542+00:00
AR,2022-06-01,Restaurantes y hoteles (202206),indec_11_variacion_interanual,81.9,%,indec,2026-08-05T21:48:05.576542+00:00
AR,2022-06-01,Bienes y servicios varios (202206),indec_12_indice,667.7975,indice,indec,2026-08-05T21:48:05.576542+00:00
AR,2022-06-01,Bienes y servicios varios (202206),indec_12_variacion_mensual,5.0,%,indec,2026-08-05T21:48:05.576542+00:00
AR,2022-06-01,Bienes y servicios varios (202206),indec_12_variacion_interanual,57.3,%,indec,2026-08-05T21:48:05.576542+00:00
AR,2022-06-01,nan (202206),indec_Estacional_indice,880.3186,indice,indec,2026-08-05T21:48:05.576542+00:00
AR,2022-06-01,nan (202206),indec_Estacional_variacion_mensual,6.6,%,indec,2026-08-05T21:48:05.576542+00:00
AR,2022-06-01,nan (202206),indec_Estacional_variacion_interanual,84.5,%,indec,2026-08-05T21:48:05.576542+00:00
AR,2022-06-01,nan (202206),indec_Núcleo_indice,819.5734,indice,indec,2026-08-05T21:48:05.576542+00:00
AR,2022-06-01,nan (202206),indec_Núcleo_variacion_mensual,5.1,%,indec,2026-08-05T21:48:05.576542+00:00
AR,2022-06-01,nan (202206),indec_Núcleo_variacion_interanual,65.5,%,indec,2026-08-05T21:48:05.576542+00:00
AR,2022-06-01,nan (202206),indec_Regulados_indice,662.0938,indice,indec,2026-08-05T21:48:05.576542+00:00
AR,2022-06-01,nan (202206),indec_Regulados_variacion_mensual,5.3,%,indec,2026-08-05T21:48:05.576542+00:00
AR,2022-06-01,nan (202206),indec_Regulados_variacion_interanual,46.9,%,indec,2026-08-05T21:48:05.576542+00:00
AR,2022-06-01,nan (202206),indec_B_indice,867.0654,indice,indec,2026-08-05T21:48:05.576542+00:00
AR,2022-06-01,nan (202206),indec_B_variacion_mensual,5.2,%,indec,2026-08-05T21:48:05.576542+00:00
AR,2022-06-01,nan (202206),indec_B_variacion_interanual,66.0,%,indec,2026-08-05T21:48:05.576542+00:00
AR,2022-06-01,nan (202206),indec_S_indice,649.3822,indice,indec,2026-08-05T21:48:05.576542+00:00
AR,2022-06-01,nan (202206),indec_S_variacion_mensual,5.5,%,indec,2026-08-05T21:48:05.576542+00:00
AR,2022-06-01,nan (202206),indec_S_variacion_interanual,58.4,%,indec,2026-08-05T21:48:05.576542+00:00
AR,2022-07-01,NIVEL GENERAL (202207),indec_0_indice,851.761,indice,indec,2026-08-05T21:48:05.576542+00:00
AR,2022-07-01,NIVEL GENERAL (202207),indec_0_variacion_mensual,7.4,%,indec,2026-08-05T21:48:05.576542+00:00
AR,2022-07-01,NIVEL GENERAL (202207),indec_0_variacion_interanual,71.0,%,indec,2026-08-05T21:48:05.576542+00:00
AR,2022-07-01,Alimentos y bebidas no alcohólicas (202207),indec_01_indice,903.4609,indice,indec,2026-08-05T21:48:05.576542+00:00
AR,2022-07-01,Alimentos y bebidas no alcohólicas (202207),indec_01_variacion_mensual,6.0,%,indec,2026-08-05T21:48:05.576542+00:00
AR,2022-07-01,Alimentos y bebidas no alcohólicas (202207),indec_01_variacion_interanual,70.6,%,indec,2026-08-05T21:48:05.576542+00:00
AR,2022-07-01,Bebidas alcohólicas y tabaco (202207),indec_02_indice,674.3455,indice,indec,2026-08-05T21:48:05.576542+00:00
AR,2022-07-01,Bebidas alcohólicas y tabaco (202207),indec_02_variacion_mensual,6.4,%,indec,2026-08-05T21:48:05.576542+00:00
AR,2022-07-01,Bebidas alcohólicas y tabaco (202207),indec_02_variacion_interanual,61.2,%,indec,2026-08-05T21:48:05.576542+00:00
AR,2022-07-01,Prendas de vestir y calzado (202207),indec_03_indice,971.758,indice,indec,2026-08-05T21:48:05.576542+00:00
AR,2022-07-01,Prendas de vestir y calzado (202207),indec_03_variacion_mensual,8.5,%,indec,2026-08-05T21:48:05.576542+00:00
AR,2022-07-01,Prendas de vestir y calzado (202207),indec_03_variacion_interanual,96.7,%,indec,2026-08-05T21:48:05.576542+00:00
AR,2022-07-01,"Vivienda, agua, electricidad, gas y otros combustibles (202207)",indec_04_indice,649.6896,indice,indec,2026-08-05T21:48:05.576542+00:00
AR,2022-07-01,"Vivienda, agua, electricidad, gas y otros combustibles (202207)",indec_04_variacion_mensual,4.6,%,indec,2026-08-05T21:48:05.576542+00:00
AR,2022-07-01,"Vivienda, agua, electricidad, gas y otros combustibles (202207)",indec_04_variacion_interanual,50.3,%,indec,2026-08-05T21:48:05.576542+00:00
AR,2022-07-01,Equipamiento y mantenimiento del hogar (202207),indec_05_indice,852.4176,indice,indec,2026-08-05T21:48:05.576542+00:00
AR,2022-07-01,Equipamiento y mantenimiento del hogar (202207),indec_05_variacion_mensual,10.3,%,indec,2026-08-05T21:48:05.576542+00:00
AR,2022-07-01,Equipamiento y mantenimiento del hogar (202207),indec_05_variacion_interanual,70.7,%,indec,2026-08-05T21:48:05.576542+00:00
AR,2022-07-01,Salud (202207),indec_06_indice,947.493,indice,indec,2026-08-05T21:48:05.576542+00:00
AR,2022-07-01,Salud (202207),indec_06_variacion_mensual,6.8,%,indec,2026-08-05T21:48:05.576542+00:00
AR,2022-07-01,Salud (202207),indec_06_variacion_interanual,72.1,%,indec,2026-08-05T21:48:05.576542+00:00
AR,2022-07-01,Transporte (202207),indec_07_indice,895.3078,indice,indec,2026-08-05T21:48:05.576542+00:00
AR,2022-07-01,Transporte (202207),indec_07_variacion_mensual,5.5,%,indec,2026-08-05T21:48:05.576542+00:00
AR,2022-07-01,Transporte (202207),indec_07_variacion_interanual,63.9,%,indec,2026-08-05T21:48:05.576542+00:00
AR,2022-07-01,Comunicación (202207),indec_08_indice,636.8292,indice,indec,2026-08-05T21:48:05.576542+00:00
AR,2022-07-01,Comunicación (202207),indec_08_variacion_mensual,5.5,%,indec,2026-08-05T21:48:05.576542+00:00
AR,2022-07-01,Comunicación (202207),indec_08_variacion_interanual,35.5,%,indec,2026-08-05T21:48:05.576542+00:00
AR,2022-07-01,Recreación y cultura (202207),indec_09_indice,819.4993,indice,indec,2026-08-05T21:48:05.576542+00:00
AR,2022-07-01,Recreación y cultura (202207),indec_09_variacion_mensual,13.2,%,indec,2026-08-05T21:48:05.576542+00:00
AR,2022-07-01,Recreación y cultura (202207),indec_09_variacion_interanual,70.0,%,indec,2026-08-05T21:48:05.576542+00:00
AR,2022-07-01,Educación (202207),indec_10_indice,710.2816,indice,indec,2026-08-05T21:48:05.576542+00:00
AR,2022-07-01,Educación (202207),indec_10_variacion_mensual,6.1,%,indec,2026-08-05T21:48:05.576542+00:00
AR,2022-07-01,Educación (202207),indec_10_variacion_interanual,64.6,%,indec,2026-08-05T21:48:05.576542+00:00
AR,2022-07-01,Restaurantes y hoteles (202207),indec_11_indice,884.0683,indice,indec,2026-08-05T21:48:05.576542+00:00
AR,2022-07-01,Restaurantes y hoteles (202207),indec_11_variacion_mensual,9.8,%,indec,2026-08-05T21:48:05.576542+00:00
AR,2022-07-01,Restaurantes y hoteles (202207),indec_11_variacion_interanual,90.6,%,indec,2026-08-05T21:48:05.576542+00:00
AR,2022-07-01,Bienes y servicios varios (202207),indec_12_indice,721.9398,indice,indec,2026-08-05T21:48:05.576542+00:00
AR,2022-07-01,Bienes y servicios varios (202207),indec_12_variacion_mensual,8.1,%,indec,2026-08-05T21:48:05.576542+00:00
AR,2022-07-01,Bienes y servicios varios (202207),indec_12_variacion_interanual,64.8,%,indec,2026-08-05T21:48:05.576542+00:00
AR,2022-07-01,nan (202207),indec_Estacional_indice,979.7957,indice,indec,2026-08-05T21:48:05.576542+00:00
AR,2022-07-01,nan (202207),indec_Estacional_variacion_mensual,11.3,%,indec,2026-08-05T21:48:05.576542+00:00
AR,2022-07-01,nan (202207),indec_Estacional_variacion_interanual,95.8,%,indec,2026-08-05T21:48:05.576542+00:00
AR,2022-07-01,nan (202207),indec_Núcleo_indice,879.6383,indice,indec,2026-08-05T21:48:05.576542+00:00
AR,2022-07-01,nan (202207),indec_Núcleo_variacion_mensual,7.3,%,indec,2026-08-05T21:48:05.576542+00:00
AR,2022-07-01,nan (202207),indec_Núcleo_variacion_interanual,72.2,%,indec,2026-08-05T21:48:05.576542+00:00
AR,2022-07-01,nan (202207),indec_Regulados_indice,694.6115,indice,indec,2026-08-05T21:48:05.576542+00:00
AR,2022-07-01,nan (202207),indec_Regulados_variacion_mensual,4.9,%,indec,2026-08-05T21:48:05.576542+00:00
AR,2022-07-01,nan (202207),indec_Regulados_variacion_interanual,51.9,%,indec,2026-08-05T21:48:05.576542+00:00
AR,2022-07-01,nan (202207),indec_B_indice,930.4681,indice,indec,2026-08-05T21:48:05.576542+00:00
AR,2022-07-01,nan (202207),indec_B_variacion_mensual,7.3,%,indec,2026-08-05T21:48:05.576542+00:00
AR,2022-07-01,nan (202207),indec_B_variacion_interanual,73.1,%,indec,2026-08-05T21:48:05.576542+00:00
AR,2022-07-01,nan (202207),indec_S_indice,698.1322,indice,indec,2026-08-05T21:48:05.576542+00:00
AR,2022-07-01,nan (202207),indec_S_variacion_mensual,7.5,%,indec,2026-08-05T21:48:05.576542+00:00
AR,2022-07-01,nan (202207),indec_S_variacion_interanual,65.2,%,indec,2026-08-05T21:48:05.576542+00:00
AR,2022-08-01,NIVEL GENERAL (202208),indec_0_indice,911.1316,indice,indec,2026-08-05T21:48:05.576542+00:00
AR,2022-08-01,NIVEL GENERAL (202208),indec_0_variacion_mensual,7.0,%,indec,2026-08-05T21:48:05.576542+00:00
AR,2022-08-01,NIVEL GENERAL (202208),indec_0_variacion_interanual,78.5,%,indec,2026-08-05T21:48:05.576542+00:00
AR,2022-08-01,Alimentos y bebidas no alcohólicas (202208),indec_01_indice,967.5805,indice,indec,2026-08-05T21:48:05.576542+00:00
AR,2022-08-01,Alimentos y bebidas no alcohólicas (202208),indec_01_variacion_mensual,7.1,%,indec,2026-08-05T21:48:05.576542+00:00
AR,2022-08-01,Alimentos y bebidas no alcohólicas (202208),indec_01_variacion_interanual,80.0,%,indec,2026-08-05T21:48:05.576542+00:00
AR,2022-08-01,Bebidas alcohólicas y tabaco (202208),indec_02_indice,721.689,indice,indec,2026-08-05T21:48:05.576542+00:00
AR,2022-08-01,Bebidas alcohólicas y tabaco (202208),indec_02_variacion_mensual,7.0,%,indec,2026-08-05T21:48:05.576542+00:00
AR,2022-08-01,Bebidas alcohólicas y tabaco (202208),indec_02_variacion_interanual,69.1,%,indec,2026-08-05T21:48:05.576542+00:00
AR,2022-08-01,Prendas de vestir y calzado (202208),indec_03_indice,1067.5251,indice,indec,2026-08-05T21:48:05.576542+00:00
AR,2022-08-01,Prendas de vestir y calzado (202208),indec_03_variacion_mensual,9.9,%,indec,2026-08-05T21:48:05.576542+00:00
AR,2022-08-01,Prendas de vestir y calzado (202208),indec_03_variacion_interanual,109.0,%,indec,2026-08-05T21:48:05.576542+00:00
AR,2022-08-01,"Vivienda, agua, electricidad, gas y otros combustibles (202208)",indec_04_indice,685.6993,indice,indec,2026-08-05T21:48:05.576542+00:00
AR,2022-08-01,"Vivienda, agua, electricidad, gas y otros combustibles (202208)",indec_04_variacion_mensual,5.5,%,indec,2026-08-05T21:48:05.576542+00:00
AR,2022-08-01,"Vivienda, agua, electricidad, gas y otros combustibles (202208)",indec_04_variacion_interanual,56.8,%,indec,2026-08-05T21:48:05.576542+00:00
AR,2022-08-01,Equipamiento y mantenimiento del hogar (202208),indec_05_indice,924.2301,indice,indec,2026-08-05T21:48:05.576542+00:00
AR,2022-08-01,Equipamiento y mantenimiento del hogar (202208),indec_05_variacion_mensual,8.4,%,indec,2026-08-05T21:48:05.576542+00:00
AR,2022-08-01,Equipamiento y mantenimiento del hogar (202208),indec_05_variacion_interanual,79.2,%,indec,2026-08-05T21:48:05.576542+00:00
AR,2022-08-01,Salud (202208),indec_06_indice,1001.738,indice,indec,2026-08-05T21:48:05.576542+00:00
AR,2022-08-01,Salud (202208),indec_06_variacion_mensual,5.7,%,indec,2026-08-05T21:48:05.576542+00:00
AR,2022-08-01,Salud (202208),indec_06_variacion_interanual,74.6,%,indec,2026-08-05T21:48:05.576542+00:00
AR,2022-08-01,Transporte (202208),indec_07_indice,956.4746,indice,indec,2026-08-05T21:48:05.576542+00:00
AR,2022-08-01,Transporte (202208),indec_07_variacion_mensual,6.8,%,indec,2026-08-05T21:48:05.576542+00:00
AR,2022-08-01,Transporte (202208),indec_07_variacion_interanual,71.0,%,indec,2026-08-05T21:48:05.576542+00:00
AR,2022-08-01,Comunicación (202208),indec_08_indice,662.6492,indice,indec,2026-08-05T21:48:05.576542+00:00
AR,2022-08-01,Comunicación (202208),indec_08_variacion_mensual,4.1,%,indec,2026-08-05T21:48:05.576542+00:00
AR,2022-08-01,Comunicación (202208),indec_08_variacion_interanual,41.8,%,indec,2026-08-05T21:48:05.576542+00:00
AR,2022-08-01,Recreación y cultura (202208),indec_09_indice,860.7132,indice,indec,2026-08-05T21:48:05.576542+00:00
AR,2022-08-01,Recreación y cultura (202208),indec_09_variacion_mensual,5.0,%,indec,2026-08-05T21:48:05.576542+00:00
AR,2022-08-01,Recreación y cultura (202208),indec_09_variacion_interanual,72.1,%,indec,2026-08-05T21:48:05.576542+00:00
AR,2022-08-01,Educación (202208),indec_10_indice,745.7268,indice,indec,2026-08-05T21:48:05.576542+00:00
AR,2022-08-01,Educación (202208),indec_10_variacion_mensual,5.0,%,indec,2026-08-05T21:48:05.576542+00:00
AR,2022-08-01,Educación (202208),indec_10_variacion_interanual,65.8,%,indec,2026-08-05T21:48:05.576542+00:00
AR,2022-08-01,Restaurantes y hoteles (202208),indec_11_indice,942.9087,indice,indec,2026-08-05T21:48:05.576542+00:00
AR,2022-08-01,Restaurantes y hoteles (202208),indec_11_variacion_mensual,6.7,%,indec,2026-08-05T21:48:05.576542+00:00
AR,2022-08-01,Restaurantes y hoteles (202208),indec_11_variacion_interanual,97.5,%,indec,2026-08-05T21:48:05.576542+00:00
AR,2022-08-01,Bienes y servicios varios (202208),indec_12_indice,784.4224,indice,indec,2026-08-05T21:48:05.576542+00:00
AR,2022-08-01,Bienes y servicios varios (202208),indec_12_variacion_mensual,8.7,%,indec,2026-08-05T21:48:05.576542+00:00
AR,2022-08-01,Bienes y servicios varios (202208),indec_12_variacion_interanual,73.3,%,indec,2026-08-05T21:48:05.576542+00:00
AR,2022-08-01,nan (202208),indec_Estacional_indice,1064.731,indice,indec,2026-08-05T21:48:05.576542+00:00
AR,2022-08-01,nan (202208),indec_Estacional_variacion_mensual,8.7,%,indec,2026-08-05T21:48:05.576542+00:00
AR,2022-08-01,nan (202208),indec_Estacional_variacion_interanual,111.5,%,indec,2026-08-05T21:48:05.576542+00:00
AR,2022-08-01,nan (202208),indec_Núcleo_indice,939.4677,indice,indec,2026-08-05T21:48:05.576542+00:00
AR,2022-08-01,nan (202208),indec_Núcleo_variacion_mensual,6.8,%,indec,2026-08-05T21:48:05.576542+00:00
AR,2022-08-01,nan (202208),indec_Núcleo_variacion_interanual,78.4,%,indec,2026-08-05T21:48:05.576542+00:00
AR,2022-08-01,nan (202208),indec_Regulados_indice,738.3105,indice,indec,2026-08-05T21:48:05.576542+00:00
AR,2022-08-01,nan (202208),indec_Regulados_variacion_mensual,6.3,%,indec,2026-08-05T21:48:05.576542+00:00
AR,2022-08-01,nan (202208),indec_Regulados_variacion_interanual,59.7,%,indec,2026-08-05T21:48:05.576542+00:00
AR,2022-08-01,nan (202208),indec_B_indice,999.6564,indice,indec,2026-08-05T21:48:05.576542+00:00
AR,2022-08-01,nan (202208),indec_B_variacion_mensual,7.4,%,indec,2026-08-05T21:48:05.576542+00:00
AR,2022-08-01,nan (202208),indec_B_variacion_interanual,81.4,%,indec,2026-08-05T21:48:05.576542+00:00
AR,2022-08-01,nan (202208),indec_S_indice,738.3679,indice,indec,2026-08-05T21:48:05.576542+00:00
AR,2022-08-01,nan (202208),indec_S_variacion_mensual,5.8,%,indec,2026-08-05T21:48:05.576542+00:00
AR,2022-08-01,nan (202208),indec_S_variacion_interanual,70.7,%,indec,2026-08-05T21:48:05.576542+00:00
AR,2022-09-01,NIVEL GENERAL (202209),indec_0_indice,967.3076,indice,indec,2026-08-05T21:48:05.576542+00:00
AR,2022-09-01,NIVEL GENERAL (202209),indec_0_variacion_mensual,6.2,%,indec,2026-08-05T21:48:05.576542+00:00
AR,2022-09-01,NIVEL GENERAL (202209),indec_0_variacion_interanual,83.0,%,indec,2026-08-05T21:48:05.576542+00:00
AR,2022-09-01,Alimentos y bebidas no alcohólicas (202209),indec_01_indice,1032.8063,indice,indec,2026-08-05T21:48:05.576542+00:00
AR,2022-09-01,Alimentos y bebidas no alcohólicas (202209),indec_01_variacion_mensual,6.7,%,indec,2026-08-05T21:48:05.576542+00:00
AR,2022-09-01,Alimentos y bebidas no alcohólicas (202209),indec_01_variacion_interanual,86.6,%,indec,2026-08-05T21:48:05.576542+00:00
AR,2022-09-01,Bebidas alcohólicas y tabaco (202209),indec_02_indice,789.7014,indice,indec,2026-08-05T21:48:05.576542+00:00
AR,2022-09-01,Bebidas alcohólicas y tabaco (202209),indec_02_variacion_mensual,9.4,%,indec,2026-08-05T21:48:05.576542+00:00
AR,2022-09-01,Bebidas alcohólicas y tabaco (202209),indec_02_variacion_interanual,74.8,%,indec,2026-08-05T21:48:05.576542+00:00
AR,2022-09-01,Prendas de vestir y calzado (202209),indec_03_indice,1180.9506,indice,indec,2026-08-05T21:48:05.576542+00:00
AR,2022-09-01,Prendas de vestir y calzado (202209),indec_03_variacion_mensual,10.6,%,indec,2026-08-05T21:48:05.576542+00:00
AR,2022-09-01,Prendas de vestir y calzado (202209),indec_03_variacion_interanual,118.0,%,indec,2026-08-05T21:48:05.576542+00:00
AR,2022-09-01,"Vivienda, agua, electricidad, gas y otros combustibles (202209)",indec_04_indice,706.9826,indice,indec,2026-08-05T21:48:05.576542+00:00
AR,2022-09-01,"Vivienda, agua, electricidad, gas y otros combustibles (202209)",indec_04_variacion_mensual,3.1,%,indec,2026-08-05T21:48:05.576542+00:00
AR,2022-09-01,"Vivienda, agua, electricidad, gas y otros combustibles (202209)",indec_04_variacion_interanual,58.6,%,indec,2026-08-05T21:48:05.576542+00:00
AR,2022-09-01,Equipamiento y mantenimiento del hogar (202209),indec_05_indice,980.1201,indice,indec,2026-08-05T21:48:05.576542+00:00
AR,2022-09-01,Equipamiento y mantenimiento del hogar (202209),indec_05_variacion_mensual,6.0,%,indec,2026-08-05T21:48:05.576542+00:00
AR,2022-09-01,Equipamiento y mantenimiento del hogar (202209),indec_05_variacion_interanual,83.6,%,indec,2026-08-05T21:48:05.576542+00:00
AR,2022-09-01,Salud (202209),indec_06_indice,1045.0789,indice,indec,2026-08-05T21:48:05.576542+00:00
AR,2022-09-01,Salud (202209),indec_06_variacion_mensual,4.3,%,indec,2026-08-05T21:48:05.576542+00:00
AR,2022-09-01,Salud (202209),indec_06_variacion_interanual,74.7,%,indec,2026-08-05T21:48:05.576542+00:00
AR,2022-09-01,Transporte (202209),indec_07_indice,1012.0676,indice,indec,2026-08-05T21:48:05.576542+00:00
AR,2022-09-01,Transporte (202209),indec_07_variacion_mensual,5.8,%,indec,2026-08-05T21:48:05.576542+00:00
AR,2022-09-01,Transporte (202209),indec_07_variacion_interanual,75.6,%,indec,2026-08-05T21:48:05.576542+00:00
AR,2022-09-01,Comunicación (202209),indec_08_indice,678.9797,indice,indec,2026-08-05T21:48:05.576542+00:00
AR,2022-09-01,Comunicación (202209),indec_08_variacion_mensual,2.5,%,indec,2026-08-05T21:48:05.576542+00:00
AR,2022-09-01,Comunicación (202209),indec_08_variacion_interanual,41.4,%,indec,2026-08-05T21:48:05.576542+00:00
AR,2022-09-01,Recreación y cultura (202209),indec_09_indice,905.8061,indice,indec,2026-08-05T21:48:05.576542+00:00
AR,2022-09-01,Recreación y cultura (202209),indec_09_variacion_mensual,5.2,%,indec,2026-08-05T21:48:05.576542+00:00
AR,2022-09-01,Recreación y cultura (202209),indec_09_variacion_interanual,74.6,%,indec,2026-08-05T21:48:05.576542+00:00
AR,2022-09-01,Educación (202209),indec_10_indice,772.9974,indice,indec,2026-08-05T21:48:05.576542+00:00
AR,2022-09-01,Educación (202209),indec_10_variacion_mensual,3.7,%,indec,2026-08-05T21:48:05.576542+00:00
AR,2022-09-01,Educación (202209),indec_10_variacion_interanual,66.6,%,indec,2026-08-05T21:48:05.576542+00:00
AR,2022-09-01,Restaurantes y hoteles (202209),indec_11_indice,988.6307,indice,indec,2026-08-05T21:48:05.576542+00:00
AR,2022-09-01,Restaurantes y hoteles (202209),indec_11_variacion_mensual,4.8,%,indec,2026-08-05T21:48:05.576542+00:00
AR,2022-09-01,Restaurantes y hoteles (202209),indec_11_variacion_interanual,99.0,%,indec,2026-08-05T21:48:05.576542+00:00
AR,2022-09-01,Bienes y servicios varios (202209),indec_12_indice,837.7345,indice,indec,2026-08-05T21:48:05.576542+00:00
AR,2022-09-01,Bienes y servicios varios (202209),indec_12_variacion_mensual,6.8,%,indec,2026-08-05T21:48:05.576542+00:00
AR,2022-09-01,Bienes y servicios varios (202209),indec_12_variacion_interanual,81.2,%,indec,2026-08-05T21:48:05.576542+00:00
AR,2022-09-01,nan (202209),indec_Estacional_indice,1189.6609,indice,indec,2026-08-05T21:48:05.576542+00:00
AR,2022-09-01,nan (202209),indec_Estacional_variacion_mensual,11.7,%,indec,2026-08-05T21:48:05.576542+00:00
AR,2022-09-01,nan (202209),indec_Estacional_variacion_interanual,122.2,%,indec,2026-08-05T21:48:05.576542+00:00
AR,2022-09-01,nan (202209),indec_Núcleo_indice,991.2585,indice,indec,2026-08-05T21:48:05.576542+00:00
AR,2022-09-01,nan (202209),indec_Núcleo_variacion_mensual,5.5,%,indec,2026-08-05T21:48:05.576542+00:00
AR,2022-09-01,nan (202209),indec_Núcleo_variacion_interanual,82.3,%,indec,2026-08-05T21:48:05.576542+00:00
AR,2022-09-01,nan (202209),indec_Regulados_indice,771.8891,indice,indec,2026-08-05T21:48:05.576542+00:00
AR,2022-09-01,nan (202209),indec_Regulados_variacion_mensual,4.5,%,indec,2026-08-05T21:48:05.576542+00:00
AR,2022-09-01,nan (202209),indec_Regulados_variacion_interanual,62.1,%,indec,2026-08-05T21:48:05.576542+00:00
AR,2022-09-01,nan (202209),indec_B_indice,1069.4142,indice,indec,2026-08-05T21:48:05.576542+00:00
AR,2022-09-01,nan (202209),indec_B_variacion_mensual,7.0,%,indec,2026-08-05T21:48:05.576542+00:00
AR,2022-09-01,nan (202209),indec_B_variacion_interanual,87.6,%,indec,2026-08-05T21:48:05.576542+00:00
AR,2022-09-01,nan (202209),indec_S_indice,769.2362,indice,indec,2026-08-05T21:48:05.576542+00:00
AR,2022-09-01,nan (202209),indec_S_variacion_mensual,4.2,%,indec,2026-08-05T21:48:05.576542+00:00
AR,2022-09-01,nan (202209),indec_S_variacion_interanual,71.5,%,indec,2026-08-05T21:48:05.576542+00:00
AR,2022-10-01,NIVEL GENERAL (202210),indec_0_indice,1028.706,indice,indec,2026-08-05T21:48:05.576542+00:00
AR,2022-10-01,NIVEL GENERAL (202210),indec_0_variacion_mensual,6.3,%,indec,2026-08-05T21:48:05.576542+00:00
AR,2022-10-01,NIVEL GENERAL (202210),indec_0_variacion_interanual,88.0,%,indec,2026-08-05T21:48:05.576542+00:00
AR,2022-10-01,Alimentos y bebidas no alcohólicas (202210),indec_01_indice,1096.5069,indice,indec,2026-08-05T21:48:05.576542+00:00
AR,2022-10-01,Alimentos y bebidas no alcohólicas (202210),indec_01_variacion_mensual,6.2,%,indec,2026-08-05T21:48:05.576542+00:00
AR,2022-10-01,Alimentos y bebidas no alcohólicas (202210),indec_01_variacion_interanual,91.6,%,indec,2026-08-05T21:48:05.576542+00:00
AR,2022-10-01,Bebidas alcohólicas y tabaco (202210),indec_02_indice,832.7248,indice,indec,2026-08-05T21:48:05.576542+00:00
AR,2022-10-01,Bebidas alcohólicas y tabaco (202210),indec_02_variacion_mensual,5.4,%,indec,2026-08-05T21:48:05.576542+00:00
AR,2022-10-01,Bebidas alcohólicas y tabaco (202210),indec_02_variacion_interanual,80.3,%,indec,2026-08-05T21:48:05.576542+00:00
AR,2022-10-01,Prendas de vestir y calzado (202210),indec_03_indice,1261.5985,indice,indec,2026-08-05T21:48:05.576542+00:00
AR,2022-10-01,Prendas de vestir y calzado (202210),indec_03_variacion_mensual,6.8,%,indec,2026-08-05T21:48:05.576542+00:00
AR,2022-10-01,Prendas de vestir y calzado (202210),indec_03_variacion_interanual,121.5,%,indec,2026-08-05T21:48:05.576542+00:00
AR,2022-10-01,"Vivienda, agua, electricidad, gas y otros combustibles (202210)",indec_04_indice,759.7711,indice,indec,2026-08-05T21:48:05.576542+00:00
AR,2022-10-01,"Vivienda, agua, electricidad, gas y otros combustibles (202210)",indec_04_variacion_mensual,7.5,%,indec,2026-08-05T21:48:05.576542+00:00
AR,2022-10-01,"Vivienda, agua, electricidad, gas y otros combustibles (202210)",indec_04_variacion_interanual,66.3,%,indec,2026-08-05T21:48:05.576542+00:00
AR,2022-10-01,Equipamiento y mantenimiento del hogar (202210),indec_05_indice,1028.4132,indice,indec,2026-08-05T21:48:05.576542+00:00
AR,2022-10-01,Equipamiento y mantenimiento del hogar (202210),indec_05_variacion_mensual,4.9,%,indec,2026-08-05T21:48:05.576542+00:00
AR,2022-10-01,Equipamiento y mantenimiento del hogar (202210),indec_05_variacion_interanual,87.5,%,indec,2026-08-05T21:48:05.576542+00:00
AR,2022-10-01,Salud (202210),indec_06_indice,1119.4447,indice,indec,2026-08-05T21:48:05.576542+00:00
AR,2022-10-01,Salud (202210),indec_06_variacion_mensual,7.1,%,indec,2026-08-05T21:48:05.576542+00:00
AR,2022-10-01,Salud (202210),indec_06_variacion_interanual,78.6,%,indec,2026-08-05T21:48:05.576542+00:00
AR,2022-10-01,Transporte (202210),indec_07_indice,1057.3307,indice,indec,2026-08-05T21:48:05.576542+00:00
AR,2022-10-01,Transporte (202210),indec_07_variacion_mensual,4.5,%,indec,2026-08-05T21:48:05.576542+00:00
AR,2022-10-01,Transporte (202210),indec_07_variacion_interanual,77.9,%,indec,2026-08-05T21:48:05.576542+00:00
AR,2022-10-01,Comunicación (202210),indec_08_indice,761.29,indice,indec,2026-08-05T21:48:05.576542+00:00
AR,2022-10-01,Comunicación (202210),indec_08_variacion_mensual,12.1,%,indec,2026-08-05T21:48:05.576542+00:00
AR,2022-10-01,Comunicación (202210),indec_08_variacion_interanual,56.7,%,indec,2026-08-05T21:48:05.576542+00:00
AR,2022-10-01,Recreación y cultura (202210),indec_09_indice,956.8276,indice,indec,2026-08-05T21:48:05.576542+00:00
AR,2022-10-01,Recreación y cultura (202210),indec_09_variacion_mensual,5.6,%,indec,2026-08-05T21:48:05.576542+00:00
AR,2022-10-01,Recreación y cultura (202210),indec_09_variacion_interanual,77.3,%,indec,2026-08-05T21:48:05.576542+00:00
AR,2022-10-01,Educación (202210),indec_10_indice,827.9004,indice,indec,2026-08-05T21:48:05.576542+00:00
AR,2022-10-01,Educación (202210),indec_10_variacion_mensual,7.1,%,indec,2026-08-05T21:48:05.576542+00:00
AR,2022-10-01,Educación (202210),indec_10_variacion_interanual,76.0,%,indec,2026-08-05T21:48:05.576542+00:00
AR,2022-10-01,Restaurantes y hoteles (202210),indec_11_indice,1061.9488,indice,indec,2026-08-05T21:48:05.576542+00:00
AR,2022-10-01,Restaurantes y hoteles (202210),indec_11_variacion_mensual,7.4,%,indec,2026-08-05T21:48:05.576542+00:00
AR,2022-10-01,Restaurantes y hoteles (202210),indec_11_variacion_interanual,105.2,%,indec,2026-08-05T21:48:05.576542+00:00
AR,2022-10-01,Bienes y servicios varios (202210),indec_12_indice,889.2464,indice,indec,2026-08-05T21:48:05.576542+00:00
AR,2022-10-01,Bienes y servicios varios (202210),indec_12_variacion_mensual,6.1,%,indec,2026-08-05T21:48:05.576542+00:00
AR,2022-10-01,Bienes y servicios varios (202210),indec_12_variacion_interanual,86.1,%,indec,2026-08-05T21:48:05.576542+00:00
AR,2022-10-01,nan (202210),indec_Estacional_indice,1297.2889,indice,indec,2026-08-05T21:48:05.576542+00:00
AR,2022-10-01,nan (202210),indec_Estacional_variacion_mensual,9.0,%,indec,2026-08-05T21:48:05.576542+00:00
AR,2022-10-01,nan (202210),indec_Estacional_variacion_interanual,124.1,%,indec,2026-08-05T21:48:05.576542+00:00
AR,2022-10-01,nan (202210),indec_Núcleo_indice,1046.265,indice,indec,2026-08-05T21:48:05.576542+00:00
AR,2022-10-01,nan (202210),indec_Núcleo_variacion_mensual,5.5,%,indec,2026-08-05T21:48:05.576542+00:00
AR,2022-10-01,nan (202210),indec_Núcleo_variacion_interanual,86.4,%,indec,2026-08-05T21:48:05.576542+00:00
AR,2022-10-01,nan (202210),indec_Regulados_indice,829.1011,indice,indec,2026-08-05T21:48:05.576542+00:00
AR,2022-10-01,nan (202210),indec_Regulados_variacion_mensual,7.4,%,indec,2026-08-05T21:48:05.576542+00:00
AR,2022-10-01,nan (202210),indec_Regulados_variacion_interanual,70.9,%,indec,2026-08-05T21:48:05.576542+00:00
AR,2022-10-01,nan (202210),indec_B_indice,1132.6433,indice,indec,2026-08-05T21:48:05.576542+00:00
AR,2022-10-01,nan (202210),indec_B_variacion_mensual,5.9,%,indec,2026-08-05T21:48:05.576542+00:00
AR,2022-10-01,nan (202210),indec_B_variacion_interanual,91.8,%,indec,2026-08-05T21:48:05.576542+00:00
AR,2022-10-01,nan (202210),indec_S_indice,826.4284,indice,indec,2026-08-05T21:48:05.576542+00:00
AR,2022-10-01,nan (202210),indec_S_variacion_mensual,7.4,%,indec,2026-08-05T21:48:05.576542+00:00
AR,2022-10-01,nan (202210),indec_S_variacion_interanual,78.4,%,indec,2026-08-05T21:48:05.576542+00:00
AR,2022-11-01,NIVEL GENERAL (202211),indec_0_indice,1079.2787,indice,indec,2026-08-05T21:48:05.576542+00:00
AR,2022-11-01,NIVEL GENERAL (202211),indec_0_variacion_mensual,4.9,%,indec,2026-08-05T21:48:05.576542+00:00
AR,2022-11-01,NIVEL GENERAL (202211),indec_0_variacion_interanual,92.4,%,indec,2026-08-05T21:48:05.576542+00:00
AR,2022-11-01,Alimentos y bebidas no alcohólicas (202211),indec_01_indice,1135.001,indice,indec,2026-08-05T21:48:05.576542+00:00
AR,2022-11-01,Alimentos y bebidas no alcohólicas (202211),indec_01_variacion_mensual,3.5,%,indec,2026-08-05T21:48:05.576542+00:00
AR,2022-11-01,Alimentos y bebidas no alcohólicas (202211),indec_01_variacion_interanual,94.2,%,indec,2026-08-05T21:48:05.576542+00:00
AR,2022-11-01,Bebidas alcohólicas y tabaco (202211),indec_02_indice,885.54,indice,indec,2026-08-05T21:48:05.576542+00:00
AR,2022-11-01,Bebidas alcohólicas y tabaco (202211),indec_02_variacion_mensual,6.3,%,indec,2026-08-05T21:48:05.576542+00:00
AR,2022-11-01,Bebidas alcohólicas y tabaco (202211),indec_02_variacion_interanual,89.7,%,indec,2026-08-05T21:48:05.576542+00:00
AR,2022-11-01,Prendas de vestir y calzado (202211),indec_03_indice,1318.2609,indice,indec,2026-08-05T21:48:05.576542+00:00
AR,2022-11-01,Prendas de vestir y calzado (202211),indec_03_variacion_mensual,4.5,%,indec,2026-08-05T21:48:05.576542+00:00
AR,2022-11-01,Prendas de vestir y calzado (202211),indec_03_variacion_interanual,122.4,%,indec,2026-08-05T21:48:05.576542+00:00
AR,2022-11-01,"Vivienda, agua, electricidad, gas y otros combustibles (202211)",indec_04_indice,825.5091,indice,indec,2026-08-05T21:48:05.576542+00:00
AR,2022-11-01,"Vivienda, agua, electricidad, gas y otros combustibles (202211)",indec_04_variacion_mensual,8.7,%,indec,2026-08-05T21:48:05.576542+00:00
AR,2022-11-01,"Vivienda, agua, electricidad, gas y otros combustibles (202211)",indec_04_variacion_interanual,76.8,%,indec,2026-08-05T21:48:05.576542+00:00
AR,2022-11-01,Equipamiento y mantenimiento del hogar (202211),indec_05_indice,1084.1626,indice,indec,2026-08-05T21:48:05.576542+00:00
AR,2022-11-01,Equipamiento y mantenimiento del hogar (202211),indec_05_variacion_mensual,5.4,%,indec,2026-08-05T21:48:05.576542+00:00
AR,2022-11-01,Equipamiento y mantenimiento del hogar (202211),indec_05_variacion_interanual,92.5,%,indec,2026-08-05T21:48:05.576542+00:00
AR,2022-11-01,Salud (202211),indec_06_indice,1165.2705,indice,indec,2026-08-05T21:48:05.576542+00:00
AR,2022-11-01,Salud (202211),indec_06_variacion_mensual,4.1,%,indec,2026-08-05T21:48:05.576542+00:00
AR,2022-11-01,Salud (202211),indec_06_variacion_interanual,81.5,%,indec,2026-08-05T21:48:05.576542+00:00
AR,2022-11-01,Transporte (202211),indec_07_indice,1121.731,indice,indec,2026-08-05T21:48:05.576542+00:00
AR,2022-11-01,Transporte (202211),indec_07_variacion_mensual,6.1,%,indec,2026-08-05T21:48:05.576542+00:00
AR,2022-11-01,Transporte (202211),indec_07_variacion_interanual,84.7,%,indec,2026-08-05T21:48:05.576542+00:00
AR,2022-11-01,Comunicación (202211),indec_08_indice,809.6802,indice,indec,2026-08-05T21:48:05.576542+00:00
AR,2022-11-01,Comunicación (202211),indec_08_variacion_mensual,6.4,%,indec,2026-08-05T21:48:05.576542+00:00
AR,2022-11-01,Comunicación (202211),indec_08_variacion_interanual,65.3,%,indec,2026-08-05T21:48:05.576542+00:00
AR,2022-11-01,Recreación y cultura (202211),indec_09_indice,996.7277,indice,indec,2026-08-05T21:48:05.576542+00:00
AR,2022-11-01,Recreación y cultura (202211),indec_09_variacion_mensual,4.2,%,indec,2026-08-05T21:48:05.576542+00:00
AR,2022-11-01,Recreación y cultura (202211),indec_09_variacion_interanual,82.1,%,indec,2026-08-05T21:48:05.576542+00:00
AR,2022-11-01,Educación (202211),indec_10_indice,859.0553,indice,indec,2026-08-05T21:48:05.576542+00:00
AR,2022-11-01,Educación (202211),indec_10_variacion_mensual,3.8,%,indec,2026-08-05T21:48:05.576542+00:00
AR,2022-11-01,Educación (202211),indec_10_variacion_interanual,81.1,%,indec,2026-08-05T21:48:05.576542+00:00
AR,2022-11-01,Restaurantes y hoteles (202211),indec_11_indice,1120.5659,indice,indec,2026-08-05T21:48:05.576542+00:00
AR,2022-11-01,Restaurantes y hoteles (202211),indec_11_variacion_mensual,5.5,%,indec,2026-08-05T21:48:05.576542+00:00
AR,2022-11-01,Restaurantes y hoteles (202211),indec_11_variacion_interanual,106.3,%,indec,2026-08-05T21:48:05.576542+00:00
AR,2022-11-01,Bienes y servicios varios (202211),indec_12_indice,941.1822,indice,indec,2026-08-05T21:48:05.576542+00:00
AR,2022-11-01,Bienes y servicios varios (202211),indec_12_variacion_mensual,5.8,%,indec,2026-08-05T21:48:05.576542+00:00
AR,2022-11-01,Bienes y servicios varios (202211),indec_12_variacion_interanual,93.0,%,indec,2026-08-05T21:48:05.576542+00:00
AR,2022-11-01,nan (202211),indec_Estacional_indice,1350.5167,indice,indec,2026-08-05T21:48:05.576542+00:00
AR,2022-11-01,nan (202211),indec_Estacional_variacion_mensual,4.1,%,indec,2026-08-05T21:48:05.576542+00:00
AR,2022-11-01,nan (202211),indec_Estacional_variacion_interanual,132.1,%,indec,2026-08-05T21:48:05.576542+00:00
AR,2022-11-01,nan (202211),indec_Núcleo_indice,1096.024,indice,indec,2026-08-05T21:48:05.576542+00:00
AR,2022-11-01,nan (202211),indec_Núcleo_variacion_mensual,4.8,%,indec,2026-08-05T21:48:05.576542+00:00
AR,2022-11-01,nan (202211),indec_Núcleo_variacion_interanual,89.1,%,indec,2026-08-05T21:48:05.576542+00:00
AR,2022-11-01,nan (202211),indec_Regulados_indice,880.7676,indice,indec,2026-08-05T21:48:05.576542+00:00
AR,2022-11-01,nan (202211),indec_Regulados_variacion_mensual,6.2,%,indec,2026-08-05T21:48:05.576542+00:00
AR,2022-11-01,nan (202211),indec_Regulados_variacion_interanual,79.7,%,indec,2026-08-05T21:48:05.576542+00:00
AR,2022-11-01,nan (202211),indec_B_indice,1183.9094,indice,indec,2026-08-05T21:48:05.576542+00:00
AR,2022-11-01,nan (202211),indec_B_variacion_mensual,4.5,%,indec,2026-08-05T21:48:05.576542+00:00
AR,2022-11-01,nan (202211),indec_B_variacion_interanual,95.5,%,indec,2026-08-05T21:48:05.576542+00:00
AR,2022-11-01,nan (202211),indec_S_indice,874.7005,indice,indec,2026-08-05T21:48:05.576542+00:00
AR,2022-11-01,nan (202211),indec_S_variacion_mensual,5.8,%,indec,2026-08-05T21:48:05.576542+00:00
AR,2022-11-01,nan (202211),indec_S_variacion_interanual,84.3,%,indec,2026-08-05T21:48:05.576542+00:00
AR,2022-12-01,NIVEL GENERAL (202212),indec_0_indice,1134.5875,indice,indec,2026-08-05T21:48:05.576542+00:00
AR,2022-12-01,NIVEL GENERAL (202212),indec_0_variacion_mensual,5.1,%,indec,2026-08-05T21:48:05.576542+00:00
AR,2022-12-01,NIVEL GENERAL (202212),indec_0_variacion_interanual,94.8,%,indec,2026-08-05T21:48:05.576542+00:00
AR,2022-12-01,Alimentos y bebidas no alcohólicas (202212),indec_01_indice,1187.9252,indice,indec,2026-08-05T21:48:05.576542+00:00
AR,2022-12-01,Alimentos y bebidas no alcohólicas (202212),indec_01_variacion_mensual,4.7,%,indec,2026-08-05T21:48:05.576542+00:00
AR,2022-12-01,Alimentos y bebidas no alcohólicas (202212),indec_01_variacion_interanual,95.0,%,indec,2026-08-05T21:48:05.576542+00:00
AR,2022-12-01,Bebidas alcohólicas y tabaco (202212),indec_02_indice,948.7615,indice,indec,2026-08-05T21:48:05.576542+00:00
AR,2022-12-01,Bebidas alcohólicas y tabaco (202212),indec_02_variacion_mensual,7.1,%,indec,2026-08-05T21:48:05.576542+00:00
AR,2022-12-01,Bebidas alcohólicas y tabaco (202212),indec_02_variacion_interanual,92.9,%,indec,2026-08-05T21:48:05.576542+00:00
AR,2022-12-01,Prendas de vestir y calzado (202212),indec_03_indice,1371.3368,indice,indec,2026-08-05T21:48:05.576542+00:00
AR,2022-12-01,Prendas de vestir y calzado (202212),indec_03_variacion_mensual,4.0,%,indec,2026-08-05T21:48:05.576542+00:00
AR,2022-12-01,Prendas de vestir y calzado (202212),indec_03_variacion_interanual,120.8,%,indec,2026-08-05T21:48:05.576542+00:00
AR,2022-12-01,"Vivienda, agua, electricidad, gas y otros combustibles (202212)",indec_04_indice,860.1091,indice,indec,2026-08-05T21:48:05.576542+00:00
AR,2022-12-01,"Vivienda, agua, electricidad, gas y otros combustibles (202212)",indec_04_variacion_mensual,4.2,%,indec,2026-08-05T21:48:05.576542+00:00
AR,2022-12-01,"Vivienda, agua, electricidad, gas y otros combustibles (202212)",indec_04_variacion_interanual,80.4,%,indec,2026-08-05T21:48:05.576542+00:00
AR,2022-12-01,Equipamiento y mantenimiento del hogar (202212),indec_05_indice,1148.5321,indice,indec,2026-08-05T21:48:05.576542+00:00
AR,2022-12-01,Equipamiento y mantenimiento del hogar (202212),indec_05_variacion_mensual,5.9,%,indec,2026-08-05T21:48:05.576542+00:00
AR,2022-12-01,Equipamiento y mantenimiento del hogar (202212),indec_05_variacion_interanual,97.2,%,indec,2026-08-05T21:48:05.576542+00:00
AR,2022-12-01,Salud (202212),indec_06_indice,1231.4648,indice,indec,2026-08-05T21:48:05.576542+00:00
AR,2022-12-01,Salud (202212),indec_06_variacion_mensual,5.7,%,indec,2026-08-05T21:48:05.576542+00:00
AR,2022-12-01,Salud (202212),indec_06_variacion_interanual,90.9,%,indec,2026-08-05T21:48:05.576542+00:00
AR,2022-12-01,Transporte (202212),indec_07_indice,1186.6265,indice,indec,2026-08-05T21:48:05.576542+00:00
AR,2022-12-01,Transporte (202212),indec_07_variacion_mensual,5.8,%,indec,2026-08-05T21:48:05.576542+00:00
AR,2022-12-01,Transporte (202212),indec_07_variacion_interanual,86.2,%,indec,2026-08-05T21:48:05.576542+00:00
AR,2022-12-01,Comunicación (202212),indec_08_indice,837.1999,indice,indec,2026-08-05T21:48:05.576542+00:00
AR,2022-12-01,Comunicación (202212),indec_08_variacion_mensual,3.4,%,indec,2026-08-05T21:48:05.576542+00:00
AR,2022-12-01,Comunicación (202212),indec_08_variacion_interanual,67.8,%,indec,2026-08-05T21:48:05.576542+00:00
AR,2022-12-01,Recreación y cultura (202212),indec_09_indice,1042.694,indice,indec,2026-08-05T21:48:05.576542+00:00
AR,2022-12-01,Recreación y cultura (202212),indec_09_variacion_mensual,4.6,%,indec,2026-08-05T21:48:05.576542+00:00
AR,2022-12-01,Recreación y cultura (202212),indec_09_variacion_interanual,83.2,%,indec,2026-08-05T21:48:05.576542+00:00
AR,2022-12-01,Educación (202212),indec_10_indice,892.6222,indice,indec,2026-08-05T21:48:05.576542+00:00
AR,2022-12-01,Educación (202212),indec_10_variacion_mensual,3.9,%,indec,2026-08-05T21:48:05.576542+00:00
AR,2022-12-01,Educación (202212),indec_10_variacion_interanual,86.3,%,indec,2026-08-05T21:48:05.576542+00:00
AR,2022-12-01,Restaurantes y hoteles (202212),indec_11_indice,1200.8127,indice,indec,2026-08-05T21:48:05.576542+00:00
AR,2022-12-01,Restaurantes y hoteles (202212),indec_11_variacion_mensual,7.2,%,indec,2026-08-05T21:48:05.576542+00:00
AR,2022-12-01,Restaurantes y hoteles (202212),indec_11_variacion_interanual,108.8,%,indec,2026-08-05T21:48:05.576542+00:00
AR,2022-12-01,Bienes y servicios varios (202212),indec_12_indice,995.2681,indice,indec,2026-08-05T21:48:05.576542+00:00
AR,2022-12-01,Bienes y servicios varios (202212),indec_12_variacion_mensual,5.7,%,indec,2026-08-05T21:48:05.576542+00:00
AR,2022-12-01,Bienes y servicios varios (202212),indec_12_variacion_interanual,97.8,%,indec,2026-08-05T21:48:05.576542+00:00
AR,2022-12-01,nan (202212),indec_Estacional_indice,1413.2059,indice,indec,2026-08-05T21:48:05.576542+00:00
AR,2022-12-01,nan (202212),indec_Estacional_variacion_mensual,4.6,%,indec,2026-08-05T21:48:05.576542+00:00
AR,2022-12-01,nan (202212),indec_Estacional_variacion_interanual,134.1,%,indec,2026-08-05T21:48:05.576542+00:00
AR,2022-12-01,nan (202212),indec_Núcleo_indice,1153.5771,indice,indec,2026-08-05T21:48:05.576542+00:00
AR,2022-12-01,nan (202212),indec_Núcleo_variacion_mensual,5.3,%,indec,2026-08-05T21:48:05.576542+00:00
AR,2022-12-01,nan (202212),indec_Núcleo_variacion_interanual,90.6,%,indec,2026-08-05T21:48:05.576542+00:00
AR,2022-12-01,nan (202212),indec_Regulados_indice,925.7853,indice,indec,2026-08-05T21:48:05.576542+00:00
AR,2022-12-01,nan (202212),indec_Regulados_variacion_mensual,5.1,%,indec,2026-08-05T21:48:05.576542+00:00
AR,2022-12-01,nan (202212),indec_Regulados_variacion_interanual,85.7,%,indec,2026-08-05T21:48:05.576542+00:00
AR,2022-12-01,nan (202212),indec_B_indice,1244.8284,indice,indec,2026-08-05T21:48:05.576542+00:00
AR,2022-12-01,nan (202212),indec_B_variacion_mensual,5.1,%,indec,2026-08-05T21:48:05.576542+00:00
AR,2022-12-01,nan (202212),indec_B_variacion_interanual,97.9,%,indec,2026-08-05T21:48:05.576542+00:00
AR,2022-12-01,nan (202212),indec_S_indice,919.3928,indice,indec,2026-08-05T21:48:05.576542+00:00
AR,2022-12-01,nan (202212),indec_S_variacion_mensual,5.1,%,indec,2026-08-05T21:48:05.576542+00:00
AR,2022-12-01,nan (202212),indec_S_variacion_interanual,86.8,%,indec,2026-08-05T21:48:05.576542+00:00
AR,2023-01-01,NIVEL GENERAL (202301),indec_0_indice,1202.979,indice,indec,2026-08-05T21:48:05.576542+00:00
AR,2023-01-01,NIVEL GENERAL (202301),indec_0_variacion_mensual,6.0,%,indec,2026-08-05T21:48:05.576542+00:00
AR,2023-01-01,NIVEL GENERAL (202301),indec_0_variacion_interanual,98.8,%,indec,2026-08-05T21:48:05.576542+00:00
AR,2023-01-01,Alimentos y bebidas no alcohólicas (202301),indec_01_indice,1268.3385,indice,indec,2026-08-05T21:48:05.576542+00:00
AR,2023-01-01,Alimentos y bebidas no alcohólicas (202301),indec_01_variacion_mensual,6.8,%,indec,2026-08-05T21:48:05.576542+00:00
AR,2023-01-01,Alimentos y bebidas no alcohólicas (202301),indec_01_variacion_interanual,98.4,%,indec,2026-08-05T21:48:05.576542+00:00
AR,2023-01-01,Bebidas alcohólicas y tabaco (202301),indec_02_indice,1017.8777,indice,indec,2026-08-05T21:48:05.576542+00:00
AR,2023-01-01,Bebidas alcohólicas y tabaco (202301),indec_02_variacion_mensual,7.3,%,indec,2026-08-05T21:48:05.576542+00:00
AR,2023-01-01,Bebidas alcohólicas y tabaco (202301),indec_02_variacion_interanual,103.3,%,indec,2026-08-05T21:48:05.576542+00:00
AR,2023-01-01,Prendas de vestir y calzado (202301),indec_03_indice,1402.845,indice,indec,2026-08-05T21:48:05.576542+00:00
AR,2023-01-01,Prendas de vestir y calzado (202301),indec_03_variacion_mensual,2.3,%,indec,2026-08-05T21:48:05.576542+00:00
AR,2023-01-01,Prendas de vestir y calzado (202301),indec_03_variacion_interanual,120.6,%,indec,2026-08-05T21:48:05.576542+00:00
AR,2023-01-01,"Vivienda, agua, electricidad, gas y otros combustibles (202301)",indec_04_indice,929.1621,indice,indec,2026-08-05T21:48:05.576542+00:00
AR,2023-01-01,"Vivienda, agua, electricidad, gas y otros combustibles (202301)",indec_04_variacion_mensual,8.0,%,indec,2026-08-05T21:48:05.576542+00:00
AR,2023-01-01,"Vivienda, agua, electricidad, gas y otros combustibles (202301)",indec_04_variacion_interanual,91.5,%,indec,2026-08-05T21:48:05.576542+00:00
AR,2023-01-01,Equipamiento y mantenimiento del hogar (202301),indec_05_indice,1210.6926,indice,indec,2026-08-05T21:48:05.576542+00:00
AR,2023-01-01,Equipamiento y mantenimiento del hogar (202301),indec_05_variacion_mensual,5.4,%,indec,2026-08-05T21:48:05.576542+00:00
AR,2023-01-01,Equipamiento y mantenimiento del hogar (202301),indec_05_variacion_interanual,101.2,%,indec,2026-08-05T21:48:05.576542+00:00
AR,2023-01-01,Salud (202301),indec_06_indice,1291.7546,indice,indec,2026-08-05T21:48:05.576542+00:00
AR,2023-01-01,Salud (202301),indec_06_variacion_mensual,4.9,%,indec,2026-08-05T21:48:05.576542+00:00
AR,2023-01-01,Salud (202301),indec_06_variacion_interanual,92.3,%,indec,2026-08-05T21:48:05.576542+00:00
AR,2023-01-01,Transporte (202301),indec_07_indice,1257.1122,indice,indec,2026-08-05T21:48:05.576542+00:00
AR,2023-01-01,Transporte (202301),indec_07_variacion_mensual,5.9,%,indec,2026-08-05T21:48:05.576542+00:00
AR,2023-01-01,Transporte (202301),indec_07_variacion_interanual,92.0,%,indec,2026-08-05T21:48:05.576542+00:00
AR,2023-01-01,Comunicación (202301),indec_08_indice,903.9001,indice,indec,2026-08-05T21:48:05.576542+00:00
AR,2023-01-01,Comunicación (202301),indec_08_variacion_mensual,8.0,%,indec,2026-08-05T21:48:05.576542+00:00
AR,2023-01-01,Comunicación (202301),indec_08_variacion_interanual,68.6,%,indec,2026-08-05T21:48:05.576542+00:00
AR,2023-01-01,Recreación y cultura (202301),indec_09_indice,1136.1135,indice,indec,2026-08-05T21:48:05.576542+00:00
AR,2023-01-01,Recreación y cultura (202301),indec_09_variacion_mensual,9.0,%,indec,2026-08-05T21:48:05.576542+00:00
AR,2023-01-01,Recreación y cultura (202301),indec_09_variacion_interanual,91.6,%,indec,2026-08-05T21:48:05.576542+00:00
AR,2023-01-01,Educación (202301),indec_10_indice,902.0686,indice,indec,2026-08-05T21:48:05.576542+00:00
AR,2023-01-01,Educación (202301),indec_10_variacion_mensual,1.1,%,indec,2026-08-05T21:48:05.576542+00:00
AR,2023-01-01,Educación (202301),indec_10_variacion_interanual,86.9,%,indec,2026-08-05T21:48:05.576542+00:00
AR,2023-01-01,Restaurantes y hoteles (202301),indec_11_indice,1275.6081,indice,indec,2026-08-05T21:48:05.576542+00:00
AR,2023-01-01,Restaurantes y hoteles (202301),indec_11_variacion_mensual,6.2,%,indec,2026-08-05T21:48:05.576542+00:00
AR,2023-01-01,Restaurantes y hoteles (202301),indec_11_variacion_interanual,109.9,%,indec,2026-08-05T21:48:05.576542+00:00
AR,2023-01-01,Bienes y servicios varios (202301),indec_12_indice,1062.9991,indice,indec,2026-08-05T21:48:05.576542+00:00
AR,2023-01-01,Bienes y servicios varios (202301),indec_12_variacion_mensual,6.8,%,indec,2026-08-05T21:48:05.576542+00:00
AR,2023-01-01,Bienes y servicios varios (202301),indec_12_variacion_interanual,102.6,%,indec,2026-08-05T21:48:05.576542+00:00
AR,2023-01-01,nan (202301),indec_Estacional_indice,1525.1043,indice,indec,2026-08-05T21:48:05.576542+00:00
AR,2023-01-01,nan (202301),indec_Estacional_variacion_mensual,7.9,%,indec,2026-08-05T21:48:05.576542+00:00
AR,2023-01-01,nan (202301),indec_Estacional_variacion_interanual,131.7,%,indec,2026-08-05T21:48:05.576542+00:00
AR,2023-01-01,nan (202301),indec_Núcleo_indice,1215.3182,indice,indec,2026-08-05T21:48:05.576542+00:00
AR,2023-01-01,nan (202301),indec_Núcleo_variacion_mensual,5.4,%,indec,2026-08-05T21:48:05.576542+00:00
AR,2023-01-01,nan (202301),indec_Núcleo_variacion_interanual,94.4,%,indec,2026-08-05T21:48:05.576542+00:00
AR,2023-01-01,nan (202301),indec_Regulados_indice,991.5192,indice,indec,2026-08-05T21:48:05.576542+00:00
AR,2023-01-01,nan (202301),indec_Regulados_variacion_mensual,7.1,%,indec,2026-08-05T21:48:05.576542+00:00
AR,2023-01-01,nan (202301),indec_Regulados_variacion_interanual,93.5,%,indec,2026-08-05T21:48:05.576542+00:00
AR,2023-01-01,nan (202301),indec_B_indice,1311.7457,indice,indec,2026-08-05T21:48:05.576542+00:00
AR,2023-01-01,nan (202301),indec_B_variacion_mensual,5.4,%,indec,2026-08-05T21:48:05.576542+00:00
AR,2023-01-01,nan (202301),indec_B_variacion_interanual,100.9,%,indec,2026-08-05T21:48:05.576542+00:00
AR,2023-01-01,nan (202301),indec_S_indice,989.7596,indice,indec,2026-08-05T21:48:05.576542+00:00
AR,2023-01-01,nan (202301),indec_S_variacion_mensual,7.7,%,indec,2026-08-05T21:48:05.576542+00:00
AR,2023-01-01,nan (202301),indec_S_variacion_interanual,93.3,%,indec,2026-08-05T21:48:05.576542+00:00
AR,2023-02-01,NIVEL GENERAL (202302),indec_0_indice,1282.7091,indice,indec,2026-08-05T21:48:05.576542+00:00
AR,2023-02-01,NIVEL GENERAL (202302),indec_0_variacion_mensual,6.6,%,indec,2026-08-05T21:48:05.576542+00:00
AR,2023-02-01,NIVEL GENERAL (202302),indec_0_variacion_interanual,102.5,%,indec,2026-08-05T21:48:05.576542+00:00
AR,2023-02-01,Alimentos y bebidas no alcohólicas (202302),indec_01_indice,1392.3999,indice,indec,2026-08-05T21:48:05.576542+00:00
AR,2023-02-01,Alimentos y bebidas no alcohólicas (202302),indec_01_variacion_mensual,9.8,%,indec,2026-08-05T21:48:05.576542+00:00
AR,2023-02-01,Alimentos y bebidas no alcohólicas (202302),indec_01_variacion_interanual,102.6,%,indec,2026-08-05T21:48:05.576542+00:00
AR,2023-02-01,Bebidas alcohólicas y tabaco (202302),indec_02_indice,1071.1087,indice,indec,2026-08-05T21:48:05.576542+00:00
AR,2023-02-01,Bebidas alcohólicas y tabaco (202302),indec_02_variacion_mensual,5.2,%,indec,2026-08-05T21:48:05.576542+00:00
AR,2023-02-01,Bebidas alcohólicas y tabaco (202302),indec_02_variacion_interanual,108.4,%,indec,2026-08-05T21:48:05.576542+00:00
AR,2023-02-01,Prendas de vestir y calzado (202302),indec_03_indice,1457.7661,indice,indec,2026-08-05T21:48:05.576542+00:00
AR,2023-02-01,Prendas de vestir y calzado (202302),indec_03_variacion_mensual,3.9,%,indec,2026-08-05T21:48:05.576542+00:00
AR,2023-02-01,Prendas de vestir y calzado (202302),indec_03_variacion_interanual,121.7,%,indec,2026-08-05T21:48:05.576542+00:00
AR,2023-02-01,"Vivienda, agua, electricidad, gas y otros combustibles (202302)",indec_04_indice,973.7901,indice,indec,2026-08-05T21:48:05.576542+00:00
AR,2023-02-01,"Vivienda, agua, electricidad, gas y otros combustibles (202302)",indec_04_variacion_mensual,4.8,%,indec,2026-08-05T21:48:05.576542+00:00
AR,2023-02-01,"Vivienda, agua, electricidad, gas y otros combustibles (202302)",indec_04_variacion_interanual,95.2,%,indec,2026-08-05T21:48:05.576542+00:00
AR,2023-02-01,Equipamiento y mantenimiento del hogar (202302),indec_05_indice,1271.8967,indice,indec,2026-08-05T21:48:05.576542+00:00
AR,2023-02-01,Equipamiento y mantenimiento del hogar (202302),indec_05_variacion_mensual,5.1,%,indec,2026-08-05T21:48:05.576542+00:00
AR,2023-02-01,Equipamiento y mantenimiento del hogar (202302),indec_05_variacion_interanual,102.4,%,indec,2026-08-05T21:48:05.576542+00:00
AR,2023-02-01,Salud (202302),indec_06_indice,1360.5006,indice,indec,2026-08-05T21:48:05.576542+00:00
AR,2023-02-01,Salud (202302),indec_06_variacion_mensual,5.3,%,indec,2026-08-05T21:48:05.576542+00:00
AR,2023-02-01,Salud (202302),indec_06_variacion_interanual,95.4,%,indec,2026-08-05T21:48:05.576542+00:00
AR,2023-02-01,Transporte (202302),indec_07_indice,1318.1813,indice,indec,2026-08-05T21:48:05.576542+00:00
AR,2023-02-01,Transporte (202302),indec_07_variacion_mensual,4.9,%,indec,2026-08-05T21:48:05.576542+00:00
AR,2023-02-01,Transporte (202302),indec_07_variacion_interanual,91.8,%,indec,2026-08-05T21:48:05.576542+00:00
AR,2023-02-01,Comunicación (202302),indec_08_indice,974.8005,indice,indec,2026-08-05T21:48:05.576542+00:00
AR,2023-02-01,Comunicación (202302),indec_08_variacion_mensual,7.8,%,indec,2026-08-05T21:48:05.576542+00:00
AR,2023-02-01,Comunicación (202302),indec_08_variacion_interanual,79.2,%,indec,2026-08-05T21:48:05.576542+00:00
AR,2023-02-01,Recreación y cultura (202302),indec_09_indice,1205.9377,indice,indec,2026-08-05T21:48:05.576542+00:00
AR,2023-02-01,Recreación y cultura (202302),indec_09_variacion_mensual,6.1,%,indec,2026-08-05T21:48:05.576542+00:00
AR,2023-02-01,Recreación y cultura (202302),indec_09_variacion_interanual,98.8,%,indec,2026-08-05T21:48:05.576542+00:00
AR,2023-02-01,Educación (202302),indec_10_indice,930.4868,indice,indec,2026-08-05T21:48:05.576542+00:00
AR,2023-02-01,Educación (202302),indec_10_variacion_mensual,3.2,%,indec,2026-08-05T21:48:05.576542+00:00
AR,2023-02-01,Educación (202302),indec_10_variacion_interanual,87.8,%,indec,2026-08-05T21:48:05.576542+00:00
AR,2023-02-01,Restaurantes y hoteles (202302),indec_11_indice,1371.9038,indice,indec,2026-08-05T21:48:05.576542+00:00
AR,2023-02-01,Restaurantes y hoteles (202302),indec_11_variacion_mensual,7.5,%,indec,2026-08-05T21:48:05.576542+00:00
AR,2023-02-01,Restaurantes y hoteles (202302),indec_11_variacion_interanual,116.4,%,indec,2026-08-05T21:48:05.576542+00:00
AR,2023-02-01,Bienes y servicios varios (202302),indec_12_indice,1131.9624,indice,indec,2026-08-05T21:48:05.576542+00:00
AR,2023-02-01,Bienes y servicios varios (202302),indec_12_variacion_mensual,6.5,%,indec,2026-08-05T21:48:05.576542+00:00
AR,2023-02-01,Bienes y servicios varios (202302),indec_12_variacion_interanual,106.8,%,indec,2026-08-05T21:48:05.576542+00:00
AR,2023-02-01,nan (202302),indec_Estacional_indice,1575.9625,indice,indec,2026-08-05T21:48:05.576542+00:00
AR,2023-02-01,nan (202302),indec_Estacional_variacion_mensual,3.3,%,indec,2026-08-05T21:48:05.576542+00:00
AR,2023-02-01,nan (202302),indec_Estacional_variacion_interanual,120.8,%,indec,2026-08-05T21:48:05.576542+00:00
AR,2023-02-01,nan (202302),indec_Núcleo_indice,1308.7788,indice,indec,2026-08-05T21:48:05.576542+00:00
AR,2023-02-01,nan (202302),indec_Núcleo_variacion_mensual,7.7,%,indec,2026-08-05T21:48:05.576542+00:00
AR,2023-02-01,nan (202302),indec_Núcleo_variacion_interanual,100.4,%,indec,2026-08-05T21:48:05.576542+00:00
AR,2023-02-01,nan (202302),indec_Regulados_indice,1042.4951,indice,indec,2026-08-05T21:48:05.576542+00:00
AR,2023-02-01,nan (202302),indec_Regulados_variacion_mensual,5.1,%,indec,2026-08-05T21:48:05.576542+00:00
AR,2023-02-01,nan (202302),indec_Regulados_variacion_interanual,97.3,%,indec,2026-08-05T21:48:05.576542+00:00
AR,2023-02-01,nan (202302),indec_B_indice,1403.7836,indice,indec,2026-08-05T21:48:05.576542+00:00
AR,2023-02-01,nan (202302),indec_B_variacion_mensual,7.0,%,indec,2026-08-05T21:48:05.576542+00:00
AR,2023-02-01,nan (202302),indec_B_variacion_interanual,103.7,%,indec,2026-08-05T21:48:05.576542+00:00
AR,2023-02-01,nan (202302),indec_S_indice,1045.908,indice,indec,2026-08-05T21:48:05.576542+00:00
AR,2023-02-01,nan (202302),indec_S_variacion_mensual,5.7,%,indec,2026-08-05T21:48:05.576542+00:00
AR,2023-02-01,nan (202302),indec_S_variacion_interanual,98.7,%,indec,2026-08-05T21:48:05.576542+00:00
AR,2023-03-01,NIVEL GENERAL (202303),indec_0_indice,1381.1601,indice,indec,2026-08-05T21:48:05.576542+00:00
AR,2023-03-01,NIVEL GENERAL (202303),indec_0_variacion_mensual,7.7,%,indec,2026-08-05T21:48:05.576542+00:00
AR,2023-03-01,NIVEL GENERAL (202303),indec_0_variacion_interanual,104.3,%,indec,2026-08-05T21:48:05.576542+00:00
AR,2023-03-01,Alimentos y bebidas no alcohólicas (202303),indec_01_indice,1522.5337,indice,indec,2026-08-05T21:48:05.576542+00:00
AR,2023-03-01,Alimentos y bebidas no alcohólicas (202303),indec_01_variacion_mensual,9.3,%,indec,2026-08-05T21:48:05.576542+00:00
AR,2023-03-01,Alimentos y bebidas no alcohólicas (202303),indec_01_variacion_interanual,106.6,%,indec,2026-08-05T21:48:05.576542+00:00
AR,2023-03-01,Bebidas alcohólicas y tabaco (202303),indec_02_indice,1159.8526,indice,indec,2026-08-05T21:48:05.576542+00:00
AR,2023-03-01,Bebidas alcohólicas y tabaco (202303),indec_02_variacion_mensual,8.3,%,indec,2026-08-05T21:48:05.576542+00:00
AR,2023-03-01,Bebidas alcohólicas y tabaco (202303),indec_02_variacion_interanual,113.4,%,indec,2026-08-05T21:48:05.576542+00:00
AR,2023-03-01,Prendas de vestir y calzado (202303),indec_03_indice,1595.0861,indice,indec,2026-08-05T21:48:05.576542+00:00
AR,2023-03-01,Prendas de vestir y calzado (202303),indec_03_variacion_mensual,9.4,%,indec,2026-08-05T21:48:05.576542+00:00
AR,2023-03-01,Prendas de vestir y calzado (202303),indec_03_variacion_interanual,118.8,%,indec,2026-08-05T21:48:05.576542+00:00
AR,2023-03-01,"Vivienda, agua, electricidad, gas y otros combustibles (202303)",indec_04_indice,1037.2344,indice,indec,2026-08-05T21:48:05.576542+00:00
AR,2023-03-01,"Vivienda, agua, electricidad, gas y otros combustibles (202303)",indec_04_variacion_mensual,6.5,%,indec,2026-08-05T21:48:05.576542+00:00
AR,2023-03-01,"Vivienda, agua, electricidad, gas y otros combustibles (202303)",indec_04_variacion_interanual,93.1,%,indec,2026-08-05T21:48:05.576542+00:00
AR,2023-03-01,Equipamiento y mantenimiento del hogar (202303),indec_05_indice,1345.7519,indice,indec,2026-08-05T21:48:05.576542+00:00
AR,2023-03-01,Equipamiento y mantenimiento del hogar (202303),indec_05_variacion_mensual,5.8,%,indec,2026-08-05T21:48:05.576542+00:00
AR,2023-03-01,Equipamiento y mantenimiento del hogar (202303),indec_05_variacion_interanual,105.2,%,indec,2026-08-05T21:48:05.576542+00:00
AR,2023-03-01,Salud (202303),indec_06_indice,1438.3163,indice,indec,2026-08-05T21:48:05.576542+00:00
AR,2023-03-01,Salud (202303),indec_06_variacion_mensual,5.7,%,indec,2026-08-05T21:48:05.576542+00:00
AR,2023-03-01,Salud (202303),indec_06_variacion_interanual,96.9,%,indec,2026-08-05T21:48:05.576542+00:00
AR,2023-03-01,Transporte (202303),indec_07_indice,1388.1661,indice,indec,2026-08-05T21:48:05.576542+00:00
AR,2023-03-01,Transporte (202303),indec_07_variacion_mensual,5.3,%,indec,2026-08-05T21:48:05.576542+00:00
AR,2023-03-01,Transporte (202303),indec_07_variacion_interanual,91.5,%,indec,2026-08-05T21:48:05.576542+00:00
AR,2023-03-01,Comunicación (202303),indec_08_indice,993.4553,indice,indec,2026-08-05T21:48:05.576542+00:00
AR,2023-03-01,Comunicación (202303),indec_08_variacion_mensual,1.9,%,indec,2026-08-05T21:48:05.576542+00:00
AR,2023-03-01,Comunicación (202303),indec_08_variacion_interanual,76.5,%,indec,2026-08-05T21:48:05.576542+00:00
AR,2023-03-01,Recreación y cultura (202303),indec_09_indice,1258.7738,indice,indec,2026-08-05T21:48:05.576542+00:00
AR,2023-03-01,Recreación y cultura (202303),indec_09_variacion_mensual,4.4,%,indec,2026-08-05T21:48:05.576542+00:00
AR,2023-03-01,Recreación y cultura (202303),indec_09_variacion_interanual,100.8,%,indec,2026-08-05T21:48:05.576542+00:00
AR,2023-03-01,Educación (202303),indec_10_indice,1201.1258,indice,indec,2026-08-05T21:48:05.576542+00:00
AR,2023-03-01,Educación (202303),indec_10_variacion_mensual,29.1,%,indec,2026-08-05T21:48:05.576542+00:00
AR,2023-03-01,Educación (202303),indec_10_variacion_interanual,96.0,%,indec,2026-08-05T21:48:05.576542+00:00
AR,2023-03-01,Restaurantes y hoteles (202303),indec_11_indice,1479.9582,indice,indec,2026-08-05T21:48:05.576542+00:00
AR,2023-03-01,Restaurantes y hoteles (202303),indec_11_variacion_mensual,7.9,%,indec,2026-08-05T21:48:05.576542+00:00
AR,2023-03-01,Restaurantes y hoteles (202303),indec_11_variacion_interanual,121.4,%,indec,2026-08-05T21:48:05.576542+00:00
AR,2023-03-01,Bienes y servicios varios (202303),indec_12_indice,1203.4429,indice,indec,2026-08-05T21:48:05.576542+00:00
AR,2023-03-01,Bienes y servicios varios (202303),indec_12_variacion_mensual,6.3,%,indec,2026-08-05T21:48:05.576542+00:00
AR,2023-03-01,Bienes y servicios varios (202303),indec_12_variacion_interanual,108.3,%,indec,2026-08-05T21:48:05.576542+00:00
AR,2023-03-01,nan (202303),indec_Estacional_indice,1722.9662,indice,indec,2026-08-05T21:48:05.576542+00:00
AR,2023-03-01,nan (202303),indec_Estacional_variacion_mensual,9.3,%,indec,2026-08-05T21:48:05.576542+00:00
AR,2023-03-01,nan (202303),indec_Estacional_variacion_interanual,127.3,%,indec,2026-08-05T21:48:05.576542+00:00
AR,2023-03-01,nan (202303),indec_Núcleo_indice,1403.1434,indice,indec,2026-08-05T21:48:05.576542+00:00
AR,2023-03-01,nan (202303),indec_Núcleo_variacion_mensual,7.2,%,indec,2026-08-05T21:48:05.576542+00:00
AR,2023-03-01,nan (202303),indec_Núcleo_variacion_interanual,102.0,%,indec,2026-08-05T21:48:05.576542+00:00
AR,2023-03-01,nan (202303),indec_Regulados_indice,1128.8908,indice,indec,2026-08-05T21:48:05.576542+00:00
AR,2023-03-01,nan (202303),indec_Regulados_variacion_mensual,8.3,%,indec,2026-08-05T21:48:05.576542+00:00
AR,2023-03-01,nan (202303),indec_Regulados_variacion_interanual,97.1,%,indec,2026-08-05T21:48:05.576542+00:00
AR,2023-03-01,nan (202303),indec_B_indice,1512.8076,indice,indec,2026-08-05T21:48:05.576542+00:00
AR,2023-03-01,nan (202303),indec_B_variacion_mensual,7.8,%,indec,2026-08-05T21:48:05.576542+00:00
AR,2023-03-01,nan (202303),indec_B_variacion_interanual,105.7,%,indec,2026-08-05T21:48:05.576542+00:00
AR,2023-03-01,nan (202303),indec_S_indice,1123.7847,indice,indec,2026-08-05T21:48:05.576542+00:00
AR,2023-03-01,nan (202303),indec_S_variacion_mensual,7.4,%,indec,2026-08-05T21:48:05.576542+00:00
AR,2023-03-01,nan (202303),indec_S_variacion_interanual,100.2,%,indec,2026-08-05T21:48:05.576542+00:00
AR,2023-04-01,NIVEL GENERAL (202304),indec_0_indice,1497.2147,indice,indec,2026-08-05T21:48:05.576542+00:00
AR,2023-04-01,NIVEL GENERAL (202304),indec_0_variacion_mensual,8.4,%,indec,2026-08-05T21:48:05.576542+00:00
AR,2023-04-01,NIVEL GENERAL (202304),indec_0_variacion_interanual,108.8,%,indec,2026-08-05T21:48:05.576542+00:00
AR,2023-04-01,Alimentos y bebidas no alcohólicas (202304),indec_01_indice,1677.0441,indice,indec,2026-08-05T21:48:05.576542+00:00
AR,2023-04-01,Alimentos y bebidas no alcohólicas (202304),indec_01_variacion_mensual,10.1,%,indec,2026-08-05T21:48:05.576542+00:00
AR,2023-04-01,Alimentos y bebidas no alcohólicas (202304),indec_01_variacion_interanual,115.0,%,indec,2026-08-05T21:48:05.576542+00:00
AR,2023-04-01,Bebidas alcohólicas y tabaco (202304),indec_02_indice,1203.7907,indice,indec,2026-08-05T21:48:05.576542+00:00
AR,2023-04-01,Bebidas alcohólicas y tabaco (202304),indec_02_variacion_mensual,3.8,%,indec,2026-08-05T21:48:05.576542+00:00
AR,2023-04-01,Bebidas alcohólicas y tabaco (202304),indec_02_variacion_interanual,114.3,%,indec,2026-08-05T21:48:05.576542+00:00
AR,2023-04-01,Prendas de vestir y calzado (202304),indec_03_indice,1768.0967,indice,indec,2026-08-05T21:48:05.576542+00:00
AR,2023-04-01,Prendas de vestir y calzado (202304),indec_03_variacion_mensual,10.8,%,indec,2026-08-05T21:48:05.576542+00:00
AR,2023-04-01,Prendas de vestir y calzado (202304),indec_03_variacion_interanual,120.7,%,indec,2026-08-05T21:48:05.576542+00:00
AR,2023-04-01,"Vivienda, agua, electricidad, gas y otros combustibles (202304)",indec_04_indice,1095.5146,indice,indec,2026-08-05T21:48:05.576542+00:00
AR,2023-04-01,"Vivienda, agua, electricidad, gas y otros combustibles (202304)",indec_04_variacion_mensual,5.6,%,indec,2026-08-05T21:48:05.576542+00:00
AR,2023-04-01,"Vivienda, agua, electricidad, gas y otros combustibles (202304)",indec_04_variacion_interanual,95.0,%,indec,2026-08-05T21:48:05.576542+00:00
AR,2023-04-01,Equipamiento y mantenimiento del hogar (202304),indec_05_indice,1462.0471,indice,indec,2026-08-05T21:48:05.576542+00:00
AR,2023-04-01,Equipamiento y mantenimiento del hogar (202304),indec_05_variacion_mensual,8.6,%,indec,2026-08-05T21:48:05.576542+00:00
AR,2023-04-01,Equipamiento y mantenimiento del hogar (202304),indec_05_variacion_interanual,111.3,%,indec,2026-08-05T21:48:05.576542+00:00
AR,2023-04-01,Salud (202304),indec_06_indice,1532.9719,indice,indec,2026-08-05T21:48:05.576542+00:00
AR,2023-04-01,Salud (202304),indec_06_variacion_mensual,6.6,%,indec,2026-08-05T21:48:05.576542+00:00
AR,2023-04-01,Salud (202304),indec_06_variacion_interanual,97.2,%,indec,2026-08-05T21:48:05.576542+00:00
AR,2023-04-01,Transporte (202304),indec_07_indice,1477.7098,indice,indec,2026-08-05T21:48:05.576542+00:00
AR,2023-04-01,Transporte (202304),indec_07_variacion_mensual,6.5,%,indec,2026-08-05T21:48:05.576542+00:00
AR,2023-04-01,Transporte (202304),indec_07_variacion_interanual,93.5,%,indec,2026-08-05T21:48:05.576542+00:00
AR,2023-04-01,Comunicación (202304),indec_08_indice,1055.7168,indice,indec,2026-08-05T21:48:05.576542+00:00
AR,2023-04-01,Comunicación (202304),indec_08_variacion_mensual,6.3,%,indec,2026-08-05T21:48:05.576542+00:00
AR,2023-04-01,Comunicación (202304),indec_08_variacion_interanual,81.0,%,indec,2026-08-05T21:48:05.576542+00:00
AR,2023-04-01,Recreación y cultura (202304),indec_09_indice,1353.7339,indice,indec,2026-08-05T21:48:05.576542+00:00
AR,2023-04-01,Recreación y cultura (202304),indec_09_variacion_mensual,7.5,%,indec,2026-08-05T21:48:05.576542+00:00
AR,2023-04-01,Recreación y cultura (202304),indec_09_variacion_interanual,105.2,%,indec,2026-08-05T21:48:05.576542+00:00
AR,2023-04-01,Educación (202304),indec_10_indice,1261.5273,indice,indec,2026-08-05T21:48:05.576542+00:00
AR,2023-04-01,Educación (202304),indec_10_variacion_mensual,5.0,%,indec,2026-08-05T21:48:05.576542+00:00
AR,2023-04-01,Educación (202304),indec_10_variacion_interanual,98.5,%,indec,2026-08-05T21:48:05.576542+00:00
AR,2023-04-01,Restaurantes y hoteles (202304),indec_11_indice,1626.3026,indice,indec,2026-08-05T21:48:05.576542+00:00
AR,2023-04-01,Restaurantes y hoteles (202304),indec_11_variacion_mensual,9.9,%,indec,2026-08-05T21:48:05.576542+00:00
AR,2023-04-01,Restaurantes y hoteles (202304),indec_11_variacion_interanual,126.6,%,indec,2026-08-05T21:48:05.576542+00:00
AR,2023-04-01,Bienes y servicios varios (202304),indec_12_indice,1282.7938,indice,indec,2026-08-05T21:48:05.576542+00:00
AR,2023-04-01,Bienes y servicios varios (202304),indec_12_variacion_mensual,6.6,%,indec,2026-08-05T21:48:05.576542+00:00
AR,2023-04-01,Bienes y servicios varios (202304),indec_12_variacion_interanual,111.0,%,indec,2026-08-05T21:48:05.576542+00:00
AR,2023-04-01,nan (202304),indec_Estacional_indice,1940.9169,indice,indec,2026-08-05T21:48:05.576542+00:00
AR,2023-04-01,nan (202304),indec_Estacional_variacion_mensual,12.6,%,indec,2026-08-05T21:48:05.576542+00:00
AR,2023-04-01,nan (202304),indec_Estacional_variacion_interanual,142.9,%,indec,2026-08-05T21:48:05.576542+00:00
AR,2023-04-01,nan (202304),indec_Núcleo_indice,1521.0163,indice,indec,2026-08-05T21:48:05.576542+00:00
AR,2023-04-01,nan (202304),indec_Núcleo_variacion_mensual,8.4,%,indec,2026-08-05T21:48:05.576542+00:00
AR,2023-04-01,nan (202304),indec_Núcleo_variacion_interanual,105.2,%,indec,2026-08-05T21:48:05.576542+00:00
AR,2023-04-01,nan (202304),indec_Regulados_indice,1184.1465,indice,indec,2026-08-05T21:48:05.576542+00:00
AR,2023-04-01,nan (202304),indec_Regulados_variacion_mensual,4.9,%,indec,2026-08-05T21:48:05.576542+00:00
AR,2023-04-01,nan (202304),indec_Regulados_variacion_interanual,98.9,%,indec,2026-08-05T21:48:05.576542+00:00
AR,2023-04-01,nan (202304),indec_B_indice,1650.4841,indice,indec,2026-08-05T21:48:05.576542+00:00
AR,2023-04-01,nan (202304),indec_B_variacion_mensual,9.1,%,indec,2026-08-05T21:48:05.576542+00:00
AR,2023-04-01,nan (202304),indec_B_variacion_interanual,110.9,%,indec,2026-08-05T21:48:05.576542+00:00
AR,2023-04-01,nan (202304),indec_S_indice,1197.436,indice,indec,2026-08-05T21:48:05.576542+00:00
AR,2023-04-01,nan (202304),indec_S_variacion_mensual,6.6,%,indec,2026-08-05T21:48:05.576542+00:00
AR,2023-04-01,nan (202304),indec_S_variacion_interanual,103.0,%,indec,2026-08-05T21:48:05.576542+00:00
AR,2023-05-01,NIVEL GENERAL (202305),indec_0_indice,1613.5895,indice,indec,2026-08-05T21:48:05.576542+00:00
AR,2023-05-01,NIVEL GENERAL (202305),indec_0_variacion_mensual,7.8,%,indec,2026-08-05T21:48:05.576542+00:00
AR,2023-05-01,NIVEL GENERAL (202305),indec_0_variacion_interanual,114.2,%,indec,2026-08-05T21:48:05.576542+00:00
AR,2023-05-01,Alimentos y bebidas no alcohólicas (202305),indec_01_indice,1774.4119,indice,indec,2026-08-05T21:48:05.576542+00:00
AR,2023-05-01,Alimentos y bebidas no alcohólicas (202305),indec_01_variacion_mensual,5.8,%,indec,2026-08-05T21:48:05.576542+00:00
AR,2023-05-01,Alimentos y bebidas no alcohólicas (202305),indec_01_variacion_interanual,117.8,%,indec,2026-08-05T21:48:05.576542+00:00
AR,2023-05-01,Bebidas alcohólicas y tabaco (202305),indec_02_indice,1305.3763,indice,indec,2026-08-05T21:48:05.576542+00:00
AR,2023-05-01,Bebidas alcohólicas y tabaco (202305),indec_02_variacion_mensual,8.4,%,indec,2026-08-05T21:48:05.576542+00:00
AR,2023-05-01,Bebidas alcohólicas y tabaco (202305),indec_02_variacion_interanual,119.9,%,indec,2026-08-05T21:48:05.576542+00:00
AR,2023-05-01,Prendas de vestir y calzado (202305),indec_03_indice,1903.1899,indice,indec,2026-08-05T21:48:05.576542+00:00
AR,2023-05-01,Prendas de vestir y calzado (202305),indec_03_variacion_mensual,7.6,%,indec,2026-08-05T21:48:05.576542+00:00
AR,2023-05-01,Prendas de vestir y calzado (202305),indec_03_variacion_interanual,124.7,%,indec,2026-08-05T21:48:05.576542+00:00
AR,2023-05-01,"Vivienda, agua, electricidad, gas y otros combustibles (202305)",indec_04_indice,1225.368,indice,indec,2026-08-05T21:48:05.576542+00:00
AR,2023-05-01,"Vivienda, agua, electricidad, gas y otros combustibles (202305)",indec_04_variacion_mensual,11.9,%,indec,2026-08-05T21:48:05.576542+00:00
AR,2023-05-01,"Vivienda, agua, electricidad, gas y otros combustibles (202305)",indec_04_variacion_interanual,110.6,%,indec,2026-08-05T21:48:05.576542+00:00
AR,2023-05-01,Equipamiento y mantenimiento del hogar (202305),indec_05_indice,1590.1014,indice,indec,2026-08-05T21:48:05.576542+00:00
AR,2023-05-01,Equipamiento y mantenimiento del hogar (202305),indec_05_variacion_mensual,8.8,%,indec,2026-08-05T21:48:05.576542+00:00
AR,2023-05-01,Equipamiento y mantenimiento del hogar (202305),indec_05_variacion_interanual,118.1,%,indec,2026-08-05T21:48:05.576542+00:00
AR,2023-05-01,Salud (202305),indec_06_indice,1671.6594,indice,indec,2026-08-05T21:48:05.576542+00:00
AR,2023-05-01,Salud (202305),indec_06_variacion_mensual,9.0,%,indec,2026-08-05T21:48:05.576542+00:00
AR,2023-05-01,Salud (202305),indec_06_variacion_interanual,102.5,%,indec,2026-08-05T21:48:05.576542+00:00
AR,2023-05-01,Transporte (202305),indec_07_indice,1597.93,indice,indec,2026-08-05T21:48:05.576542+00:00
AR,2023-05-01,Transporte (202305),indec_07_variacion_mensual,8.1,%,indec,2026-08-05T21:48:05.576542+00:00
AR,2023-05-01,Transporte (202305),indec_07_variacion_interanual,97.2,%,indec,2026-08-05T21:48:05.576542+00:00
AR,2023-05-01,Comunicación (202305),indec_08_indice,1126.7574,indice,indec,2026-08-05T21:48:05.576542+00:00
AR,2023-05-01,Comunicación (202305),indec_08_variacion_mensual,6.7,%,indec,2026-08-05T21:48:05.576542+00:00
AR,2023-05-01,Comunicación (202305),indec_08_variacion_interanual,87.4,%,indec,2026-08-05T21:48:05.576542+00:00
AR,2023-05-01,Recreación y cultura (202305),indec_09_indice,1466.9417,indice,indec,2026-08-05T21:48:05.576542+00:00
AR,2023-05-01,Recreación y cultura (202305),indec_09_variacion_mensual,8.4,%,indec,2026-08-05T21:48:05.576542+00:00
AR,2023-05-01,Recreación y cultura (202305),indec_09_variacion_interanual,111.4,%,indec,2026-08-05T21:48:05.576542+00:00
AR,2023-05-01,Educación (202305),indec_10_indice,1323.5067,indice,indec,2026-08-05T21:48:05.576542+00:00
AR,2023-05-01,Educación (202305),indec_10_variacion_mensual,4.9,%,indec,2026-08-05T21:48:05.576542+00:00
AR,2023-05-01,Educación (202305),indec_10_variacion_interanual,101.7,%,indec,2026-08-05T21:48:05.576542+00:00
AR,2023-05-01,Restaurantes y hoteles (202305),indec_11_indice,1778.1049,indice,indec,2026-08-05T21:48:05.576542+00:00
AR,2023-05-01,Restaurantes y hoteles (202305),indec_11_variacion_mensual,9.3,%,indec,2026-08-05T21:48:05.576542+00:00
AR,2023-05-01,Restaurantes y hoteles (202305),indec_11_variacion_interanual,134.5,%,indec,2026-08-05T21:48:05.576542+00:00
AR,2023-05-01,Bienes y servicios varios (202305),indec_12_indice,1373.9512,indice,indec,2026-08-05T21:48:05.576542+00:00
AR,2023-05-01,Bienes y servicios varios (202305),indec_12_variacion_mensual,7.1,%,indec,2026-08-05T21:48:05.576542+00:00
AR,2023-05-01,Bienes y servicios varios (202305),indec_12_variacion_interanual,116.1,%,indec,2026-08-05T21:48:05.576542+00:00
AR,2023-05-01,nan (202305),indec_Estacional_indice,2056.8651,indice,indec,2026-08-05T21:48:05.576542+00:00
AR,2023-05-01,nan (202305),indec_Estacional_variacion_mensual,6.0,%,indec,2026-08-05T21:48:05.576542+00:00
AR,2023-05-01,nan (202305),indec_Estacional_variacion_interanual,149.1,%,indec,2026-08-05T21:48:05.576542+00:00
AR,2023-05-01,nan (202305),indec_Núcleo_indice,1640.2912,indice,indec,2026-08-05T21:48:05.576542+00:00
AR,2023-05-01,nan (202305),indec_Núcleo_variacion_mensual,7.8,%,indec,2026-08-05T21:48:05.576542+00:00
AR,2023-05-01,nan (202305),indec_Núcleo_variacion_interanual,110.3,%,indec,2026-08-05T21:48:05.576542+00:00
AR,2023-05-01,nan (202305),indec_Regulados_indice,1291.1045,indice,indec,2026-08-05T21:48:05.576542+00:00
AR,2023-05-01,nan (202305),indec_Regulados_variacion_mensual,9.0,%,indec,2026-08-05T21:48:05.576542+00:00
AR,2023-05-01,nan (202305),indec_Regulados_variacion_interanual,105.3,%,indec,2026-08-05T21:48:05.576542+00:00
AR,2023-05-01,nan (202305),indec_B_indice,1772.9497,indice,indec,2026-08-05T21:48:05.576542+00:00
AR,2023-05-01,nan (202305),indec_B_variacion_mensual,7.4,%,indec,2026-08-05T21:48:05.576542+00:00
AR,2023-05-01,nan (202305),indec_B_variacion_interanual,115.0,%,indec,2026-08-05T21:48:05.576542+00:00
AR,2023-05-01,nan (202305),indec_S_indice,1300.9009,indice,indec,2026-08-05T21:48:05.576542+00:00
AR,2023-05-01,nan (202305),indec_S_variacion_mensual,8.6,%,indec,2026-08-05T21:48:05.576542+00:00
AR,2023-05-01,nan (202305),indec_S_variacion_interanual,111.4,%,indec,2026-08-05T21:48:05.576542+00:00
AR,2023-06-01,NIVEL GENERAL (202306),indec_0_indice,1709.6115,indice,indec,2026-08-05T21:48:05.576542+00:00
AR,2023-06-01,NIVEL GENERAL (202306),indec_0_variacion_mensual,6.0,%,indec,2026-08-05T21:48:05.576542+00:00
AR,2023-06-01,NIVEL GENERAL (202306),indec_0_variacion_interanual,115.6,%,indec,2026-08-05T21:48:05.576542+00:00
AR,2023-06-01,Alimentos y bebidas no alcohólicas (202306),indec_01_indice,1848.0332,indice,indec,2026-08-05T21:48:05.576542+00:00
AR,2023-06-01,Alimentos y bebidas no alcohólicas (202306),indec_01_variacion_mensual,4.1,%,indec,2026-08-05T21:48:05.576542+00:00
AR,2023-06-01,Alimentos y bebidas no alcohólicas (202306),indec_01_variacion_interanual,116.9,%,indec,2026-08-05T21:48:05.576542+00:00
AR,2023-06-01,Bebidas alcohólicas y tabaco (202306),indec_02_indice,1364.1997,indice,indec,2026-08-05T21:48:05.576542+00:00
AR,2023-06-01,Bebidas alcohólicas y tabaco (202306),indec_02_variacion_mensual,4.5,%,indec,2026-08-05T21:48:05.576542+00:00
AR,2023-06-01,Bebidas alcohólicas y tabaco (202306),indec_02_variacion_interanual,115.3,%,indec,2026-08-05T21:48:05.576542+00:00
AR,2023-06-01,Prendas de vestir y calzado (202306),indec_03_indice,1983.4012,indice,indec,2026-08-05T21:48:05.576542+00:00
AR,2023-06-01,Prendas de vestir y calzado (202306),indec_03_variacion_mensual,4.2,%,indec,2026-08-05T21:48:05.576542+00:00
AR,2023-06-01,Prendas de vestir y calzado (202306),indec_03_variacion_interanual,121.4,%,indec,2026-08-05T21:48:05.576542+00:00
AR,2023-06-01,"Vivienda, agua, electricidad, gas y otros combustibles (202306)",indec_04_indice,1324.556,indice,indec,2026-08-05T21:48:05.576542+00:00
AR,2023-06-01,"Vivienda, agua, electricidad, gas y otros combustibles (202306)",indec_04_variacion_mensual,8.1,%,indec,2026-08-05T21:48:05.576542+00:00
AR,2023-06-01,"Vivienda, agua, electricidad, gas y otros combustibles (202306)",indec_04_variacion_interanual,113.2,%,indec,2026-08-05T21:48:05.576542+00:00
AR,2023-06-01,Equipamiento y mantenimiento del hogar (202306),indec_05_indice,1717.2201,indice,indec,2026-08-05T21:48:05.576542+00:00
AR,2023-06-01,Equipamiento y mantenimiento del hogar (202306),indec_05_variacion_mensual,8.0,%,indec,2026-08-05T21:48:05.576542+00:00
AR,2023-06-01,Equipamiento y mantenimiento del hogar (202306),indec_05_variacion_interanual,122.3,%,indec,2026-08-05T21:48:05.576542+00:00
AR,2023-06-01,Salud (202306),indec_06_indice,1815.4471,indice,indec,2026-08-05T21:48:05.576542+00:00
AR,2023-06-01,Salud (202306),indec_06_variacion_mensual,8.6,%,indec,2026-08-05T21:48:05.576542+00:00
AR,2023-06-01,Salud (202306),indec_06_variacion_interanual,104.7,%,indec,2026-08-05T21:48:05.576542+00:00
AR,2023-06-01,Transporte (202306),indec_07_indice,1701.7574,indice,indec,2026-08-05T21:48:05.576542+00:00
AR,2023-06-01,Transporte (202306),indec_07_variacion_mensual,6.5,%,indec,2026-08-05T21:48:05.576542+00:00
AR,2023-06-01,Transporte (202306),indec_07_variacion_interanual,100.5,%,indec,2026-08-05T21:48:05.576542+00:00
AR,2023-06-01,Comunicación (202306),indec_08_indice,1244.8,indice,indec,2026-08-05T21:48:05.576542+00:00
AR,2023-06-01,Comunicación (202306),indec_08_variacion_mensual,10.5,%,indec,2026-08-05T21:48:05.576542+00:00
AR,2023-06-01,Comunicación (202306),indec_08_variacion_interanual,106.2,%,indec,2026-08-05T21:48:05.576542+00:00
AR,2023-06-01,Recreación y cultura (202306),indec_09_indice,1561.7425,indice,indec,2026-08-05T21:48:05.576542+00:00
AR,2023-06-01,Recreación y cultura (202306),indec_09_variacion_mensual,6.5,%,indec,2026-08-05T21:48:05.576542+00:00
AR,2023-06-01,Recreación y cultura (202306),indec_09_variacion_interanual,115.7,%,indec,2026-08-05T21:48:05.576542+00:00
AR,2023-06-01,Educación (202306),indec_10_indice,1410.4778,indice,indec,2026-08-05T21:48:05.576542+00:00
AR,2023-06-01,Educación (202306),indec_10_variacion_mensual,6.6,%,indec,2026-08-05T21:48:05.576542+00:00
AR,2023-06-01,Educación (202306),indec_10_variacion_interanual,110.7,%,indec,2026-08-05T21:48:05.576542+00:00
AR,2023-06-01,Restaurantes y hoteles (202306),indec_11_indice,1890.0322,indice,indec,2026-08-05T21:48:05.576542+00:00
AR,2023-06-01,Restaurantes y hoteles (202306),indec_11_variacion_mensual,6.3,%,indec,2026-08-05T21:48:05.576542+00:00
AR,2023-06-01,Restaurantes y hoteles (202306),indec_11_variacion_interanual,134.7,%,indec,2026-08-05T21:48:05.576542+00:00
AR,2023-06-01,Bienes y servicios varios (202306),indec_12_indice,1464.0524,indice,indec,2026-08-05T21:48:05.576542+00:00
AR,2023-06-01,Bienes y servicios varios (202306),indec_12_variacion_mensual,6.6,%,indec,2026-08-05T21:48:05.576542+00:00
AR,2023-06-01,Bienes y servicios varios (202306),indec_12_variacion_interanual,119.2,%,indec,2026-08-05T21:48:05.576542+00:00
AR,2023-06-01,nan (202306),indec_Estacional_indice,2094.7124,indice,indec,2026-08-05T21:48:05.576542+00:00
AR,2023-06-01,nan (202306),indec_Estacional_variacion_mensual,1.8,%,indec,2026-08-05T21:48:05.576542+00:00
AR,2023-06-01,nan (202306),indec_Estacional_variacion_interanual,137.9,%,indec,2026-08-05T21:48:05.576542+00:00
AR,2023-06-01,nan (202306),indec_Núcleo_indice,1746.7824,indice,indec,2026-08-05T21:48:05.576542+00:00
AR,2023-06-01,nan (202306),indec_Núcleo_variacion_mensual,6.5,%,indec,2026-08-05T21:48:05.576542+00:00
AR,2023-06-01,nan (202306),indec_Núcleo_variacion_interanual,113.1,%,indec,2026-08-05T21:48:05.576542+00:00
AR,2023-06-01,nan (202306),indec_Regulados_indice,1383.8634,indice,indec,2026-08-05T21:48:05.576542+00:00
AR,2023-06-01,nan (202306),indec_Regulados_variacion_mensual,7.2,%,indec,2026-08-05T21:48:05.576542+00:00
AR,2023-06-01,nan (202306),indec_Regulados_variacion_interanual,109.0,%,indec,2026-08-05T21:48:05.576542+00:00
AR,2023-06-01,nan (202306),indec_B_indice,1870.0638,indice,indec,2026-08-05T21:48:05.576542+00:00
AR,2023-06-01,nan (202306),indec_B_variacion_mensual,5.5,%,indec,2026-08-05T21:48:05.576542+00:00
AR,2023-06-01,nan (202306),indec_B_variacion_interanual,115.7,%,indec,2026-08-05T21:48:05.576542+00:00
AR,2023-06-01,nan (202306),indec_S_indice,1395.1812,indice,indec,2026-08-05T21:48:05.576542+00:00
AR,2023-06-01,nan (202306),indec_S_variacion_mensual,7.2,%,indec,2026-08-05T21:48:05.576542+00:00
AR,2023-06-01,nan (202306),indec_S_variacion_interanual,114.8,%,indec,2026-08-05T21:48:05.576542+00:00
AR,2023-07-01,NIVEL GENERAL (202307),indec_0_indice,1818.0838,indice,indec,2026-08-05T21:48:05.576542+00:00
AR,2023-07-01,NIVEL GENERAL (202307),indec_0_variacion_mensual,6.3,%,indec,2026-08-05T21:48:05.576542+00:00
AR,2023-07-01,NIVEL GENERAL (202307),indec_0_variacion_interanual,113.4,%,indec,2026-08-05T21:48:05.576542+00:00
AR,2023-07-01,Alimentos y bebidas no alcohólicas (202307),indec_01_indice,1954.5101,indice,indec,2026-08-05T21:48:05.576542+00:00
AR,2023-07-01,Alimentos y bebidas no alcohólicas (202307),indec_01_variacion_mensual,5.8,%,indec,2026-08-05T21:48:05.576542+00:00
AR,2023-07-01,Alimentos y bebidas no alcohólicas (202307),indec_01_variacion_interanual,116.3,%,indec,2026-08-05T21:48:05.576542+00:00
AR,2023-07-01,Bebidas alcohólicas y tabaco (202307),indec_02_indice,1487.5243,indice,indec,2026-08-05T21:48:05.576542+00:00
AR,2023-07-01,Bebidas alcohólicas y tabaco (202307),indec_02_variacion_mensual,9.0,%,indec,2026-08-05T21:48:05.576542+00:00
AR,2023-07-01,Bebidas alcohólicas y tabaco (202307),indec_02_variacion_interanual,120.6,%,indec,2026-08-05T21:48:05.576542+00:00
AR,2023-07-01,Prendas de vestir y calzado (202307),indec_03_indice,2043.7327,indice,indec,2026-08-05T21:48:05.576542+00:00
AR,2023-07-01,Prendas de vestir y calzado (202307),indec_03_variacion_mensual,3.0,%,indec,2026-08-05T21:48:05.576542+00:00
AR,2023-07-01,Prendas de vestir y calzado (202307),indec_03_variacion_interanual,110.3,%,indec,2026-08-05T21:48:05.576542+00:00
AR,2023-07-01,"Vivienda, agua, electricidad, gas y otros combustibles (202307)",indec_04_indice,1377.3341,indice,indec,2026-08-05T21:48:05.576542+00:00
AR,2023-07-01,"Vivienda, agua, electricidad, gas y otros combustibles (202307)",indec_04_variacion_mensual,4.0,%,indec,2026-08-05T21:48:05.576542+00:00
AR,2023-07-01,"Vivienda, agua, electricidad, gas y otros combustibles (202307)",indec_04_variacion_interanual,112.0,%,indec,2026-08-05T21:48:05.576542+00:00
AR,2023-07-01,Equipamiento y mantenimiento del hogar (202307),indec_05_indice,1822.9318,indice,indec,2026-08-05T21:48:05.576542+00:00
AR,2023-07-01,Equipamiento y mantenimiento del hogar (202307),indec_05_variacion_mensual,6.2,%,indec,2026-08-05T21:48:05.576542+00:00
AR,2023-07-01,Equipamiento y mantenimiento del hogar (202307),indec_05_variacion_interanual,113.9,%,indec,2026-08-05T21:48:05.576542+00:00
AR,2023-07-01,Salud (202307),indec_06_indice,1979.4087,indice,indec,2026-08-05T21:48:05.576542+00:00
AR,2023-07-01,Salud (202307),indec_06_variacion_mensual,9.0,%,indec,2026-08-05T21:48:05.576542+00:00
AR,2023-07-01,Salud (202307),indec_06_variacion_interanual,108.9,%,indec,2026-08-05T21:48:05.576542+00:00
AR,2023-07-01,Transporte (202307),indec_07_indice,1791.7559,indice,indec,2026-08-05T21:48:05.576542+00:00
AR,2023-07-01,Transporte (202307),indec_07_variacion_mensual,5.3,%,indec,2026-08-05T21:48:05.576542+00:00
AR,2023-07-01,Transporte (202307),indec_07_variacion_interanual,100.1,%,indec,2026-08-05T21:48:05.576542+00:00
AR,2023-07-01,Comunicación (202307),indec_08_indice,1396.2642,indice,indec,2026-08-05T21:48:05.576542+00:00
AR,2023-07-01,Comunicación (202307),indec_08_variacion_mensual,12.2,%,indec,2026-08-05T21:48:05.576542+00:00
AR,2023-07-01,Comunicación (202307),indec_08_variacion_interanual,119.3,%,indec,2026-08-05T21:48:05.576542+00:00
AR,2023-07-01,Recreación y cultura (202307),indec_09_indice,1736.5158,indice,indec,2026-08-05T21:48:05.576542+00:00
AR,2023-07-01,Recreación y cultura (202307),indec_09_variacion_mensual,11.2,%,indec,2026-08-05T21:48:05.576542+00:00
AR,2023-07-01,Recreación y cultura (202307),indec_09_variacion_interanual,111.9,%,indec,2026-08-05T21:48:05.576542+00:00
AR,2023-07-01,Educación (202307),indec_10_indice,1496.9625,indice,indec,2026-08-05T21:48:05.576542+00:00
AR,2023-07-01,Educación (202307),indec_10_variacion_mensual,6.1,%,indec,2026-08-05T21:48:05.576542+00:00
AR,2023-07-01,Educación (202307),indec_10_variacion_interanual,110.8,%,indec,2026-08-05T21:48:05.576542+00:00
AR,2023-07-01,Restaurantes y hoteles (202307),indec_11_indice,2030.866,indice,indec,2026-08-05T21:48:05.576542+00:00
AR,2023-07-01,Restaurantes y hoteles (202307),indec_11_variacion_mensual,7.5,%,indec,2026-08-05T21:48:05.576542+00:00
AR,2023-07-01,Restaurantes y hoteles (202307),indec_11_variacion_interanual,129.7,%,indec,2026-08-05T21:48:05.576542+00:00
AR,2023-07-01,Bienes y servicios varios (202307),indec_12_indice,1556.5397,indice,indec,2026-08-05T21:48:05.576542+00:00
AR,2023-07-01,Bienes y servicios varios (202307),indec_12_variacion_mensual,6.3,%,indec,2026-08-05T21:48:05.576542+00:00
AR,2023-07-01,Bienes y servicios varios (202307),indec_12_variacion_interanual,115.6,%,indec,2026-08-05T21:48:05.576542+00:00
AR,2023-07-01,nan (202307),indec_Estacional_indice,2201.586,indice,indec,2026-08-05T21:48:05.576542+00:00
AR,2023-07-01,nan (202307),indec_Estacional_variacion_mensual,5.1,%,indec,2026-08-05T21:48:05.576542+00:00
AR,2023-07-01,nan (202307),indec_Estacional_variacion_interanual,124.7,%,indec,2026-08-05T21:48:05.576542+00:00
AR,2023-07-01,nan (202307),indec_Núcleo_indice,1860.2801,indice,indec,2026-08-05T21:48:05.576542+00:00
AR,2023-07-01,nan (202307),indec_Núcleo_variacion_mensual,6.5,%,indec,2026-08-05T21:48:05.576542+00:00
AR,2023-07-01,nan (202307),indec_Núcleo_variacion_interanual,111.5,%,indec,2026-08-05T21:48:05.576542+00:00
AR,2023-07-01,nan (202307),indec_Regulados_indice,1476.8552,indice,indec,2026-08-05T21:48:05.576542+00:00
AR,2023-07-01,nan (202307),indec_Regulados_variacion_mensual,6.7,%,indec,2026-08-05T21:48:05.576542+00:00
AR,2023-07-01,nan (202307),indec_Regulados_variacion_interanual,112.6,%,indec,2026-08-05T21:48:05.576542+00:00
AR,2023-07-01,nan (202307),indec_B_indice,1983.1238,indice,indec,2026-08-05T21:48:05.576542+00:00
AR,2023-07-01,nan (202307),indec_B_variacion_mensual,6.0,%,indec,2026-08-05T21:48:05.576542+00:00
AR,2023-07-01,nan (202307),indec_B_variacion_interanual,113.1,%,indec,2026-08-05T21:48:05.576542+00:00
AR,2023-07-01,nan (202307),indec_S_indice,1494.9796,indice,indec,2026-08-05T21:48:05.576542+00:00
AR,2023-07-01,nan (202307),indec_S_variacion_mensual,7.2,%,indec,2026-08-05T21:48:05.576542+00:00
AR,2023-07-01,nan (202307),indec_S_variacion_interanual,114.1,%,indec,2026-08-05T21:48:05.576542+00:00
AR,2023-08-01,NIVEL GENERAL (202308),indec_0_indice,2044.2832,indice,indec,2026-08-05T21:48:05.576542+00:00
AR,2023-08-01,NIVEL GENERAL (202308),indec_0_variacion_mensual,12.4,%,indec,2026-08-05T21:48:05.576542+00:00
AR,2023-08-01,NIVEL GENERAL (202308),indec_0_variacion_interanual,124.4,%,indec,2026-08-05T21:48:05.576542+00:00
AR,2023-08-01,Alimentos y bebidas no alcohólicas (202308),indec_01_indice,2259.2334,indice,indec,2026-08-05T21:48:05.576542+00:00
AR,2023-08-01,Alimentos y bebidas no alcohólicas (202308),indec_01_variacion_mensual,15.6,%,indec,2026-08-05T21:48:05.576542+00:00
AR,2023-08-01,Alimentos y bebidas no alcohólicas (202308),indec_01_variacion_interanual,133.5,%,indec,2026-08-05T21:48:05.576542+00:00
AR,2023-08-01,Bebidas alcohólicas y tabaco (202308),indec_02_indice,1613.6846,indice,indec,2026-08-05T21:48:05.576542+00:00
AR,2023-08-01,Bebidas alcohólicas y tabaco (202308),indec_02_variacion_mensual,8.5,%,indec,2026-08-05T21:48:05.576542+00:00
AR,2023-08-01,Bebidas alcohólicas y tabaco (202308),indec_02_variacion_interanual,123.6,%,indec,2026-08-05T21:48:05.576542+00:00
AR,2023-08-01,Prendas de vestir y calzado (202308),indec_03_indice,2230.5776,indice,indec,2026-08-05T21:48:05.576542+00:00
AR,2023-08-01,Prendas de vestir y calzado (202308),indec_03_variacion_mensual,9.1,%,indec,2026-08-05T21:48:05.576542+00:00
AR,2023-08-01,Prendas de vestir y calzado (202308),indec_03_variacion_interanual,108.9,%,indec,2026-08-05T21:48:05.576542+00:00
AR,2023-08-01,"Vivienda, agua, electricidad, gas y otros combustibles (202308)",indec_04_indice,1503.1732,indice,indec,2026-08-05T21:48:05.576542+00:00
AR,2023-08-01,"Vivienda, agua, electricidad, gas y otros combustibles (202308)",indec_04_variacion_mensual,9.1,%,indec,2026-08-05T21:48:05.576542+00:00
AR,2023-08-01,"Vivienda, agua, electricidad, gas y otros combustibles (202308)",indec_04_variacion_interanual,119.2,%,indec,2026-08-05T21:48:05.576542+00:00
AR,2023-08-01,Equipamiento y mantenimiento del hogar (202308),indec_05_indice,2079.2711,indice,indec,2026-08-05T21:48:05.576542+00:00
AR,2023-08-01,Equipamiento y mantenimiento del hogar (202308),indec_05_variacion_mensual,14.1,%,indec,2026-08-05T21:48:05.576542+00:00
AR,2023-08-01,Equipamiento y mantenimiento del hogar (202308),indec_05_variacion_interanual,125.0,%,indec,2026-08-05T21:48:05.576542+00:00
AR,2023-08-01,Salud (202308),indec_06_indice,2281.5545,indice,indec,2026-08-05T21:48:05.576542+00:00
AR,2023-08-01,Salud (202308),indec_06_variacion_mensual,15.3,%,indec,2026-08-05T21:48:05.576542+00:00
AR,2023-08-01,Salud (202308),indec_06_variacion_interanual,127.8,%,indec,2026-08-05T21:48:05.576542+00:00
AR,2023-08-01,Transporte (202308),indec_07_indice,1979.0901,indice,indec,2026-08-05T21:48:05.576542+00:00
AR,2023-08-01,Transporte (202308),indec_07_variacion_mensual,10.5,%,indec,2026-08-05T21:48:05.576542+00:00
AR,2023-08-01,Transporte (202308),indec_07_variacion_interanual,106.9,%,indec,2026-08-05T21:48:05.576542+00:00
AR,2023-08-01,Comunicación (202308),indec_08_indice,1458.9608,indice,indec,2026-08-05T21:48:05.576542+00:00
AR,2023-08-01,Comunicación (202308),indec_08_variacion_mensual,4.5,%,indec,2026-08-05T21:48:05.576542+00:00
AR,2023-08-01,Comunicación (202308),indec_08_variacion_interanual,120.2,%,indec,2026-08-05T21:48:05.576542+00:00
AR,2023-08-01,Recreación y cultura (202308),indec_09_indice,1937.7153,indice,indec,2026-08-05T21:48:05.576542+00:00
AR,2023-08-01,Recreación y cultura (202308),indec_09_variacion_mensual,11.6,%,indec,2026-08-05T21:48:05.576542+00:00
AR,2023-08-01,Recreación y cultura (202308),indec_09_variacion_interanual,125.1,%,indec,2026-08-05T21:48:05.576542+00:00
AR,2023-08-01,Educación (202308),indec_10_indice,1626.7843,indice,indec,2026-08-05T21:48:05.576542+00:00
AR,2023-08-01,Educación (202308),indec_10_variacion_mensual,8.7,%,indec,2026-08-05T21:48:05.576542+00:00
AR,2023-08-01,Educación (202308),indec_10_variacion_interanual,118.1,%,indec,2026-08-05T21:48:05.576542+00:00
AR,2023-08-01,Restaurantes y hoteles (202308),indec_11_indice,2283.6173,indice,indec,2026-08-05T21:48:05.576542+00:00
AR,2023-08-01,Restaurantes y hoteles (202308),indec_11_variacion_mensual,12.4,%,indec,2026-08-05T21:48:05.576542+00:00
AR,2023-08-01,Restaurantes y hoteles (202308),indec_11_variacion_interanual,142.2,%,indec,2026-08-05T21:48:05.576542+00:00
AR,2023-08-01,Bienes y servicios varios (202308),indec_12_indice,1702.3856,indice,indec,2026-08-05T21:48:05.576542+00:00
AR,2023-08-01,Bienes y servicios varios (202308),indec_12_variacion_mensual,9.4,%,indec,2026-08-05T21:48:05.576542+00:00
AR,2023-08-01,Bienes y servicios varios (202308),indec_12_variacion_interanual,117.0,%,indec,2026-08-05T21:48:05.576542+00:00
AR,2023-08-01,nan (202308),indec_Estacional_indice,2436.0941,indice,indec,2026-08-05T21:48:05.576542+00:00
AR,2023-08-01,nan (202308),indec_Estacional_variacion_mensual,10.7,%,indec,2026-08-05T21:48:05.576542+00:00
AR,2023-08-01,nan (202308),indec_Estacional_variacion_interanual,128.8,%,indec,2026-08-05T21:48:05.576542+00:00
AR,2023-08-01,nan (202308),indec_Núcleo_indice,2116.751,indice,indec,2026-08-05T21:48:05.576542+00:00
AR,2023-08-01,nan (202308),indec_Núcleo_variacion_mensual,13.8,%,indec,2026-08-05T21:48:05.576542+00:00
AR,2023-08-01,nan (202308),indec_Núcleo_variacion_interanual,125.3,%,indec,2026-08-05T21:48:05.576542+00:00
AR,2023-08-01,nan (202308),indec_Regulados_indice,1599.0767,indice,indec,2026-08-05T21:48:05.576542+00:00
AR,2023-08-01,nan (202308),indec_Regulados_variacion_mensual,8.3,%,indec,2026-08-05T21:48:05.576542+00:00
AR,2023-08-01,nan (202308),indec_Regulados_variacion_interanual,116.6,%,indec,2026-08-05T21:48:05.576542+00:00
AR,2023-08-01,nan (202308),indec_B_indice,2253.9149,indice,indec,2026-08-05T21:48:05.576542+00:00
AR,2023-08-01,nan (202308),indec_B_variacion_mensual,13.7,%,indec,2026-08-05T21:48:05.576542+00:00
AR,2023-08-01,nan (202308),indec_B_variacion_interanual,125.5,%,indec,2026-08-05T21:48:05.576542+00:00
AR,2023-08-01,nan (202308),indec_S_indice,1630.3102,indice,indec,2026-08-05T21:48:05.576542+00:00
AR,2023-08-01,nan (202308),indec_S_variacion_mensual,9.1,%,indec,2026-08-05T21:48:05.576542+00:00
AR,2023-08-01,nan (202308),indec_S_variacion_interanual,120.8,%,indec,2026-08-05T21:48:05.576542+00:00
AR,2023-09-01,NIVEL GENERAL (202309),indec_0_indice,2304.9242,indice,indec,2026-08-05T21:48:05.576542+00:00
AR,2023-09-01,NIVEL GENERAL (202309),indec_0_variacion_mensual,12.7,%,indec,2026-08-05T21:48:05.576542+00:00
AR,2023-09-01,NIVEL GENERAL (202309),indec_0_variacion_interanual,138.3,%,indec,2026-08-05T21:48:05.576542+00:00
AR,2023-09-01,Alimentos y bebidas no alcohólicas (202309),indec_01_indice,2583.3826,indice,indec,2026-08-05T21:48:05.576542+00:00
AR,2023-09-01,Alimentos y bebidas no alcohólicas (202309),indec_01_variacion_mensual,14.3,%,indec,2026-08-05T21:48:05.576542+00:00
AR,2023-09-01,Alimentos y bebidas no alcohólicas (202309),indec_01_variacion_interanual,150.1,%,indec,2026-08-05T21:48:05.576542+00:00
AR,2023-09-01,Bebidas alcohólicas y tabaco (202309),indec_02_indice,1799.9953,indice,indec,2026-08-05T21:48:05.576542+00:00
AR,2023-09-01,Bebidas alcohólicas y tabaco (202309),indec_02_variacion_mensual,11.5,%,indec,2026-08-05T21:48:05.576542+00:00
AR,2023-09-01,Bebidas alcohólicas y tabaco (202309),indec_02_variacion_interanual,127.9,%,indec,2026-08-05T21:48:05.576542+00:00
AR,2023-09-01,Prendas de vestir y calzado (202309),indec_03_indice,2581.0642,indice,indec,2026-08-05T21:48:05.576542+00:00
AR,2023-09-01,Prendas de vestir y calzado (202309),indec_03_variacion_mensual,15.7,%,indec,2026-08-05T21:48:05.576542+00:00
AR,2023-09-01,Prendas de vestir y calzado (202309),indec_03_variacion_interanual,118.6,%,indec,2026-08-05T21:48:05.576542+00:00
AR,2023-09-01,"Vivienda, agua, electricidad, gas y otros combustibles (202309)",indec_04_indice,1630.2974,indice,indec,2026-08-05T21:48:05.576542+00:00
AR,2023-09-01,"Vivienda, agua, electricidad, gas y otros combustibles (202309)",indec_04_variacion_mensual,8.5,%,indec,2026-08-05T21:48:05.576542+00:00
AR,2023-09-01,"Vivienda, agua, electricidad, gas y otros combustibles (202309)",indec_04_variacion_interanual,130.6,%,indec,2026-08-05T21:48:05.576542+00:00
AR,2023-09-01,Equipamiento y mantenimiento del hogar (202309),indec_05_indice,2342.3942,indice,indec,2026-08-05T21:48:05.576542+00:00
AR,2023-09-01,Equipamiento y mantenimiento del hogar (202309),indec_05_variacion_mensual,12.7,%,indec,2026-08-05T21:48:05.576542+00:00
AR,2023-09-01,Equipamiento y mantenimiento del hogar (202309),indec_05_variacion_interanual,139.0,%,indec,2026-08-05T21:48:05.576542+00:00
AR,2023-09-01,Salud (202309),indec_06_indice,2499.2627,indice,indec,2026-08-05T21:48:05.576542+00:00
AR,2023-09-01,Salud (202309),indec_06_variacion_mensual,9.5,%,indec,2026-08-05T21:48:05.576542+00:00
AR,2023-09-01,Salud (202309),indec_06_variacion_interanual,139.1,%,indec,2026-08-05T21:48:05.576542+00:00
AR,2023-09-01,Transporte (202309),indec_07_indice,2193.7362,indice,indec,2026-08-05T21:48:05.576542+00:00
AR,2023-09-01,Transporte (202309),indec_07_variacion_mensual,10.8,%,indec,2026-08-05T21:48:05.576542+00:00
AR,2023-09-01,Transporte (202309),indec_07_variacion_interanual,116.8,%,indec,2026-08-05T21:48:05.576542+00:00
AR,2023-09-01,Comunicación (202309),indec_08_indice,1598.7345,indice,indec,2026-08-05T21:48:05.576542+00:00
AR,2023-09-01,Comunicación (202309),indec_08_variacion_mensual,9.6,%,indec,2026-08-05T21:48:05.576542+00:00
AR,2023-09-01,Comunicación (202309),indec_08_variacion_interanual,135.5,%,indec,2026-08-05T21:48:05.576542+00:00
AR,2023-09-01,Recreación y cultura (202309),indec_09_indice,2230.9342,indice,indec,2026-08-05T21:48:05.576542+00:00
AR,2023-09-01,Recreación y cultura (202309),indec_09_variacion_mensual,15.1,%,indec,2026-08-05T21:48:05.576542+00:00
AR,2023-09-01,Recreación y cultura (202309),indec_09_variacion_interanual,146.3,%,indec,2026-08-05T21:48:05.576542+00:00
AR,2023-09-01,Educación (202309),indec_10_indice,1759.2371,indice,indec,2026-08-05T21:48:05.576542+00:00
AR,2023-09-01,Educación (202309),indec_10_variacion_mensual,8.1,%,indec,2026-08-05T21:48:05.576542+00:00
AR,2023-09-01,Educación (202309),indec_10_variacion_interanual,127.6,%,indec,2026-08-05T21:48:05.576542+00:00
AR,2023-09-01,Restaurantes y hoteles (202309),indec_11_indice,2586.0182,indice,indec,2026-08-05T21:48:05.576542+00:00
AR,2023-09-01,Restaurantes y hoteles (202309),indec_11_variacion_mensual,13.2,%,indec,2026-08-05T21:48:05.576542+00:00
AR,2023-09-01,Restaurantes y hoteles (202309),indec_11_variacion_interanual,161.6,%,indec,2026-08-05T21:48:05.576542+00:00
AR,2023-09-01,Bienes y servicios varios (202309),indec_12_indice,1901.2072,indice,indec,2026-08-05T21:48:05.576542+00:00
AR,2023-09-01,Bienes y servicios varios (202309),indec_12_variacion_mensual,11.7,%,indec,2026-08-05T21:48:05.576542+00:00
AR,2023-09-01,Bienes y servicios varios (202309),indec_12_variacion_interanual,126.9,%,indec,2026-08-05T21:48:05.576542+00:00
AR,2023-09-01,nan (202309),indec_Estacional_indice,2794.0242,indice,indec,2026-08-05T21:48:05.576542+00:00
AR,2023-09-01,nan (202309),indec_Estacional_variacion_mensual,14.7,%,indec,2026-08-05T21:48:05.576542+00:00
AR,2023-09-01,nan (202309),indec_Estacional_variacion_interanual,134.9,%,indec,2026-08-05T21:48:05.576542+00:00
AR,2023-09-01,nan (202309),indec_Núcleo_indice,2400.9928,indice,indec,2026-08-05T21:48:05.576542+00:00
AR,2023-09-01,nan (202309),indec_Núcleo_variacion_mensual,13.4,%,indec,2026-08-05T21:48:05.576542+00:00
AR,2023-09-01,nan (202309),indec_Núcleo_variacion_interanual,142.2,%,indec,2026-08-05T21:48:05.576542+00:00
AR,2023-09-01,nan (202309),indec_Regulados_indice,1732.073,indice,indec,2026-08-05T21:48:05.576542+00:00
AR,2023-09-01,nan (202309),indec_Regulados_variacion_mensual,8.3,%,indec,2026-08-05T21:48:05.576542+00:00
AR,2023-09-01,nan (202309),indec_Regulados_variacion_interanual,124.4,%,indec,2026-08-05T21:48:05.576542+00:00
AR,2023-09-01,nan (202309),indec_B_indice,2559.1874,indice,indec,2026-08-05T21:48:05.576542+00:00
AR,2023-09-01,nan (202309),indec_B_variacion_mensual,13.5,%,indec,2026-08-05T21:48:05.576542+00:00
AR,2023-09-01,nan (202309),indec_B_variacion_interanual,139.3,%,indec,2026-08-05T21:48:05.576542+00:00
AR,2023-09-01,nan (202309),indec_S_indice,1802.2382,indice,indec,2026-08-05T21:48:05.576542+00:00
AR,2023-09-01,nan (202309),indec_S_variacion_mensual,10.5,%,indec,2026-08-05T21:48:05.576542+00:00
AR,2023-09-01,nan (202309),indec_S_variacion_interanual,134.3,%,indec,2026-08-05T21:48:05.576542+00:00
AR,2023-10-01,NIVEL GENERAL (202310),indec_0_indice,2496.273,indice,indec,2026-08-05T21:48:05.576542+00:00
AR,2023-10-01,NIVEL GENERAL (202310),indec_0_variacion_mensual,8.3,%,indec,2026-08-05T21:48:05.576542+00:00
AR,2023-10-01,NIVEL GENERAL (202310),indec_0_variacion_interanual,142.7,%,indec,2026-08-05T21:48:05.576542+00:00
AR,2023-10-01,Alimentos y bebidas no alcohólicas (202310),indec_01_indice,2782.4454,indice,indec,2026-08-05T21:48:05.576542+00:00
AR,2023-10-01,Alimentos y bebidas no alcohólicas (202310),indec_01_variacion_mensual,7.7,%,indec,2026-08-05T21:48:05.576542+00:00
AR,2023-10-01,Alimentos y bebidas no alcohólicas (202310),indec_01_variacion_interanual,153.8,%,indec,2026-08-05T21:48:05.576542+00:00
AR,2023-10-01,Bebidas alcohólicas y tabaco (202310),indec_02_indice,1977.1526,indice,indec,2026-08-05T21:48:05.576542+00:00
AR,2023-10-01,Bebidas alcohólicas y tabaco (202310),indec_02_variacion_mensual,9.8,%,indec,2026-08-05T21:48:05.576542+00:00
AR,2023-10-01,Bebidas alcohólicas y tabaco (202310),indec_02_variacion_interanual,137.4,%,indec,2026-08-05T21:48:05.576542+00:00
AR,2023-10-01,Prendas de vestir y calzado (202310),indec_03_indice,2864.6053,indice,indec,2026-08-05T21:48:05.576542+00:00
AR,2023-10-01,Prendas de vestir y calzado (202310),indec_03_variacion_mensual,11.0,%,indec,2026-08-05T21:48:05.576542+00:00
AR,2023-10-01,Prendas de vestir y calzado (202310),indec_03_variacion_interanual,127.1,%,indec,2026-08-05T21:48:05.576542+00:00
AR,2023-10-01,"Vivienda, agua, electricidad, gas y otros combustibles (202310)",indec_04_indice,1757.5929,indice,indec,2026-08-05T21:48:05.576542+00:00
AR,2023-10-01,"Vivienda, agua, electricidad, gas y otros combustibles (202310)",indec_04_variacion_mensual,7.8,%,indec,2026-08-05T21:48:05.576542+00:00
AR,2023-10-01,"Vivienda, agua, electricidad, gas y otros combustibles (202310)",indec_04_variacion_interanual,131.3,%,indec,2026-08-05T21:48:05.576542+00:00
AR,2023-10-01,Equipamiento y mantenimiento del hogar (202310),indec_05_indice,2592.8927,indice,indec,2026-08-05T21:48:05.576542+00:00
AR,2023-10-01,Equipamiento y mantenimiento del hogar (202310),indec_05_variacion_mensual,10.7,%,indec,2026-08-05T21:48:05.576542+00:00
AR,2023-10-01,Equipamiento y mantenimiento del hogar (202310),indec_05_variacion_interanual,152.1,%,indec,2026-08-05T21:48:05.576542+00:00
AR,2023-10-01,Salud (202310),indec_06_indice,2626.9102,indice,indec,2026-08-05T21:48:05.576542+00:00
AR,2023-10-01,Salud (202310),indec_06_variacion_mensual,5.1,%,indec,2026-08-05T21:48:05.576542+00:00
AR,2023-10-01,Salud (202310),indec_06_variacion_interanual,134.7,%,indec,2026-08-05T21:48:05.576542+00:00
AR,2023-10-01,Transporte (202310),indec_07_indice,2349.1266,indice,indec,2026-08-05T21:48:05.576542+00:00
AR,2023-10-01,Transporte (202310),indec_07_variacion_mensual,7.1,%,indec,2026-08-05T21:48:05.576542+00:00
AR,2023-10-01,Transporte (202310),indec_07_variacion_interanual,122.2,%,indec,2026-08-05T21:48:05.576542+00:00
AR,2023-10-01,Comunicación (202310),indec_08_indice,1800.8697,indice,indec,2026-08-05T21:48:05.576542+00:00
AR,2023-10-01,Comunicación (202310),indec_08_variacion_mensual,12.6,%,indec,2026-08-05T21:48:05.576542+00:00
AR,2023-10-01,Comunicación (202310),indec_08_variacion_interanual,136.6,%,indec,2026-08-05T21:48:05.576542+00:00
AR,2023-10-01,Recreación y cultura (202310),indec_09_indice,2438.4348,indice,indec,2026-08-05T21:48:05.576542+00:00
AR,2023-10-01,Recreación y cultura (202310),indec_09_variacion_mensual,9.3,%,indec,2026-08-05T21:48:05.576542+00:00
AR,2023-10-01,Recreación y cultura (202310),indec_09_variacion_interanual,154.8,%,indec,2026-08-05T21:48:05.576542+00:00
AR,2023-10-01,Educación (202310),indec_10_indice,1875.3143,indice,indec,2026-08-05T21:48:05.576542+00:00
AR,2023-10-01,Educación (202310),indec_10_variacion_mensual,6.6,%,indec,2026-08-05T21:48:05.576542+00:00
AR,2023-10-01,Educación (202310),indec_10_variacion_interanual,126.5,%,indec,2026-08-05T21:48:05.576542+00:00
AR,2023-10-01,Restaurantes y hoteles (202310),indec_11_indice,2813.2083,indice,indec,2026-08-05T21:48:05.576542+00:00
AR,2023-10-01,Restaurantes y hoteles (202310),indec_11_variacion_mensual,8.8,%,indec,2026-08-05T21:48:05.576542+00:00
AR,2023-10-01,Restaurantes y hoteles (202310),indec_11_variacion_interanual,164.9,%,indec,2026-08-05T21:48:05.576542+00:00
AR,2023-10-01,Bienes y servicios varios (202310),indec_12_indice,2046.9768,indice,indec,2026-08-05T21:48:05.576542+00:00
AR,2023-10-01,Bienes y servicios varios (202310),indec_12_variacion_mensual,7.7,%,indec,2026-08-05T21:48:05.576542+00:00
AR,2023-10-01,Bienes y servicios varios (202310),indec_12_variacion_interanual,130.2,%,indec,2026-08-05T21:48:05.576542+00:00
AR,2023-10-01,nan (202310),indec_Estacional_indice,3006.9009,indice,indec,2026-08-05T21:48:05.576542+00:00
AR,2023-10-01,nan (202310),indec_Estacional_variacion_mensual,7.6,%,indec,2026-08-05T21:48:05.576542+00:00
AR,2023-10-01,nan (202310),indec_Estacional_variacion_interanual,131.8,%,indec,2026-08-05T21:48:05.576542+00:00
AR,2023-10-01,nan (202310),indec_Núcleo_indice,2612.5451,indice,indec,2026-08-05T21:48:05.576542+00:00
AR,2023-10-01,nan (202310),indec_Núcleo_variacion_mensual,8.8,%,indec,2026-08-05T21:48:05.576542+00:00
AR,2023-10-01,nan (202310),indec_Núcleo_variacion_interanual,149.7,%,indec,2026-08-05T21:48:05.576542+00:00
AR,2023-10-01,nan (202310),indec_Regulados_indice,1846.7566,indice,indec,2026-08-05T21:48:05.576542+00:00
AR,2023-10-01,nan (202310),indec_Regulados_variacion_mensual,6.6,%,indec,2026-08-05T21:48:05.576542+00:00
AR,2023-10-01,nan (202310),indec_Regulados_variacion_interanual,122.7,%,indec,2026-08-05T21:48:05.576542+00:00
AR,2023-10-01,nan (202310),indec_B_indice,2777.8623,indice,indec,2026-08-05T21:48:05.576542+00:00
AR,2023-10-01,nan (202310),indec_B_variacion_mensual,8.5,%,indec,2026-08-05T21:48:05.576542+00:00
AR,2023-10-01,nan (202310),indec_B_variacion_interanual,145.3,%,indec,2026-08-05T21:48:05.576542+00:00
AR,2023-10-01,nan (202310),indec_S_indice,1942.28,indice,indec,2026-08-05T21:48:05.576542+00:00
AR,2023-10-01,nan (202310),indec_S_variacion_mensual,7.8,%,indec,2026-08-05T21:48:05.576542+00:00
AR,2023-10-01,nan (202310),indec_S_variacion_interanual,135.0,%,indec,2026-08-05T21:48:05.576542+00:00
AR,2023-11-01,NIVEL GENERAL (202311),indec_0_indice,2816.0628,indice,indec,2026-08-05T21:48:05.576542+00:00
AR,2023-11-01,NIVEL GENERAL (202311),indec_0_variacion_mensual,12.8,%,indec,2026-08-05T21:48:05.576542+00:00
AR,2023-11-01,NIVEL GENERAL (202311),indec_0_variacion_interanual,160.9,%,indec,2026-08-05T21:48:05.576542+00:00
AR,2023-11-01,Alimentos y bebidas no alcohólicas (202311),indec_01_indice,3218.3702,indice,indec,2026-08-05T21:48:05.576542+00:00
AR,2023-11-01,Alimentos y bebidas no alcohólicas (202311),indec_01_variacion_mensual,15.7,%,indec,2026-08-05T21:48:05.576542+00:00
AR,2023-11-01,Alimentos y bebidas no alcohólicas (202311),indec_01_variacion_interanual,183.6,%,indec,2026-08-05T21:48:05.576542+00:00
AR,2023-11-01,Bebidas alcohólicas y tabaco (202311),indec_02_indice,2209.6412,indice,indec,2026-08-05T21:48:05.576542+00:00
AR,2023-11-01,Bebidas alcohólicas y tabaco (202311),indec_02_variacion_mensual,11.8,%,indec,2026-08-05T21:48:05.576542+00:00
AR,2023-11-01,Bebidas alcohólicas y tabaco (202311),indec_02_variacion_interanual,149.5,%,indec,2026-08-05T21:48:05.576542+00:00
AR,2023-11-01,Prendas de vestir y calzado (202311),indec_03_indice,3151.4751,indice,indec,2026-08-05T21:48:05.576542+00:00
AR,2023-11-01,Prendas de vestir y calzado (202311),indec_03_variacion_mensual,10.0,%,indec,2026-08-05T21:48:05.576542+00:00
AR,2023-11-01,Prendas de vestir y calzado (202311),indec_03_variacion_interanual,139.1,%,indec,2026-08-05T21:48:05.576542+00:00
AR,2023-11-01,"Vivienda, agua, electricidad, gas y otros combustibles (202311)",indec_04_indice,1881.818,indice,indec,2026-08-05T21:48:05.576542+00:00
AR,2023-11-01,"Vivienda, agua, electricidad, gas y otros combustibles (202311)",indec_04_variacion_mensual,7.1,%,indec,2026-08-05T21:48:05.576542+00:00
AR,2023-11-01,"Vivienda, agua, electricidad, gas y otros combustibles (202311)",indec_04_variacion_interanual,128.0,%,indec,2026-08-05T21:48:05.576542+00:00
AR,2023-11-01,Equipamiento y mantenimiento del hogar (202311),indec_05_indice,2915.5922,indice,indec,2026-08-05T21:48:05.576542+00:00
AR,2023-11-01,Equipamiento y mantenimiento del hogar (202311),indec_05_variacion_mensual,12.4,%,indec,2026-08-05T21:48:05.576542+00:00
AR,2023-11-01,Equipamiento y mantenimiento del hogar (202311),indec_05_variacion_interanual,168.9,%,indec,2026-08-05T21:48:05.576542+00:00
AR,2023-11-01,Salud (202311),indec_06_indice,3043.8555,indice,indec,2026-08-05T21:48:05.576542+00:00
AR,2023-11-01,Salud (202311),indec_06_variacion_mensual,15.9,%,indec,2026-08-05T21:48:05.576542+00:00
AR,2023-11-01,Salud (202311),indec_06_variacion_interanual,161.2,%,indec,2026-08-05T21:48:05.576542+00:00
AR,2023-11-01,Transporte (202311),indec_07_indice,2593.1752,indice,indec,2026-08-05T21:48:05.576542+00:00
AR,2023-11-01,Transporte (202311),indec_07_variacion_mensual,10.4,%,indec,2026-08-05T21:48:05.576542+00:00
AR,2023-11-01,Transporte (202311),indec_07_variacion_interanual,131.2,%,indec,2026-08-05T21:48:05.576542+00:00
AR,2023-11-01,Comunicación (202311),indec_08_indice,2074.7351,indice,indec,2026-08-05T21:48:05.576542+00:00
AR,2023-11-01,Comunicación (202311),indec_08_variacion_mensual,15.2,%,indec,2026-08-05T21:48:05.576542+00:00
AR,2023-11-01,Comunicación (202311),indec_08_variacion_interanual,156.2,%,indec,2026-08-05T21:48:05.576542+00:00
AR,2023-11-01,Recreación y cultura (202311),indec_09_indice,2760.0532,indice,indec,2026-08-05T21:48:05.576542+00:00
AR,2023-11-01,Recreación y cultura (202311),indec_09_variacion_mensual,13.2,%,indec,2026-08-05T21:48:05.576542+00:00
AR,2023-11-01,Recreación y cultura (202311),indec_09_variacion_interanual,176.9,%,indec,2026-08-05T21:48:05.576542+00:00
AR,2023-11-01,Educación (202311),indec_10_indice,2031.1533,indice,indec,2026-08-05T21:48:05.576542+00:00
AR,2023-11-01,Educación (202311),indec_10_variacion_mensual,8.3,%,indec,2026-08-05T21:48:05.576542+00:00
AR,2023-11-01,Educación (202311),indec_10_variacion_interanual,136.4,%,indec,2026-08-05T21:48:05.576542+00:00
AR,2023-11-01,Restaurantes y hoteles (202311),indec_11_indice,3151.623,indice,indec,2026-08-05T21:48:05.576542+00:00
AR,2023-11-01,Restaurantes y hoteles (202311),indec_11_variacion_mensual,12.0,%,indec,2026-08-05T21:48:05.576542+00:00
AR,2023-11-01,Restaurantes y hoteles (202311),indec_11_variacion_interanual,181.3,%,indec,2026-08-05T21:48:05.576542+00:00
AR,2023-11-01,Bienes y servicios varios (202311),indec_12_indice,2282.6739,indice,indec,2026-08-05T21:48:05.576542+00:00
AR,2023-11-01,Bienes y servicios varios (202311),indec_12_variacion_mensual,11.5,%,indec,2026-08-05T21:48:05.576542+00:00
AR,2023-11-01,Bienes y servicios varios (202311),indec_12_variacion_interanual,142.5,%,indec,2026-08-05T21:48:05.576542+00:00
AR,2023-11-01,nan (202311),indec_Estacional_indice,3392.0317,indice,indec,2026-08-05T21:48:05.576542+00:00
AR,2023-11-01,nan (202311),indec_Estacional_variacion_mensual,12.8,%,indec,2026-08-05T21:48:05.576542+00:00
AR,2023-11-01,nan (202311),indec_Estacional_variacion_interanual,151.2,%,indec,2026-08-05T21:48:05.576542+00:00
AR,2023-11-01,nan (202311),indec_Núcleo_indice,2962.7206,indice,indec,2026-08-05T21:48:05.576542+00:00
AR,2023-11-01,nan (202311),indec_Núcleo_variacion_mensual,13.4,%,indec,2026-08-05T21:48:05.576542+00:00
AR,2023-11-01,nan (202311),indec_Núcleo_variacion_interanual,170.3,%,indec,2026-08-05T21:48:05.576542+00:00
AR,2023-11-01,nan (202311),indec_Regulados_indice,2032.4708,indice,indec,2026-08-05T21:48:05.576542+00:00
AR,2023-11-01,nan (202311),indec_Regulados_variacion_mensual,10.1,%,indec,2026-08-05T21:48:05.576542+00:00
AR,2023-11-01,nan (202311),indec_Regulados_variacion_interanual,130.8,%,indec,2026-08-05T21:48:05.576542+00:00
AR,2023-11-01,nan (202311),indec_B_indice,3160.805,indice,indec,2026-08-05T21:48:05.576542+00:00
AR,2023-11-01,nan (202311),indec_B_variacion_mensual,13.8,%,indec,2026-08-05T21:48:05.576542+00:00
AR,2023-11-01,nan (202311),indec_B_variacion_interanual,167.0,%,indec,2026-08-05T21:48:05.576542+00:00
AR,2023-11-01,nan (202311),indec_S_indice,2140.1777,indice,indec,2026-08-05T21:48:05.576542+00:00
AR,2023-11-01,nan (202311),indec_S_variacion_mensual,10.2,%,indec,2026-08-05T21:48:05.576542+00:00
AR,2023-11-01,nan (202311),indec_S_variacion_interanual,144.7,%,indec,2026-08-05T21:48:05.576542+00:00
AR,2023-12-01,NIVEL GENERAL (202312),indec_0_indice,3533.1922,indice,indec,2026-08-05T21:48:05.576542+00:00
AR,2023-12-01,NIVEL GENERAL (202312),indec_0_variacion_mensual,25.5,%,indec,2026-08-05T21:48:05.576542+00:00
AR,2023-12-01,NIVEL GENERAL (202312),indec_0_variacion_interanual,211.4,%,indec,2026-08-05T21:48:05.576542+00:00
AR,2023-12-01,Alimentos y bebidas no alcohólicas (202312),indec_01_indice,4173.6759,indice,indec,2026-08-05T21:48:05.576542+00:00
AR,2023-12-01,Alimentos y bebidas no alcohólicas (202312),indec_01_variacion_mensual,29.7,%,indec,2026-08-05T21:48:05.576542+00:00
AR,2023-12-01,Alimentos y bebidas no alcohólicas (202312),indec_01_variacion_interanual,251.3,%,indec,2026-08-05T21:48:05.576542+00:00
AR,2023-12-01,Bebidas alcohólicas y tabaco (202312),indec_02_indice,2656.6774,indice,indec,2026-08-05T21:48:05.576542+00:00
AR,2023-12-01,Bebidas alcohólicas y tabaco (202312),indec_02_variacion_mensual,20.2,%,indec,2026-08-05T21:48:05.576542+00:00
AR,2023-12-01,Bebidas alcohólicas y tabaco (202312),indec_02_variacion_interanual,180.0,%,indec,2026-08-05T21:48:05.576542+00:00
AR,2023-12-01,Prendas de vestir y calzado (202312),indec_03_indice,3694.929,indice,indec,2026-08-05T21:48:05.576542+00:00
AR,2023-12-01,Prendas de vestir y calzado (202312),indec_03_variacion_mensual,17.2,%,indec,2026-08-05T21:48:05.576542+00:00
AR,2023-12-01,Prendas de vestir y calzado (202312),indec_03_variacion_interanual,169.4,%,indec,2026-08-05T21:48:05.576542+00:00
AR,2023-12-01,"Vivienda, agua, electricidad, gas y otros combustibles (202312)",indec_04_indice,2141.8205,indice,indec,2026-08-05T21:48:05.576542+00:00
AR,2023-12-01,"Vivienda, agua, electricidad, gas y otros combustibles (202312)",indec_04_variacion_mensual,13.8,%,indec,2026-08-05T21:48:05.576542+00:00
AR,2023-12-01,"Vivienda, agua, electricidad, gas y otros combustibles (202312)",indec_04_variacion_interanual,149.0,%,indec,2026-08-05T21:48:05.576542+00:00
AR,2023-12-01,Equipamiento y mantenimiento del hogar (202312),indec_05_indice,3810.0606,indice,indec,2026-08-05T21:48:05.576542+00:00
AR,2023-12-01,Equipamiento y mantenimiento del hogar (202312),indec_05_variacion_mensual,30.7,%,indec,2026-08-05T21:48:05.576542+00:00
AR,2023-12-01,Equipamiento y mantenimiento del hogar (202312),indec_05_variacion_interanual,231.7,%,indec,2026-08-05T21:48:05.576542+00:00
AR,2023-12-01,Salud (202312),indec_06_indice,4035.9697,indice,indec,2026-08-05T21:48:05.576542+00:00
AR,2023-12-01,Salud (202312),indec_06_variacion_mensual,32.6,%,indec,2026-08-05T21:48:05.576542+00:00
AR,2023-12-01,Salud (202312),indec_06_variacion_interanual,227.7,%,indec,2026-08-05T21:48:05.576542+00:00
AR,2023-12-01,Transporte (202312),indec_07_indice,3414.0727,indice,indec,2026-08-05T21:48:05.576542+00:00
AR,2023-12-01,Transporte (202312),indec_07_variacion_mensual,31.7,%,indec,2026-08-05T21:48:05.576542+00:00
AR,2023-12-01,Transporte (202312),indec_07_variacion_interanual,187.7,%,indec,2026-08-05T21:48:05.576542+00:00
AR,2023-12-01,Comunicación (202312),indec_08_indice,2398.1411,indice,indec,2026-08-05T21:48:05.576542+00:00
AR,2023-12-01,Comunicación (202312),indec_08_variacion_mensual,15.6,%,indec,2026-08-05T21:48:05.576542+00:00
AR,2023-12-01,Comunicación (202312),indec_08_variacion_interanual,186.4,%,indec,2026-08-05T21:48:05.576542+00:00
AR,2023-12-01,Recreación y cultura (202312),indec_09_indice,3317.3409,indice,indec,2026-08-05T21:48:05.576542+00:00
AR,2023-12-01,Recreación y cultura (202312),indec_09_variacion_mensual,20.2,%,indec,2026-08-05T21:48:05.576542+00:00
AR,2023-12-01,Recreación y cultura (202312),indec_09_variacion_interanual,218.2,%,indec,2026-08-05T21:48:05.576542+00:00
AR,2023-12-01,Educación (202312),indec_10_indice,2157.4419,indice,indec,2026-08-05T21:48:05.576542+00:00
AR,2023-12-01,Educación (202312),indec_10_variacion_mensual,6.2,%,indec,2026-08-05T21:48:05.576542+00:00
AR,2023-12-01,Educación (202312),indec_10_variacion_interanual,141.7,%,indec,2026-08-05T21:48:05.576542+00:00
AR,2023-12-01,Restaurantes y hoteles (202312),indec_11_indice,3831.9303,indice,indec,2026-08-05T21:48:05.576542+00:00
AR,2023-12-01,Restaurantes y hoteles (202312),indec_11_variacion_mensual,21.6,%,indec,2026-08-05T21:48:05.576542+00:00
AR,2023-12-01,Restaurantes y hoteles (202312),indec_11_variacion_interanual,219.1,%,indec,2026-08-05T21:48:05.576542+00:00
AR,2023-12-01,Bienes y servicios varios (202312),indec_12_indice,3029.3357,indice,indec,2026-08-05T21:48:05.576542+00:00
AR,2023-12-01,Bienes y servicios varios (202312),indec_12_variacion_mensual,32.7,%,indec,2026-08-05T21:48:05.576542+00:00
AR,2023-12-01,Bienes y servicios varios (202312),indec_12_variacion_interanual,204.4,%,indec,2026-08-05T21:48:05.576542+00:00
AR,2023-12-01,nan (202312),indec_Estacional_indice,3942.5343,indice,indec,2026-08-05T21:48:05.576542+00:00
AR,2023-12-01,nan (202312),indec_Estacional_variacion_mensual,16.2,%,indec,2026-08-05T21:48:05.576542+00:00
AR,2023-12-01,nan (202312),indec_Estacional_variacion_interanual,179.0,%,indec,2026-08-05T21:48:05.576542+00:00
AR,2023-12-01,nan (202312),indec_Núcleo_indice,3799.9487,indice,indec,2026-08-05T21:48:05.576542+00:00
AR,2023-12-01,nan (202312),indec_Núcleo_variacion_mensual,28.3,%,indec,2026-08-05T21:48:05.576542+00:00
AR,2023-12-01,nan (202312),indec_Núcleo_variacion_interanual,229.4,%,indec,2026-08-05T21:48:05.576542+00:00
AR,2023-12-01,nan (202312),indec_Regulados_indice,2452.7844,indice,indec,2026-08-05T21:48:05.576542+00:00
AR,2023-12-01,nan (202312),indec_Regulados_variacion_mensual,20.7,%,indec,2026-08-05T21:48:05.576542+00:00
AR,2023-12-01,nan (202312),indec_Regulados_variacion_interanual,164.9,%,indec,2026-08-05T21:48:05.576542+00:00
AR,2023-12-01,nan (202312),indec_B_indice,4091.9271,indice,indec,2026-08-05T21:48:05.576542+00:00
AR,2023-12-01,nan (202312),indec_B_variacion_mensual,29.5,%,indec,2026-08-05T21:48:05.576542+00:00
AR,2023-12-01,nan (202312),indec_B_variacion_interanual,228.7,%,indec,2026-08-05T21:48:05.576542+00:00
AR,2023-12-01,nan (202312),indec_S_indice,2440.8926,indice,indec,2026-08-05T21:48:05.576542+00:00
AR,2023-12-01,nan (202312),indec_S_variacion_mensual,14.1,%,indec,2026-08-05T21:48:05.576542+00:00
AR,2023-12-01,nan (202312),indec_S_variacion_interanual,165.5,%,indec,2026-08-05T21:48:05.576542+00:00
AR,2024-01-01,NIVEL GENERAL (202401),indec_0_indice,4261.5324,indice,indec,2026-08-05T21:48:05.576542+00:00
AR,2024-01-01,NIVEL GENERAL (202401),indec_0_variacion_mensual,20.6,%,indec,2026-08-05T21:48:05.576542+00:00
AR,2024-01-01,NIVEL GENERAL (202401),indec_0_variacion_interanual,254.2,%,indec,2026-08-05T21:48:05.576542+00:00
AR,2024-01-01,Alimentos y bebidas no alcohólicas (202401),indec_01_indice,5024.9656,indice,indec,2026-08-05T21:48:05.576542+00:00
AR,2024-01-01,Alimentos y bebidas no alcohólicas (202401),indec_01_variacion_mensual,20.4,%,indec,2026-08-05T21:48:05.576542+00:00
AR,2024-01-01,Alimentos y bebidas no alcohólicas (202401),indec_01_variacion_interanual,296.2,%,indec,2026-08-05T21:48:05.576542+00:00
AR,2024-01-01,Bebidas alcohólicas y tabaco (202401),indec_02_indice,3215.0859,indice,indec,2026-08-05T21:48:05.576542+00:00
AR,2024-01-01,Bebidas alcohólicas y tabaco (202401),indec_02_variacion_mensual,21.0,%,indec,2026-08-05T21:48:05.576542+00:00
AR,2024-01-01,Bebidas alcohólicas y tabaco (202401),indec_02_variacion_interanual,215.9,%,indec,2026-08-05T21:48:05.576542+00:00
AR,2024-01-01,Prendas de vestir y calzado (202401),indec_03_indice,4135.7944,indice,indec,2026-08-05T21:48:05.576542+00:00
AR,2024-01-01,Prendas de vestir y calzado (202401),indec_03_variacion_mensual,11.9,%,indec,2026-08-05T21:48:05.576542+00:00
AR,2024-01-01,Prendas de vestir y calzado (202401),indec_03_variacion_interanual,194.8,%,indec,2026-08-05T21:48:05.576542+00:00
AR,2024-01-01,"Vivienda, agua, electricidad, gas y otros combustibles (202401)",indec_04_indice,2441.8481,indice,indec,2026-08-05T21:48:05.576542+00:00
AR,2024-01-01,"Vivienda, agua, electricidad, gas y otros combustibles (202401)",indec_04_variacion_mensual,14.0,%,indec,2026-08-05T21:48:05.576542+00:00
AR,2024-01-01,"Vivienda, agua, electricidad, gas y otros combustibles (202401)",indec_04_variacion_interanual,162.8,%,indec,2026-08-05T21:48:05.576542+00:00
AR,2024-01-01,Equipamiento y mantenimiento del hogar (202401),indec_05_indice,4660.7816,indice,indec,2026-08-05T21:48:05.576542+00:00
AR,2024-01-01,Equipamiento y mantenimiento del hogar (202401),indec_05_variacion_mensual,22.3,%,indec,2026-08-05T21:48:05.576542+00:00
AR,2024-01-01,Equipamiento y mantenimiento del hogar (202401),indec_05_variacion_interanual,285.0,%,indec,2026-08-05T21:48:05.576542+00:00
AR,2024-01-01,Salud (202401),indec_06_indice,4861.4923,indice,indec,2026-08-05T21:48:05.576542+00:00
AR,2024-01-01,Salud (202401),indec_06_variacion_mensual,20.5,%,indec,2026-08-05T21:48:05.576542+00:00
AR,2024-01-01,Salud (202401),indec_06_variacion_interanual,276.3,%,indec,2026-08-05T21:48:05.576542+00:00
AR,2024-01-01,Transporte (202401),indec_07_indice,4311.5901,indice,indec,2026-08-05T21:48:05.576542+00:00
AR,2024-01-01,Transporte (202401),indec_07_variacion_mensual,26.3,%,indec,2026-08-05T21:48:05.576542+00:00
AR,2024-01-01,Transporte (202401),indec_07_variacion_interanual,243.0,%,indec,2026-08-05T21:48:05.576542+00:00
AR,2024-01-01,Comunicación (202401),indec_08_indice,3000.0919,indice,indec,2026-08-05T21:48:05.576542+00:00
AR,2024-01-01,Comunicación (202401),indec_08_variacion_mensual,25.1,%,indec,2026-08-05T21:48:05.576542+00:00
AR,2024-01-01,Comunicación (202401),indec_08_variacion_interanual,231.9,%,indec,2026-08-05T21:48:05.576542+00:00
AR,2024-01-01,Recreación y cultura (202401),indec_09_indice,4113.85,indice,indec,2026-08-05T21:48:05.576542+00:00
AR,2024-01-01,Recreación y cultura (202401),indec_09_variacion_mensual,24.0,%,indec,2026-08-05T21:48:05.576542+00:00
AR,2024-01-01,Recreación y cultura (202401),indec_09_variacion_interanual,262.1,%,indec,2026-08-05T21:48:05.576542+00:00
AR,2024-01-01,Educación (202401),indec_10_indice,2176.0052,indice,indec,2026-08-05T21:48:05.576542+00:00
AR,2024-01-01,Educación (202401),indec_10_variacion_mensual,0.9,%,indec,2026-08-05T21:48:05.576542+00:00
AR,2024-01-01,Educación (202401),indec_10_variacion_interanual,141.2,%,indec,2026-08-05T21:48:05.576542+00:00
AR,2024-01-01,Restaurantes y hoteles (202401),indec_11_indice,4577.1896,indice,indec,2026-08-05T21:48:05.576542+00:00
AR,2024-01-01,Restaurantes y hoteles (202401),indec_11_variacion_mensual,19.4,%,indec,2026-08-05T21:48:05.576542+00:00
AR,2024-01-01,Restaurantes y hoteles (202401),indec_11_variacion_interanual,258.8,%,indec,2026-08-05T21:48:05.576542+00:00
AR,2024-01-01,Bienes y servicios varios (202401),indec_12_indice,4373.2672,indice,indec,2026-08-05T21:48:05.576542+00:00
AR,2024-01-01,Bienes y servicios varios (202401),indec_12_variacion_mensual,44.4,%,indec,2026-08-05T21:48:05.576542+00:00
AR,2024-01-01,Bienes y servicios varios (202401),indec_12_variacion_interanual,311.4,%,indec,2026-08-05T21:48:05.576542+00:00
AR,2024-01-01,nan (202401),indec_Estacional_indice,4581.5309,indice,indec,2026-08-05T21:48:05.576542+00:00
AR,2024-01-01,nan (202401),indec_Estacional_variacion_mensual,16.2,%,indec,2026-08-05T21:48:05.576542+00:00
AR,2024-01-01,nan (202401),indec_Estacional_variacion_interanual,200.4,%,indec,2026-08-05T21:48:05.576542+00:00
AR,2024-01-01,nan (202401),indec_Núcleo_indice,4568.1649,indice,indec,2026-08-05T21:48:05.576542+00:00
AR,2024-01-01,nan (202401),indec_Núcleo_variacion_mensual,20.2,%,indec,2026-08-05T21:48:05.576542+00:00
AR,2024-01-01,nan (202401),indec_Núcleo_variacion_interanual,275.9,%,indec,2026-08-05T21:48:05.576542+00:00
AR,2024-01-01,nan (202401),indec_Regulados_indice,3104.5367,indice,indec,2026-08-05T21:48:05.576542+00:00
AR,2024-01-01,nan (202401),indec_Regulados_variacion_mensual,26.6,%,indec,2026-08-05T21:48:05.576542+00:00
AR,2024-01-01,nan (202401),indec_Regulados_variacion_interanual,213.1,%,indec,2026-08-05T21:48:05.576542+00:00
AR,2024-01-01,nan (202401),indec_B_indice,4956.9526,indice,indec,2026-08-05T21:48:05.576542+00:00
AR,2024-01-01,nan (202401),indec_B_variacion_mensual,21.1,%,indec,2026-08-05T21:48:05.576542+00:00
AR,2024-01-01,nan (202401),indec_B_variacion_interanual,277.9,%,indec,2026-08-05T21:48:05.576542+00:00
AR,2024-01-01,nan (202401),indec_S_indice,2899.856,indice,indec,2026-08-05T21:48:05.576542+00:00
AR,2024-01-01,nan (202401),indec_S_variacion_mensual,18.8,%,indec,2026-08-05T21:48:05.576542+00:00
AR,2024-01-01,nan (202401),indec_S_variacion_interanual,193.0,%,indec,2026-08-05T21:48:05.576542+00:00
AR,2024-02-01,NIVEL GENERAL (202402),indec_0_indice,4825.7881,indice,indec,2026-08-05T21:48:05.576542+00:00
AR,2024-02-01,NIVEL GENERAL (202402),indec_0_variacion_mensual,13.2,%,indec,2026-08-05T21:48:05.576542+00:00
AR,2024-02-01,NIVEL GENERAL (202402),indec_0_variacion_interanual,276.2,%,indec,2026-08-05T21:48:05.576542+00:00
AR,2024-02-01,Alimentos y bebidas no alcohólicas (202402),indec_01_indice,5622.8372,indice,indec,2026-08-05T21:48:05.576542+00:00
AR,2024-02-01,Alimentos y bebidas no alcohólicas (202402),indec_01_variacion_mensual,11.9,%,indec,2026-08-05T21:48:05.576542+00:00
AR,2024-02-01,Alimentos y bebidas no alcohólicas (202402),indec_01_variacion_interanual,303.8,%,indec,2026-08-05T21:48:05.576542+00:00
AR,2024-02-01,Bebidas alcohólicas y tabaco (202402),indec_02_indice,3783.276,indice,indec,2026-08-05T21:48:05.576542+00:00
AR,2024-02-01,Bebidas alcohólicas y tabaco (202402),indec_02_variacion_mensual,17.7,%,indec,2026-08-05T21:48:05.576542+00:00
AR,2024-02-01,Bebidas alcohólicas y tabaco (202402),indec_02_variacion_interanual,253.2,%,indec,2026-08-05T21:48:05.576542+00:00
AR,2024-02-01,Prendas de vestir y calzado (202402),indec_03_indice,4434.676,indice,indec,2026-08-05T21:48:05.576542+00:00
AR,2024-02-01,Prendas de vestir y calzado (202402),indec_03_variacion_mensual,7.2,%,indec,2026-08-05T21:48:05.576542+00:00
AR,2024-02-01,Prendas de vestir y calzado (202402),indec_03_variacion_interanual,204.2,%,indec,2026-08-05T21:48:05.576542+00:00
AR,2024-02-01,"Vivienda, agua, electricidad, gas y otros combustibles (202402)",indec_04_indice,2935.5879,indice,indec,2026-08-05T21:48:05.576542+00:00
AR,2024-02-01,"Vivienda, agua, electricidad, gas y otros combustibles (202402)",indec_04_variacion_mensual,20.2,%,indec,2026-08-05T21:48:05.576542+00:00
AR,2024-02-01,"Vivienda, agua, electricidad, gas y otros combustibles (202402)",indec_04_variacion_interanual,201.5,%,indec,2026-08-05T21:48:05.576542+00:00
AR,2024-02-01,Equipamiento y mantenimiento del hogar (202402),indec_05_indice,5142.1336,indice,indec,2026-08-05T21:48:05.576542+00:00
AR,2024-02-01,Equipamiento y mantenimiento del hogar (202402),indec_05_variacion_mensual,10.3,%,indec,2026-08-05T21:48:05.576542+00:00
AR,2024-02-01,Equipamiento y mantenimiento del hogar (202402),indec_05_variacion_interanual,304.3,%,indec,2026-08-05T21:48:05.576542+00:00
AR,2024-02-01,Salud (202402),indec_06_indice,5521.4252,indice,indec,2026-08-05T21:48:05.576542+00:00
AR,2024-02-01,Salud (202402),indec_06_variacion_mensual,13.6,%,indec,2026-08-05T21:48:05.576542+00:00
AR,2024-02-01,Salud (202402),indec_06_variacion_interanual,305.8,%,indec,2026-08-05T21:48:05.576542+00:00
AR,2024-02-01,Transporte (202402),indec_07_indice,5243.4233,indice,indec,2026-08-05T21:48:05.576542+00:00
AR,2024-02-01,Transporte (202402),indec_07_variacion_mensual,21.6,%,indec,2026-08-05T21:48:05.576542+00:00
AR,2024-02-01,Transporte (202402),indec_07_variacion_interanual,297.8,%,indec,2026-08-05T21:48:05.576542+00:00
AR,2024-02-01,Comunicación (202402),indec_08_indice,3741.4942,indice,indec,2026-08-05T21:48:05.576542+00:00
AR,2024-02-01,Comunicación (202402),indec_08_variacion_mensual,24.7,%,indec,2026-08-05T21:48:05.576542+00:00
AR,2024-02-01,Comunicación (202402),indec_08_variacion_interanual,283.8,%,indec,2026-08-05T21:48:05.576542+00:00
AR,2024-02-01,Recreación y cultura (202402),indec_09_indice,4466.7506,indice,indec,2026-08-05T21:48:05.576542+00:00
AR,2024-02-01,Recreación y cultura (202402),indec_09_variacion_mensual,8.6,%,indec,2026-08-05T21:48:05.576542+00:00
AR,2024-02-01,Recreación y cultura (202402),indec_09_variacion_interanual,270.4,%,indec,2026-08-05T21:48:05.576542+00:00
AR,2024-02-01,Educación (202402),indec_10_indice,2392.1354,indice,indec,2026-08-05T21:48:05.576542+00:00
AR,2024-02-01,Educación (202402),indec_10_variacion_mensual,9.9,%,indec,2026-08-05T21:48:05.576542+00:00
AR,2024-02-01,Educación (202402),indec_10_variacion_interanual,157.1,%,indec,2026-08-05T21:48:05.576542+00:00
AR,2024-02-01,Restaurantes y hoteles (202402),indec_11_indice,5088.0444,indice,indec,2026-08-05T21:48:05.576542+00:00
AR,2024-02-01,Restaurantes y hoteles (202402),indec_11_variacion_mensual,11.2,%,indec,2026-08-05T21:48:05.576542+00:00
AR,2024-02-01,Restaurantes y hoteles (202402),indec_11_variacion_interanual,270.9,%,indec,2026-08-05T21:48:05.576542+00:00
AR,2024-02-01,Bienes y servicios varios (202402),indec_12_indice,5098.6735,indice,indec,2026-08-05T21:48:05.576542+00:00
AR,2024-02-01,Bienes y servicios varios (202402),indec_12_variacion_mensual,16.6,%,indec,2026-08-05T21:48:05.576542+00:00
AR,2024-02-01,Bienes y servicios varios (202402),indec_12_variacion_interanual,350.4,%,indec,2026-08-05T21:48:05.576542+00:00
AR,2024-02-01,nan (202402),indec_Estacional_indice,4979.8267,indice,indec,2026-08-05T21:48:05.576542+00:00
AR,2024-02-01,nan (202402),indec_Estacional_variacion_mensual,8.7,%,indec,2026-08-05T21:48:05.576542+00:00
AR,2024-02-01,nan (202402),indec_Estacional_variacion_interanual,216.0,%,indec,2026-08-05T21:48:05.576542+00:00
AR,2024-02-01,nan (202402),indec_Núcleo_indice,5129.5988,indice,indec,2026-08-05T21:48:05.576542+00:00
AR,2024-02-01,nan (202402),indec_Núcleo_variacion_mensual,12.3,%,indec,2026-08-05T21:48:05.576542+00:00
AR,2024-02-01,nan (202402),indec_Núcleo_variacion_interanual,291.9,%,indec,2026-08-05T21:48:05.576542+00:00
AR,2024-02-01,nan (202402),indec_Regulados_indice,3759.784,indice,indec,2026-08-05T21:48:05.576542+00:00
AR,2024-02-01,nan (202402),indec_Regulados_variacion_mensual,21.1,%,indec,2026-08-05T21:48:05.576542+00:00
AR,2024-02-01,nan (202402),indec_Regulados_variacion_interanual,260.7,%,indec,2026-08-05T21:48:05.576542+00:00
AR,2024-02-01,nan (202402),indec_B_indice,5545.827,indice,indec,2026-08-05T21:48:05.576542+00:00
AR,2024-02-01,nan (202402),indec_B_variacion_mensual,11.9,%,indec,2026-08-05T21:48:05.576542+00:00
AR,2024-02-01,nan (202402),indec_B_variacion_interanual,295.1,%,indec,2026-08-05T21:48:05.576542+00:00
AR,2024-02-01,nan (202402),indec_S_indice,3410.2062,indice,indec,2026-08-05T21:48:05.576542+00:00
AR,2024-02-01,nan (202402),indec_S_variacion_mensual,17.6,%,indec,2026-08-05T21:48:05.576542+00:00
AR,2024-02-01,nan (202402),indec_S_variacion_interanual,226.1,%,indec,2026-08-05T21:48:05.576542+00:00
AR,2024-03-01,NIVEL GENERAL (202403),indec_0_indice,5357.0929,indice,indec,2026-08-05T21:48:05.576542+00:00
AR,2024-03-01,NIVEL GENERAL (202403),indec_0_variacion_mensual,11.0,%,indec,2026-08-05T21:48:05.576542+00:00
AR,2024-03-01,NIVEL GENERAL (202403),indec_0_variacion_interanual,287.9,%,indec,2026-08-05T21:48:05.576542+00:00
AR,2024-03-01,Alimentos y bebidas no alcohólicas (202403),indec_01_indice,6216.0451,indice,indec,2026-08-05T21:48:05.576542+00:00
AR,2024-03-01,Alimentos y bebidas no alcohólicas (202403),indec_01_variacion_mensual,10.5,%,indec,2026-08-05T21:48:05.576542+00:00
AR,2024-03-01,Alimentos y bebidas no alcohólicas (202403),indec_01_variacion_interanual,308.3,%,indec,2026-08-05T21:48:05.576542+00:00
AR,2024-03-01,Bebidas alcohólicas y tabaco (202403),indec_02_indice,4248.8502,indice,indec,2026-08-05T21:48:05.576542+00:00
AR,2024-03-01,Bebidas alcohólicas y tabaco (202403),indec_02_variacion_mensual,12.3,%,indec,2026-08-05T21:48:05.576542+00:00
AR,2024-03-01,Bebidas alcohólicas y tabaco (202403),indec_02_variacion_interanual,266.3,%,indec,2026-08-05T21:48:05.576542+00:00
AR,2024-03-01,Prendas de vestir y calzado (202403),indec_03_indice,4919.1559,indice,indec,2026-08-05T21:48:05.576542+00:00
AR,2024-03-01,Prendas de vestir y calzado (202403),indec_03_variacion_mensual,10.9,%,indec,2026-08-05T21:48:05.576542+00:00
AR,2024-03-01,Prendas de vestir y calzado (202403),indec_03_variacion_interanual,208.4,%,indec,2026-08-05T21:48:05.576542+00:00
AR,2024-03-01,"Vivienda, agua, electricidad, gas y otros combustibles (202403)",indec_04_indice,3324.6647,indice,indec,2026-08-05T21:48:05.576542+00:00
AR,2024-03-01,"Vivienda, agua, electricidad, gas y otros combustibles (202403)",indec_04_variacion_mensual,13.3,%,indec,2026-08-05T21:48:05.576542+00:00
AR,2024-03-01,"Vivienda, agua, electricidad, gas y otros combustibles (202403)",indec_04_variacion_interanual,220.5,%,indec,2026-08-05T21:48:05.576542+00:00
AR,2024-03-01,Equipamiento y mantenimiento del hogar (202403),indec_05_indice,5400.751,indice,indec,2026-08-05T21:48:05.576542+00:00
AR,2024-03-01,Equipamiento y mantenimiento del hogar (202403),indec_05_variacion_mensual,5.0,%,indec,2026-08-05T21:48:05.576542+00:00
AR,2024-03-01,Equipamiento y mantenimiento del hogar (202403),indec_05_variacion_interanual,301.3,%,indec,2026-08-05T21:48:05.576542+00:00
AR,2024-03-01,Salud (202403),indec_06_indice,6195.645,indice,indec,2026-08-05T21:48:05.576542+00:00
AR,2024-03-01,Salud (202403),indec_06_variacion_mensual,12.2,%,indec,2026-08-05T21:48:05.576542+00:00
AR,2024-03-01,Salud (202403),indec_06_variacion_interanual,330.8,%,indec,2026-08-05T21:48:05.576542+00:00
AR,2024-03-01,Transporte (202403),indec_07_indice,5923.314,indice,indec,2026-08-05T21:48:05.576542+00:00
AR,2024-03-01,Transporte (202403),indec_07_variacion_mensual,13.0,%,indec,2026-08-05T21:48:05.576542+00:00
AR,2024-03-01,Transporte (202403),indec_07_variacion_interanual,326.7,%,indec,2026-08-05T21:48:05.576542+00:00
AR,2024-03-01,Comunicación (202403),indec_08_indice,4338.061,indice,indec,2026-08-05T21:48:05.576542+00:00
AR,2024-03-01,Comunicación (202403),indec_08_variacion_mensual,15.9,%,indec,2026-08-05T21:48:05.576542+00:00
AR,2024-03-01,Comunicación (202403),indec_08_variacion_interanual,336.7,%,indec,2026-08-05T21:48:05.576542+00:00
AR,2024-03-01,Recreación y cultura (202403),indec_09_indice,4846.745,indice,indec,2026-08-05T21:48:05.576542+00:00
AR,2024-03-01,Recreación y cultura (202403),indec_09_variacion_mensual,8.5,%,indec,2026-08-05T21:48:05.576542+00:00
AR,2024-03-01,Recreación y cultura (202403),indec_09_variacion_interanual,285.0,%,indec,2026-08-05T21:48:05.576542+00:00
AR,2024-03-01,Educación (202403),indec_10_indice,3653.036,indice,indec,2026-08-05T21:48:05.576542+00:00
AR,2024-03-01,Educación (202403),indec_10_variacion_mensual,52.7,%,indec,2026-08-05T21:48:05.576542+00:00
AR,2024-03-01,Educación (202403),indec_10_variacion_interanual,204.1,%,indec,2026-08-05T21:48:05.576542+00:00
AR,2024-03-01,Restaurantes y hoteles (202403),indec_11_indice,5511.014,indice,indec,2026-08-05T21:48:05.576542+00:00
AR,2024-03-01,Restaurantes y hoteles (202403),indec_11_variacion_mensual,8.3,%,indec,2026-08-05T21:48:05.576542+00:00
AR,2024-03-01,Restaurantes y hoteles (202403),indec_11_variacion_interanual,272.4,%,indec,2026-08-05T21:48:05.576542+00:00
AR,2024-03-01,Bienes y servicios varios (202403),indec_12_indice,5586.435,indice,indec,2026-08-05T21:48:05.576542+00:00
AR,2024-03-01,Bienes y servicios varios (202403),indec_12_variacion_mensual,9.6,%,indec,2026-08-05T21:48:05.576542+00:00
AR,2024-03-01,Bienes y servicios varios (202403),indec_12_variacion_interanual,364.2,%,indec,2026-08-05T21:48:05.576542+00:00
AR,2024-03-01,nan (202403),indec_Estacional_indice,5534.71,indice,indec,2026-08-05T21:48:05.576542+00:00
AR,2024-03-01,nan (202403),indec_Estacional_variacion_mensual,11.1,%,indec,2026-08-05T21:48:05.576542+00:00
AR,2024-03-01,nan (202403),indec_Estacional_variacion_interanual,221.2,%,indec,2026-08-05T21:48:05.576542+00:00
AR,2024-03-01,nan (202403),indec_Núcleo_indice,5612.399,indice,indec,2026-08-05T21:48:05.576542+00:00
AR,2024-03-01,nan (202403),indec_Núcleo_variacion_mensual,9.4,%,indec,2026-08-05T21:48:05.576542+00:00
AR,2024-03-01,nan (202403),indec_Núcleo_variacion_interanual,300.0,%,indec,2026-08-05T21:48:05.576542+00:00
AR,2024-03-01,nan (202403),indec_Regulados_indice,4441.313,indice,indec,2026-08-05T21:48:05.576542+00:00
AR,2024-03-01,nan (202403),indec_Regulados_variacion_mensual,18.1,%,indec,2026-08-05T21:48:05.576542+00:00
AR,2024-03-01,nan (202403),indec_Regulados_variacion_interanual,293.4,%,indec,2026-08-05T21:48:05.576542+00:00
AR,2024-03-01,nan (202403),indec_B_indice,6086.842,indice,indec,2026-08-05T21:48:05.576542+00:00
AR,2024-03-01,nan (202403),indec_B_variacion_mensual,9.8,%,indec,2026-08-05T21:48:05.576542+00:00
AR,2024-03-01,nan (202403),indec_B_variacion_interanual,302.4,%,indec,2026-08-05T21:48:05.576542+00:00
AR,2024-03-01,nan (202403),indec_S_indice,3937.969,indice,indec,2026-08-05T21:48:05.576542+00:00
AR,2024-03-01,nan (202403),indec_S_variacion_mensual,15.5,%,indec,2026-08-05T21:48:05.576542+00:00
AR,2024-03-01,nan (202403),indec_S_variacion_interanual,250.4,%,indec,2026-08-05T21:48:05.576542+00:00
AR,2024-04-01,NIVEL GENERAL (202404),indec_0_indice,5830.227,indice,indec,2026-08-05T21:48:05.576542+00:00
AR,2024-04-01,NIVEL GENERAL (202404),indec_0_variacion_mensual,8.8,%,indec,2026-08-05T21:48:05.576542+00:00
AR,2024-04-01,NIVEL GENERAL (202404),indec_0_variacion_interanual,289.4,%,indec,2026-08-05T21:48:05.576542+00:00
AR,2024-04-01,Alimentos y bebidas no alcohólicas (202404),indec_01_indice,6590.088,indice,indec,2026-08-05T21:48:05.576542+00:00
AR,2024-04-01,Alimentos y bebidas no alcohólicas (202404),indec_01_variacion_mensual,6.0,%,indec,2026-08-05T21:48:05.576542+00:00
AR,2024-04-01,Alimentos y bebidas no alcohólicas (202404),indec_01_variacion_interanual,293.0,%,indec,2026-08-05T21:48:05.576542+00:00
AR,2024-04-01,Bebidas alcohólicas y tabaco (202404),indec_02_indice,4481.988,indice,indec,2026-08-05T21:48:05.576542+00:00
AR,2024-04-01,Bebidas alcohólicas y tabaco (202404),indec_02_variacion_mensual,5.5,%,indec,2026-08-05T21:48:05.576542+00:00
AR,2024-04-01,Bebidas alcohólicas y tabaco (202404),indec_02_variacion_interanual,272.3,%,indec,2026-08-05T21:48:05.576542+00:00
AR,2024-04-01,Prendas de vestir y calzado (202404),indec_03_indice,5392.834,indice,indec,2026-08-05T21:48:05.576542+00:00
AR,2024-04-01,Prendas de vestir y calzado (202404),indec_03_variacion_mensual,9.6,%,indec,2026-08-05T21:48:05.576542+00:00
AR,2024-04-01,Prendas de vestir y calzado (202404),indec_03_variacion_interanual,205.0,%,indec,2026-08-05T21:48:05.576542+00:00
AR,2024-04-01,"Vivienda, agua, electricidad, gas y otros combustibles (202404)",indec_04_indice,4509.365,indice,indec,2026-08-05T21:48:05.576542+00:00
AR,2024-04-01,"Vivienda, agua, electricidad, gas y otros combustibles (202404)",indec_04_variacion_mensual,35.6,%,indec,2026-08-05T21:48:05.576542+00:00
AR,2024-04-01,"Vivienda, agua, electricidad, gas y otros combustibles (202404)",indec_04_variacion_interanual,311.6,%,indec,2026-08-05T21:48:05.576542+00:00
AR,2024-04-01,Equipamiento y mantenimiento del hogar (202404),indec_05_indice,5751.79,indice,indec,2026-08-05T21:48:05.576542+00:00
AR,2024-04-01,Equipamiento y mantenimiento del hogar (202404),indec_05_variacion_mensual,6.5,%,indec,2026-08-05T21:48:05.576542+00:00
AR,2024-04-01,Equipamiento y mantenimiento del hogar (202404),indec_05_variacion_interanual,293.4,%,indec,2026-08-05T21:48:05.576542+00:00
AR,2024-04-01,Salud (202404),indec_06_indice,6761.482,indice,indec,2026-08-05T21:48:05.576542+00:00
AR,2024-04-01,Salud (202404),indec_06_variacion_mensual,9.1,%,indec,2026-08-05T21:48:05.576542+00:00
AR,2024-04-01,Salud (202404),indec_06_variacion_interanual,341.1,%,indec,2026-08-05T21:48:05.576542+00:00
AR,2024-04-01,Transporte (202404),indec_07_indice,6293.903,indice,indec,2026-08-05T21:48:05.576542+00:00
AR,2024-04-01,Transporte (202404),indec_07_variacion_mensual,6.3,%,indec,2026-08-05T21:48:05.576542+00:00
AR,2024-04-01,Transporte (202404),indec_07_variacion_interanual,325.9,%,indec,2026-08-05T21:48:05.576542+00:00
AR,2024-04-01,Comunicación (202404),indec_08_indice,4952.69,indice,indec,2026-08-05T21:48:05.576542+00:00
AR,2024-04-01,Comunicación (202404),indec_08_variacion_mensual,14.2,%,indec,2026-08-05T21:48:05.576542+00:00
AR,2024-04-01,Comunicación (202404),indec_08_variacion_interanual,369.1,%,indec,2026-08-05T21:48:05.576542+00:00
AR,2024-04-01,Recreación y cultura (202404),indec_09_indice,5192.9,indice,indec,2026-08-05T21:48:05.576542+00:00
AR,2024-04-01,Recreación y cultura (202404),indec_09_variacion_mensual,7.1,%,indec,2026-08-05T21:48:05.576542+00:00
AR,2024-04-01,Recreación y cultura (202404),indec_09_variacion_interanual,283.6,%,indec,2026-08-05T21:48:05.576542+00:00
AR,2024-04-01,Educación (202404),indec_10_indice,3966.882,indice,indec,2026-08-05T21:48:05.576542+00:00
AR,2024-04-01,Educación (202404),indec_10_variacion_mensual,8.6,%,indec,2026-08-05T21:48:05.576542+00:00
AR,2024-04-01,Educación (202404),indec_10_variacion_interanual,214.5,%,indec,2026-08-05T21:48:05.576542+00:00
AR,2024-04-01,Restaurantes y hoteles (202404),indec_11_indice,5912.618,indice,indec,2026-08-05T21:48:05.576542+00:00
AR,2024-04-01,Restaurantes y hoteles (202404),indec_11_variacion_mensual,7.3,%,indec,2026-08-05T21:48:05.576542+00:00
AR,2024-04-01,Restaurantes y hoteles (202404),indec_11_variacion_interanual,263.6,%,indec,2026-08-05T21:48:05.576542+00:00
AR,2024-04-01,Bienes y servicios varios (202404),indec_12_indice,5903.854,indice,indec,2026-08-05T21:48:05.576542+00:00
AR,2024-04-01,Bienes y servicios varios (202404),indec_12_variacion_mensual,5.7,%,indec,2026-08-05T21:48:05.576542+00:00
AR,2024-04-01,Bienes y servicios varios (202404),indec_12_variacion_interanual,360.2,%,indec,2026-08-05T21:48:05.576542+00:00
AR,2024-04-01,nan (202404),indec_Estacional_indice,6085.244,indice,indec,2026-08-05T21:48:05.576542+00:00
AR,2024-04-01,nan (202404),indec_Estacional_variacion_mensual,9.9,%,indec,2026-08-05T21:48:05.576542+00:00
AR,2024-04-01,nan (202404),indec_Estacional_variacion_interanual,213.5,%,indec,2026-08-05T21:48:05.576542+00:00
AR,2024-04-01,nan (202404),indec_Núcleo_indice,5965.893,indice,indec,2026-08-05T21:48:05.576542+00:00
AR,2024-04-01,nan (202404),indec_Núcleo_variacion_mensual,6.3,%,indec,2026-08-05T21:48:05.576542+00:00
AR,2024-04-01,nan (202404),indec_Núcleo_variacion_interanual,292.2,%,indec,2026-08-05T21:48:05.576542+00:00
AR,2024-04-01,nan (202404),indec_Regulados_indice,5258.252,indice,indec,2026-08-05T21:48:05.576542+00:00
AR,2024-04-01,nan (202404),indec_Regulados_variacion_mensual,18.4,%,indec,2026-08-05T21:48:05.576542+00:00
AR,2024-04-01,nan (202404),indec_Regulados_variacion_interanual,344.1,%,indec,2026-08-05T21:48:05.576542+00:00
AR,2024-04-01,nan (202404),indec_B_indice,6468.376,indice,indec,2026-08-05T21:48:05.576542+00:00
AR,2024-04-01,nan (202404),indec_B_variacion_mensual,6.3,%,indec,2026-08-05T21:48:05.576542+00:00
AR,2024-04-01,nan (202404),indec_B_variacion_interanual,291.9,%,indec,2026-08-05T21:48:05.576542+00:00
AR,2024-04-01,nan (202404),indec_S_indice,4589.525,indice,indec,2026-08-05T21:48:05.576542+00:00
AR,2024-04-01,nan (202404),indec_S_variacion_mensual,16.5,%,indec,2026-08-05T21:48:05.576542+00:00
AR,2024-04-01,nan (202404),indec_S_variacion_interanual,283.3,%,indec,2026-08-05T21:48:05.576542+00:00
AR,2024-05-01,NIVEL GENERAL (202405),indec_0_indice,6073.717,indice,indec,2026-08-05T21:48:05.576542+00:00
AR,2024-05-01,NIVEL GENERAL (202405),indec_0_variacion_mensual,4.2,%,indec,2026-08-05T21:48:05.576542+00:00
AR,2024-05-01,NIVEL GENERAL (202405),indec_0_variacion_interanual,276.4,%,indec,2026-08-05T21:48:05.576542+00:00
AR,2024-05-01,Alimentos y bebidas no alcohólicas (202405),indec_01_indice,6909.553,indice,indec,2026-08-05T21:48:05.576542+00:00
AR,2024-05-01,Alimentos y bebidas no alcohólicas (202405),indec_01_variacion_mensual,4.8,%,indec,2026-08-05T21:48:05.576542+00:00
AR,2024-05-01,Alimentos y bebidas no alcohólicas (202405),indec_01_variacion_interanual,289.4,%,indec,2026-08-05T21:48:05.576542+00:00
AR,2024-05-01,Bebidas alcohólicas y tabaco (202405),indec_02_indice,4781.493,indice,indec,2026-08-05T21:48:05.576542+00:00
AR,2024-05-01,Bebidas alcohólicas y tabaco (202405),indec_02_variacion_mensual,6.7,%,indec,2026-08-05T21:48:05.576542+00:00
AR,2024-05-01,Bebidas alcohólicas y tabaco (202405),indec_02_variacion_interanual,266.3,%,indec,2026-08-05T21:48:05.576542+00:00
AR,2024-05-01,Prendas de vestir y calzado (202405),indec_03_indice,5584.134,indice,indec,2026-08-05T21:48:05.576542+00:00
AR,2024-05-01,Prendas de vestir y calzado (202405),indec_03_variacion_mensual,3.5,%,indec,2026-08-05T21:48:05.576542+00:00
AR,2024-05-01,Prendas de vestir y calzado (202405),indec_03_variacion_interanual,193.4,%,indec,2026-08-05T21:48:05.576542+00:00
AR,2024-05-01,"Vivienda, agua, electricidad, gas y otros combustibles (202405)",indec_04_indice,4623.355,indice,indec,2026-08-05T21:48:05.576542+00:00
AR,2024-05-01,"Vivienda, agua, electricidad, gas y otros combustibles (202405)",indec_04_variacion_mensual,2.5,%,indec,2026-08-05T21:48:05.576542+00:00
AR,2024-05-01,"Vivienda, agua, electricidad, gas y otros combustibles (202405)",indec_04_variacion_interanual,277.3,%,indec,2026-08-05T21:48:05.576542+00:00
AR,2024-05-01,Equipamiento y mantenimiento del hogar (202405),indec_05_indice,5937.476,indice,indec,2026-08-05T21:48:05.576542+00:00
AR,2024-05-01,Equipamiento y mantenimiento del hogar (202405),indec_05_variacion_mensual,3.2,%,indec,2026-08-05T21:48:05.576542+00:00
AR,2024-05-01,Equipamiento y mantenimiento del hogar (202405),indec_05_variacion_interanual,273.4,%,indec,2026-08-05T21:48:05.576542+00:00
AR,2024-05-01,Salud (202405),indec_06_indice,6807.876,indice,indec,2026-08-05T21:48:05.576542+00:00
AR,2024-05-01,Salud (202405),indec_06_variacion_mensual,0.7,%,indec,2026-08-05T21:48:05.576542+00:00
AR,2024-05-01,Salud (202405),indec_06_variacion_interanual,307.3,%,indec,2026-08-05T21:48:05.576542+00:00
AR,2024-05-01,Transporte (202405),indec_07_indice,6544.312,indice,indec,2026-08-05T21:48:05.576542+00:00
AR,2024-05-01,Transporte (202405),indec_07_variacion_mensual,4.0,%,indec,2026-08-05T21:48:05.576542+00:00
AR,2024-05-01,Transporte (202405),indec_07_variacion_interanual,309.5,%,indec,2026-08-05T21:48:05.576542+00:00
AR,2024-05-01,Comunicación (202405),indec_08_indice,5359.459,indice,indec,2026-08-05T21:48:05.576542+00:00
AR,2024-05-01,Comunicación (202405),indec_08_variacion_mensual,8.2,%,indec,2026-08-05T21:48:05.576542+00:00
AR,2024-05-01,Comunicación (202405),indec_08_variacion_interanual,375.7,%,indec,2026-08-05T21:48:05.576542+00:00
AR,2024-05-01,Recreación y cultura (202405),indec_09_indice,5429.47,indice,indec,2026-08-05T21:48:05.576542+00:00
AR,2024-05-01,Recreación y cultura (202405),indec_09_variacion_mensual,4.6,%,indec,2026-08-05T21:48:05.576542+00:00
AR,2024-05-01,Recreación y cultura (202405),indec_09_variacion_interanual,270.1,%,indec,2026-08-05T21:48:05.576542+00:00
AR,2024-05-01,Educación (202405),indec_10_indice,4269.937,indice,indec,2026-08-05T21:48:05.576542+00:00
AR,2024-05-01,Educación (202405),indec_10_variacion_mensual,7.6,%,indec,2026-08-05T21:48:05.576542+00:00
AR,2024-05-01,Educación (202405),indec_10_variacion_interanual,222.6,%,indec,2026-08-05T21:48:05.576542+00:00
AR,2024-05-01,Restaurantes y hoteles (202405),indec_11_indice,6240.627,indice,indec,2026-08-05T21:48:05.576542+00:00
AR,2024-05-01,Restaurantes y hoteles (202405),indec_11_variacion_mensual,5.5,%,indec,2026-08-05T21:48:05.576542+00:00
AR,2024-05-01,Restaurantes y hoteles (202405),indec_11_variacion_interanual,251.0,%,indec,2026-08-05T21:48:05.576542+00:00
AR,2024-05-01,Bienes y servicios varios (202405),indec_12_indice,6157.706,indice,indec,2026-08-05T21:48:05.576542+00:00
AR,2024-05-01,Bienes y servicios varios (202405),indec_12_variacion_mensual,4.3,%,indec,2026-08-05T21:48:05.576542+00:00
AR,2024-05-01,Bienes y servicios varios (202405),indec_12_variacion_interanual,348.2,%,indec,2026-08-05T21:48:05.576542+00:00
AR,2024-05-01,nan (202405),indec_Estacional_indice,6521.176,indice,indec,2026-08-05T21:48:05.576542+00:00
AR,2024-05-01,nan (202405),indec_Estacional_variacion_mensual,7.2,%,indec,2026-08-05T21:48:05.576542+00:00
AR,2024-05-01,nan (202405),indec_Estacional_variacion_interanual,217.0,%,indec,2026-08-05T21:48:05.576542+00:00
AR,2024-05-01,nan (202405),indec_Núcleo_indice,6188.673,indice,indec,2026-08-05T21:48:05.576542+00:00
AR,2024-05-01,nan (202405),indec_Núcleo_variacion_mensual,3.7,%,indec,2026-08-05T21:48:05.576542+00:00
AR,2024-05-01,nan (202405),indec_Núcleo_variacion_interanual,277.3,%,indec,2026-08-05T21:48:05.576542+00:00
AR,2024-05-01,nan (202405),indec_Regulados_indice,5469.547,indice,indec,2026-08-05T21:48:05.576542+00:00
AR,2024-05-01,nan (202405),indec_Regulados_variacion_mensual,4.0,%,indec,2026-08-05T21:48:05.576542+00:00
AR,2024-05-01,nan (202405),indec_Regulados_variacion_interanual,323.6,%,indec,2026-08-05T21:48:05.576542+00:00
AR,2024-05-01,nan (202405),indec_B_indice,6720.978,indice,indec,2026-08-05T21:48:05.576542+00:00
AR,2024-05-01,nan (202405),indec_B_variacion_mensual,3.9,%,indec,2026-08-05T21:48:05.576542+00:00
AR,2024-05-01,nan (202405),indec_B_variacion_interanual,279.1,%,indec,2026-08-05T21:48:05.576542+00:00
AR,2024-05-01,nan (202405),indec_S_indice,4817.011,indice,indec,2026-08-05T21:48:05.576542+00:00
AR,2024-05-01,nan (202405),indec_S_variacion_mensual,5.0,%,indec,2026-08-05T21:48:05.576542+00:00
AR,2024-05-01,nan (202405),indec_S_variacion_interanual,270.3,%,indec,2026-08-05T21:48:05.576542+00:00
AR,2024-06-01,NIVEL GENERAL (202406),indec_0_indice,6351.715,indice,indec,2026-08-05T21:48:05.576542+00:00
AR,2024-06-01,NIVEL GENERAL (202406),indec_0_variacion_mensual,4.6,%,indec,2026-08-05T21:48:05.576542+00:00
AR,2024-06-01,NIVEL GENERAL (202406),indec_0_variacion_interanual,271.5,%,indec,2026-08-05T21:48:05.576542+00:00
AR,2024-06-01,Alimentos y bebidas no alcohólicas (202406),indec_01_indice,7117.223,indice,indec,2026-08-05T21:48:05.576542+00:00
AR,2024-06-01,Alimentos y bebidas no alcohólicas (202406),indec_01_variacion_mensual,3.0,%,indec,2026-08-05T21:48:05.576542+00:00
AR,2024-06-01,Alimentos y bebidas no alcohólicas (202406),indec_01_variacion_interanual,285.1,%,indec,2026-08-05T21:48:05.576542+00:00
AR,2024-06-01,Bebidas alcohólicas y tabaco (202406),indec_02_indice,4880.226,indice,indec,2026-08-05T21:48:05.576542+00:00
AR,2024-06-01,Bebidas alcohólicas y tabaco (202406),indec_02_variacion_mensual,2.1,%,indec,2026-08-05T21:48:05.576542+00:00
AR,2024-06-01,Bebidas alcohólicas y tabaco (202406),indec_02_variacion_interanual,257.7,%,indec,2026-08-05T21:48:05.576542+00:00
AR,2024-06-01,Prendas de vestir y calzado (202406),indec_03_indice,5736.102,indice,indec,2026-08-05T21:48:05.576542+00:00
AR,2024-06-01,Prendas de vestir y calzado (202406),indec_03_variacion_mensual,2.7,%,indec,2026-08-05T21:48:05.576542+00:00
AR,2024-06-01,Prendas de vestir y calzado (202406),indec_03_variacion_interanual,189.2,%,indec,2026-08-05T21:48:05.576542+00:00
AR,2024-06-01,"Vivienda, agua, electricidad, gas y otros combustibles (202406)",indec_04_indice,5283.216,indice,indec,2026-08-05T21:48:05.576542+00:00
AR,2024-06-01,"Vivienda, agua, electricidad, gas y otros combustibles (202406)",indec_04_variacion_mensual,14.3,%,indec,2026-08-05T21:48:05.576542+00:00
AR,2024-06-01,"Vivienda, agua, electricidad, gas y otros combustibles (202406)",indec_04_variacion_interanual,298.9,%,indec,2026-08-05T21:48:05.576542+00:00
AR,2024-06-01,Equipamiento y mantenimiento del hogar (202406),indec_05_indice,6073.208,indice,indec,2026-08-05T21:48:05.576542+00:00
AR,2024-06-01,Equipamiento y mantenimiento del hogar (202406),indec_05_variacion_mensual,2.3,%,indec,2026-08-05T21:48:05.576542+00:00
AR,2024-06-01,Equipamiento y mantenimiento del hogar (202406),indec_05_variacion_interanual,253.7,%,indec,2026-08-05T21:48:05.576542+00:00
AR,2024-06-01,Salud (202406),indec_06_indice,7130.927,indice,indec,2026-08-05T21:48:05.576542+00:00
AR,2024-06-01,Salud (202406),indec_06_variacion_mensual,4.7,%,indec,2026-08-05T21:48:05.576542+00:00
AR,2024-06-01,Salud (202406),indec_06_variacion_interanual,292.8,%,indec,2026-08-05T21:48:05.576542+00:00
AR,2024-06-01,Transporte (202406),indec_07_indice,6801.489,indice,indec,2026-08-05T21:48:05.576542+00:00
AR,2024-06-01,Transporte (202406),indec_07_variacion_mensual,3.9,%,indec,2026-08-05T21:48:05.576542+00:00
AR,2024-06-01,Transporte (202406),indec_07_variacion_interanual,299.7,%,indec,2026-08-05T21:48:05.576542+00:00
AR,2024-06-01,Comunicación (202406),indec_08_indice,5644.184,indice,indec,2026-08-05T21:48:05.576542+00:00
AR,2024-06-01,Comunicación (202406),indec_08_variacion_mensual,5.3,%,indec,2026-08-05T21:48:05.576542+00:00
AR,2024-06-01,Comunicación (202406),indec_08_variacion_interanual,353.4,%,indec,2026-08-05T21:48:05.576542+00:00
AR,2024-06-01,Recreación y cultura (202406),indec_09_indice,5734.361,indice,indec,2026-08-05T21:48:05.576542+00:00
AR,2024-06-01,Recreación y cultura (202406),indec_09_variacion_mensual,5.6,%,indec,2026-08-05T21:48:05.576542+00:00
AR,2024-06-01,Recreación y cultura (202406),indec_09_variacion_interanual,267.2,%,indec,2026-08-05T21:48:05.576542+00:00
AR,2024-06-01,Educación (202406),indec_10_indice,4514.858,indice,indec,2026-08-05T21:48:05.576542+00:00
AR,2024-06-01,Educación (202406),indec_10_variacion_mensual,5.7,%,indec,2026-08-05T21:48:05.576542+00:00
AR,2024-06-01,Educación (202406),indec_10_variacion_interanual,220.1,%,indec,2026-08-05T21:48:05.576542+00:00
AR,2024-06-01,Restaurantes y hoteles (202406),indec_11_indice,6632.312,indice,indec,2026-08-05T21:48:05.576542+00:00
AR,2024-06-01,Restaurantes y hoteles (202406),indec_11_variacion_mensual,6.3,%,indec,2026-08-05T21:48:05.576542+00:00
AR,2024-06-01,Restaurantes y hoteles (202406),indec_11_variacion_interanual,250.9,%,indec,2026-08-05T21:48:05.576542+00:00
AR,2024-06-01,Bienes y servicios varios (202406),indec_12_indice,6327.35,indice,indec,2026-08-05T21:48:05.576542+00:00
AR,2024-06-01,Bienes y servicios varios (202406),indec_12_variacion_mensual,2.8,%,indec,2026-08-05T21:48:05.576542+00:00
AR,2024-06-01,Bienes y servicios varios (202406),indec_12_variacion_interanual,332.2,%,indec,2026-08-05T21:48:05.576542+00:00
AR,2024-06-01,nan (202406),indec_Estacional_indice,6811.124,indice,indec,2026-08-05T21:48:05.576542+00:00
AR,2024-06-01,nan (202406),indec_Estacional_variacion_mensual,4.4,%,indec,2026-08-05T21:48:05.576542+00:00
AR,2024-06-01,nan (202406),indec_Estacional_variacion_interanual,225.2,%,indec,2026-08-05T21:48:05.576542+00:00
AR,2024-06-01,nan (202406),indec_Núcleo_indice,6414.658,indice,indec,2026-08-05T21:48:05.576542+00:00
AR,2024-06-01,nan (202406),indec_Núcleo_variacion_mensual,3.7,%,indec,2026-08-05T21:48:05.576542+00:00
AR,2024-06-01,nan (202406),indec_Núcleo_variacion_interanual,267.2,%,indec,2026-08-05T21:48:05.576542+00:00
AR,2024-06-01,nan (202406),indec_Regulados_indice,5910.154,indice,indec,2026-08-05T21:48:05.576542+00:00
AR,2024-06-01,nan (202406),indec_Regulados_variacion_mensual,8.1,%,indec,2026-08-05T21:48:05.576542+00:00
AR,2024-06-01,nan (202406),indec_Regulados_variacion_interanual,327.1,%,indec,2026-08-05T21:48:05.576542+00:00
AR,2024-06-01,nan (202406),indec_B_indice,6928.333,indice,indec,2026-08-05T21:48:05.576542+00:00
AR,2024-06-01,nan (202406),indec_B_variacion_mensual,3.1,%,indec,2026-08-05T21:48:05.576542+00:00
AR,2024-06-01,nan (202406),indec_B_variacion_interanual,270.5,%,indec,2026-08-05T21:48:05.576542+00:00
AR,2024-06-01,nan (202406),indec_S_indice,5235.459,indice,indec,2026-08-05T21:48:05.576542+00:00
AR,2024-06-01,nan (202406),indec_S_variacion_mensual,8.7,%,indec,2026-08-05T21:48:05.576542+00:00
AR,2024-06-01,nan (202406),indec_S_variacion_interanual,275.3,%,indec,2026-08-05T21:48:05.576542+00:00
AR,2024-07-01,NIVEL GENERAL (202407),indec_0_indice,6607.748,indice,indec,2026-08-05T21:48:05.576542+00:00
AR,2024-07-01,NIVEL GENERAL (202407),indec_0_variacion_mensual,4.0,%,indec,2026-08-05T21:48:05.576542+00:00
AR,2024-07-01,NIVEL GENERAL (202407),indec_0_variacion_interanual,263.4,%,indec,2026-08-05T21:48:05.576542+00:00
AR,2024-07-01,Alimentos y bebidas no alcohólicas (202407),indec_01_indice,7345.407,indice,indec,2026-08-05T21:48:05.576542+00:00
AR,2024-07-01,Alimentos y bebidas no alcohólicas (202407),indec_01_variacion_mensual,3.2,%,indec,2026-08-05T21:48:05.576542+00:00
AR,2024-07-01,Alimentos y bebidas no alcohólicas (202407),indec_01_variacion_interanual,275.8,%,indec,2026-08-05T21:48:05.576542+00:00
AR,2024-07-01,Bebidas alcohólicas y tabaco (202407),indec_02_indice,5178.75,indice,indec,2026-08-05T21:48:05.576542+00:00
AR,2024-07-01,Bebidas alcohólicas y tabaco (202407),indec_02_variacion_mensual,6.1,%,indec,2026-08-05T21:48:05.576542+00:00
AR,2024-07-01,Bebidas alcohólicas y tabaco (202407),indec_02_variacion_interanual,248.1,%,indec,2026-08-05T21:48:05.576542+00:00
AR,2024-07-01,Prendas de vestir y calzado (202407),indec_03_indice,5829.694,indice,indec,2026-08-05T21:48:05.576542+00:00
AR,2024-07-01,Prendas de vestir y calzado (202407),indec_03_variacion_mensual,1.6,%,indec,2026-08-05T21:48:05.576542+00:00
AR,2024-07-01,Prendas de vestir y calzado (202407),indec_03_variacion_interanual,185.2,%,indec,2026-08-05T21:48:05.576542+00:00
AR,2024-07-01,"Vivienda, agua, electricidad, gas y otros combustibles (202407)",indec_04_indice,5600.499,indice,indec,2026-08-05T21:48:05.576542+00:00
AR,2024-07-01,"Vivienda, agua, electricidad, gas y otros combustibles (202407)",indec_04_variacion_mensual,6.0,%,indec,2026-08-05T21:48:05.576542+00:00
AR,2024-07-01,"Vivienda, agua, electricidad, gas y otros combustibles (202407)",indec_04_variacion_interanual,306.6,%,indec,2026-08-05T21:48:05.576542+00:00
AR,2024-07-01,Equipamiento y mantenimiento del hogar (202407),indec_05_indice,6282.946,indice,indec,2026-08-05T21:48:05.576542+00:00
AR,2024-07-01,Equipamiento y mantenimiento del hogar (202407),indec_05_variacion_mensual,3.5,%,indec,2026-08-05T21:48:05.576542+00:00
AR,2024-07-01,Equipamiento y mantenimiento del hogar (202407),indec_05_variacion_interanual,244.7,%,indec,2026-08-05T21:48:05.576542+00:00
AR,2024-07-01,Salud (202407),indec_06_indice,7548.061,indice,indec,2026-08-05T21:48:05.576542+00:00
AR,2024-07-01,Salud (202407),indec_06_variacion_mensual,5.8,%,indec,2026-08-05T21:48:05.576542+00:00
AR,2024-07-01,Salud (202407),indec_06_variacion_interanual,281.3,%,indec,2026-08-05T21:48:05.576542+00:00
AR,2024-07-01,Transporte (202407),indec_07_indice,6978.989,indice,indec,2026-08-05T21:48:05.576542+00:00
AR,2024-07-01,Transporte (202407),indec_07_variacion_mensual,2.6,%,indec,2026-08-05T21:48:05.576542+00:00
AR,2024-07-01,Transporte (202407),indec_07_variacion_interanual,289.5,%,indec,2026-08-05T21:48:05.576542+00:00
AR,2024-07-01,Comunicación (202407),indec_08_indice,5844.002,indice,indec,2026-08-05T21:48:05.576542+00:00
AR,2024-07-01,Comunicación (202407),indec_08_variacion_mensual,3.5,%,indec,2026-08-05T21:48:05.576542+00:00
AR,2024-07-01,Comunicación (202407),indec_08_variacion_interanual,318.5,%,indec,2026-08-05T21:48:05.576542+00:00
AR,2024-07-01,Recreación y cultura (202407),indec_09_indice,6059.306,indice,indec,2026-08-05T21:48:05.576542+00:00
AR,2024-07-01,Recreación y cultura (202407),indec_09_variacion_mensual,5.7,%,indec,2026-08-05T21:48:05.576542+00:00
AR,2024-07-01,Recreación y cultura (202407),indec_09_variacion_interanual,248.9,%,indec,2026-08-05T21:48:05.576542+00:00
AR,2024-07-01,Educación (202407),indec_10_indice,4704.182,indice,indec,2026-08-05T21:48:05.576542+00:00
AR,2024-07-01,Educación (202407),indec_10_variacion_mensual,4.2,%,indec,2026-08-05T21:48:05.576542+00:00
AR,2024-07-01,Educación (202407),indec_10_variacion_interanual,214.2,%,indec,2026-08-05T21:48:05.576542+00:00
AR,2024-07-01,Restaurantes y hoteles (202407),indec_11_indice,7061.205,indice,indec,2026-08-05T21:48:05.576542+00:00
AR,2024-07-01,Restaurantes y hoteles (202407),indec_11_variacion_mensual,6.5,%,indec,2026-08-05T21:48:05.576542+00:00
AR,2024-07-01,Restaurantes y hoteles (202407),indec_11_variacion_interanual,247.7,%,indec,2026-08-05T21:48:05.576542+00:00
AR,2024-07-01,Bienes y servicios varios (202407),indec_12_indice,6545.92,indice,indec,2026-08-05T21:48:05.576542+00:00
AR,2024-07-01,Bienes y servicios varios (202407),indec_12_variacion_mensual,3.5,%,indec,2026-08-05T21:48:05.576542+00:00
AR,2024-07-01,Bienes y servicios varios (202407),indec_12_variacion_interanual,320.5,%,indec,2026-08-05T21:48:05.576542+00:00
AR,2024-07-01,nan (202407),indec_Estacional_indice,7156.798,indice,indec,2026-08-05T21:48:05.576542+00:00
AR,2024-07-01,nan (202407),indec_Estacional_variacion_mensual,5.1,%,indec,2026-08-05T21:48:05.576542+00:00
AR,2024-07-01,nan (202407),indec_Estacional_variacion_interanual,225.1,%,indec,2026-08-05T21:48:05.576542+00:00
AR,2024-07-01,nan (202407),indec_Núcleo_indice,6657.49,indice,indec,2026-08-05T21:48:05.576542+00:00
AR,2024-07-01,nan (202407),indec_Núcleo_variacion_mensual,3.8,%,indec,2026-08-05T21:48:05.576542+00:00
AR,2024-07-01,nan (202407),indec_Núcleo_variacion_interanual,257.9,%,indec,2026-08-05T21:48:05.576542+00:00
AR,2024-07-01,nan (202407),indec_Regulados_indice,6166.198,indice,indec,2026-08-05T21:48:05.576542+00:00
AR,2024-07-01,nan (202407),indec_Regulados_variacion_mensual,4.3,%,indec,2026-08-05T21:48:05.576542+00:00
AR,2024-07-01,nan (202407),indec_Regulados_variacion_interanual,317.5,%,indec,2026-08-05T21:48:05.576542+00:00
AR,2024-07-01,nan (202407),indec_B_indice,7148.949,indice,indec,2026-08-05T21:48:05.576542+00:00
AR,2024-07-01,nan (202407),indec_B_variacion_mensual,3.2,%,indec,2026-08-05T21:48:05.576542+00:00
AR,2024-07-01,nan (202407),indec_B_variacion_interanual,260.5,%,indec,2026-08-05T21:48:05.576542+00:00
AR,2024-07-01,nan (202407),indec_S_indice,5570.508,indice,indec,2026-08-05T21:48:05.576542+00:00
AR,2024-07-01,nan (202407),indec_S_variacion_mensual,6.4,%,indec,2026-08-05T21:48:05.576542+00:00
AR,2024-07-01,nan (202407),indec_S_variacion_interanual,272.6,%,indec,2026-08-05T21:48:05.576542+00:00
AR,2024-08-01,NIVEL GENERAL (202408),indec_0_indice,6883.441,indice,indec,2026-08-05T21:48:05.576542+00:00
AR,2024-08-01,NIVEL GENERAL (202408),indec_0_variacion_mensual,4.2,%,indec,2026-08-05T21:48:05.576542+00:00
AR,2024-08-01,NIVEL GENERAL (202408),indec_0_variacion_interanual,236.7,%,indec,2026-08-05T21:48:05.576542+00:00
AR,2024-08-01,Alimentos y bebidas no alcohólicas (202408),indec_01_indice,7611.781,indice,indec,2026-08-05T21:48:05.576542+00:00
AR,2024-08-01,Alimentos y bebidas no alcohólicas (202408),indec_01_variacion_mensual,3.6,%,indec,2026-08-05T21:48:05.576542+00:00
AR,2024-08-01,Alimentos y bebidas no alcohólicas (202408),indec_01_variacion_interanual,236.9,%,indec,2026-08-05T21:48:05.576542+00:00
AR,2024-08-01,Bebidas alcohólicas y tabaco (202408),indec_02_indice,5336.261,indice,indec,2026-08-05T21:48:05.576542+00:00
AR,2024-08-01,Bebidas alcohólicas y tabaco (202408),indec_02_variacion_mensual,3.0,%,indec,2026-08-05T21:48:05.576542+00:00
AR,2024-08-01,Bebidas alcohólicas y tabaco (202408),indec_02_variacion_interanual,230.7,%,indec,2026-08-05T21:48:05.576542+00:00
AR,2024-08-01,Prendas de vestir y calzado (202408),indec_03_indice,5949.554,indice,indec,2026-08-05T21:48:05.576542+00:00
AR,2024-08-01,Prendas de vestir y calzado (202408),indec_03_variacion_mensual,2.1,%,indec,2026-08-05T21:48:05.576542+00:00
AR,2024-08-01,Prendas de vestir y calzado (202408),indec_03_variacion_interanual,166.7,%,indec,2026-08-05T21:48:05.576542+00:00
AR,2024-08-01,"Vivienda, agua, electricidad, gas y otros combustibles (202408)",indec_04_indice,5995.285,indice,indec,2026-08-05T21:48:05.576542+00:00
AR,2024-08-01,"Vivienda, agua, electricidad, gas y otros combustibles (202408)",indec_04_variacion_mensual,7.0,%,indec,2026-08-05T21:48:05.576542+00:00
AR,2024-08-01,"Vivienda, agua, electricidad, gas y otros combustibles (202408)",indec_04_variacion_interanual,298.8,%,indec,2026-08-05T21:48:05.576542+00:00
AR,2024-08-01,Equipamiento y mantenimiento del hogar (202408),indec_05_indice,6550.784,indice,indec,2026-08-05T21:48:05.576542+00:00
AR,2024-08-01,Equipamiento y mantenimiento del hogar (202408),indec_05_variacion_mensual,4.3,%,indec,2026-08-05T21:48:05.576542+00:00
AR,2024-08-01,Equipamiento y mantenimiento del hogar (202408),indec_05_variacion_interanual,215.1,%,indec,2026-08-05T21:48:05.576542+00:00
AR,2024-08-01,Salud (202408),indec_06_indice,7860.49,indice,indec,2026-08-05T21:48:05.576542+00:00
AR,2024-08-01,Salud (202408),indec_06_variacion_mensual,4.1,%,indec,2026-08-05T21:48:05.576542+00:00
AR,2024-08-01,Salud (202408),indec_06_variacion_interanual,244.5,%,indec,2026-08-05T21:48:05.576542+00:00
AR,2024-08-01,Transporte (202408),indec_07_indice,7334.992,indice,indec,2026-08-05T21:48:05.576542+00:00
AR,2024-08-01,Transporte (202408),indec_07_variacion_mensual,5.1,%,indec,2026-08-05T21:48:05.576542+00:00
AR,2024-08-01,Transporte (202408),indec_07_variacion_interanual,270.6,%,indec,2026-08-05T21:48:05.576542+00:00
AR,2024-08-01,Comunicación (202408),indec_08_indice,6127.597,indice,indec,2026-08-05T21:48:05.576542+00:00
AR,2024-08-01,Comunicación (202408),indec_08_variacion_mensual,4.9,%,indec,2026-08-05T21:48:05.576542+00:00
AR,2024-08-01,Comunicación (202408),indec_08_variacion_interanual,320.0,%,indec,2026-08-05T21:48:05.576542+00:00
AR,2024-08-01,Recreación y cultura (202408),indec_09_indice,6282.238,indice,indec,2026-08-05T21:48:05.576542+00:00
AR,2024-08-01,Recreación y cultura (202408),indec_09_variacion_mensual,3.7,%,indec,2026-08-05T21:48:05.576542+00:00
AR,2024-08-01,Recreación y cultura (202408),indec_09_variacion_interanual,224.2,%,indec,2026-08-05T21:48:05.576542+00:00
AR,2024-08-01,Educación (202408),indec_10_indice,5013.168,indice,indec,2026-08-05T21:48:05.576542+00:00
AR,2024-08-01,Educación (202408),indec_10_variacion_mensual,6.6,%,indec,2026-08-05T21:48:05.576542+00:00
AR,2024-08-01,Educación (202408),indec_10_variacion_interanual,208.2,%,indec,2026-08-05T21:48:05.576542+00:00
AR,2024-08-01,Restaurantes y hoteles (202408),indec_11_indice,7403.163,indice,indec,2026-08-05T21:48:05.576542+00:00
AR,2024-08-01,Restaurantes y hoteles (202408),indec_11_variacion_mensual,4.8,%,indec,2026-08-05T21:48:05.576542+00:00
AR,2024-08-01,Restaurantes y hoteles (202408),indec_11_variacion_interanual,224.2,%,indec,2026-08-05T21:48:05.576542+00:00
AR,2024-08-01,Bienes y servicios varios (202408),indec_12_indice,6694.719,indice,indec,2026-08-05T21:48:05.576542+00:00
AR,2024-08-01,Bienes y servicios varios (202408),indec_12_variacion_mensual,2.3,%,indec,2026-08-05T21:48:05.576542+00:00
AR,2024-08-01,Bienes y servicios varios (202408),indec_12_variacion_interanual,293.3,%,indec,2026-08-05T21:48:05.576542+00:00
AR,2024-08-01,nan (202408),indec_Estacional_indice,7266.119,indice,indec,2026-08-05T21:48:05.576542+00:00
AR,2024-08-01,nan (202408),indec_Estacional_variacion_mensual,1.5,%,indec,2026-08-05T21:48:05.576542+00:00
AR,2024-08-01,nan (202408),indec_Estacional_variacion_interanual,198.3,%,indec,2026-08-05T21:48:05.576542+00:00
AR,2024-08-01,nan (202408),indec_Núcleo_indice,6931.798,indice,indec,2026-08-05T21:48:05.576542+00:00
AR,2024-08-01,nan (202408),indec_Núcleo_variacion_mensual,4.1,%,indec,2026-08-05T21:48:05.576542+00:00
AR,2024-08-01,nan (202408),indec_Núcleo_variacion_interanual,227.5,%,indec,2026-08-05T21:48:05.576542+00:00
AR,2024-08-01,nan (202408),indec_Regulados_indice,6529.37,indice,indec,2026-08-05T21:48:05.576542+00:00
AR,2024-08-01,nan (202408),indec_Regulados_variacion_mensual,5.9,%,indec,2026-08-05T21:48:05.576542+00:00
AR,2024-08-01,nan (202408),indec_Regulados_variacion_interanual,308.3,%,indec,2026-08-05T21:48:05.576542+00:00
AR,2024-08-01,nan (202408),indec_B_indice,7376.383,indice,indec,2026-08-05T21:48:05.576542+00:00
AR,2024-08-01,nan (202408),indec_B_variacion_mensual,3.2,%,indec,2026-08-05T21:48:05.576542+00:00
AR,2024-08-01,nan (202408),indec_B_variacion_interanual,227.3,%,indec,2026-08-05T21:48:05.576542+00:00
AR,2024-08-01,nan (202408),indec_S_indice,5933.396,indice,indec,2026-08-05T21:48:05.576542+00:00
AR,2024-08-01,nan (202408),indec_S_variacion_mensual,6.5,%,indec,2026-08-05T21:48:05.576542+00:00
AR,2024-08-01,nan (202408),indec_S_variacion_interanual,263.9,%,indec,2026-08-05T21:48:05.576542+00:00
AR,2024-09-01,NIVEL GENERAL (202409),indec_0_indice,7122.242,indice,indec,2026-08-05T21:48:05.576542+00:00
AR,2024-09-01,NIVEL GENERAL (202409),indec_0_variacion_mensual,3.5,%,indec,2026-08-05T21:48:05.576542+00:00
AR,2024-09-01,NIVEL GENERAL (202409),indec_0_variacion_interanual,209.0,%,indec,2026-08-05T21:48:05.576542+00:00
AR,2024-09-01,Alimentos y bebidas no alcohólicas (202409),indec_01_indice,7787.142,indice,indec,2026-08-05T21:48:05.576542+00:00
AR,2024-09-01,Alimentos y bebidas no alcohólicas (202409),indec_01_variacion_mensual,2.3,%,indec,2026-08-05T21:48:05.576542+00:00
AR,2024-09-01,Alimentos y bebidas no alcohólicas (202409),indec_01_variacion_interanual,201.4,%,indec,2026-08-05T21:48:05.576542+00:00
AR,2024-09-01,Bebidas alcohólicas y tabaco (202409),indec_02_indice,5453.59,indice,indec,2026-08-05T21:48:05.576542+00:00
AR,2024-09-01,Bebidas alcohólicas y tabaco (202409),indec_02_variacion_mensual,2.2,%,indec,2026-08-05T21:48:05.576542+00:00
AR,2024-09-01,Bebidas alcohólicas y tabaco (202409),indec_02_variacion_interanual,203.0,%,indec,2026-08-05T21:48:05.576542+00:00
AR,2024-09-01,Prendas de vestir y calzado (202409),indec_03_indice,6308.997,indice,indec,2026-08-05T21:48:05.576542+00:00
AR,2024-09-01,Prendas de vestir y calzado (202409),indec_03_variacion_mensual,6.0,%,indec,2026-08-05T21:48:05.576542+00:00
AR,2024-09-01,Prendas de vestir y calzado (202409),indec_03_variacion_interanual,144.4,%,indec,2026-08-05T21:48:05.576542+00:00
AR,2024-09-01,"Vivienda, agua, electricidad, gas y otros combustibles (202409)",indec_04_indice,6433.362,indice,indec,2026-08-05T21:48:05.576542+00:00
AR,2024-09-01,"Vivienda, agua, electricidad, gas y otros combustibles (202409)",indec_04_variacion_mensual,7.3,%,indec,2026-08-05T21:48:05.576542+00:00
AR,2024-09-01,"Vivienda, agua, electricidad, gas y otros combustibles (202409)",indec_04_variacion_interanual,294.6,%,indec,2026-08-05T21:48:05.576542+00:00
AR,2024-09-01,Equipamiento y mantenimiento del hogar (202409),indec_05_indice,6727.235,indice,indec,2026-08-05T21:48:05.576542+00:00
AR,2024-09-01,Equipamiento y mantenimiento del hogar (202409),indec_05_variacion_mensual,2.7,%,indec,2026-08-05T21:48:05.576542+00:00
AR,2024-09-01,Equipamiento y mantenimiento del hogar (202409),indec_05_variacion_interanual,187.2,%,indec,2026-08-05T21:48:05.576542+00:00
AR,2024-09-01,Salud (202409),indec_06_indice,8122.617,indice,indec,2026-08-05T21:48:05.576542+00:00
AR,2024-09-01,Salud (202409),indec_06_variacion_mensual,3.3,%,indec,2026-08-05T21:48:05.576542+00:00
AR,2024-09-01,Salud (202409),indec_06_variacion_interanual,225.0,%,indec,2026-08-05T21:48:05.576542+00:00
AR,2024-09-01,Transporte (202409),indec_07_indice,7585.411,indice,indec,2026-08-05T21:48:05.576542+00:00
AR,2024-09-01,Transporte (202409),indec_07_variacion_mensual,3.4,%,indec,2026-08-05T21:48:05.576542+00:00
AR,2024-09-01,Transporte (202409),indec_07_variacion_interanual,245.8,%,indec,2026-08-05T21:48:05.576542+00:00
AR,2024-09-01,Comunicación (202409),indec_08_indice,6310.176,indice,indec,2026-08-05T21:48:05.576542+00:00
AR,2024-09-01,Comunicación (202409),indec_08_variacion_mensual,3.0,%,indec,2026-08-05T21:48:05.576542+00:00
AR,2024-09-01,Comunicación (202409),indec_08_variacion_interanual,294.7,%,indec,2026-08-05T21:48:05.576542+00:00
AR,2024-09-01,Recreación y cultura (202409),indec_09_indice,6416.185,indice,indec,2026-08-05T21:48:05.576542+00:00
AR,2024-09-01,Recreación y cultura (202409),indec_09_variacion_mensual,2.1,%,indec,2026-08-05T21:48:05.576542+00:00
AR,2024-09-01,Recreación y cultura (202409),indec_09_variacion_interanual,187.6,%,indec,2026-08-05T21:48:05.576542+00:00
AR,2024-09-01,Educación (202409),indec_10_indice,5229.269,indice,indec,2026-08-05T21:48:05.576542+00:00
AR,2024-09-01,Educación (202409),indec_10_variacion_mensual,4.3,%,indec,2026-08-05T21:48:05.576542+00:00
AR,2024-09-01,Educación (202409),indec_10_variacion_interanual,197.2,%,indec,2026-08-05T21:48:05.576542+00:00
AR,2024-09-01,Restaurantes y hoteles (202409),indec_11_indice,7673.844,indice,indec,2026-08-05T21:48:05.576542+00:00
AR,2024-09-01,Restaurantes y hoteles (202409),indec_11_variacion_mensual,3.7,%,indec,2026-08-05T21:48:05.576542+00:00
AR,2024-09-01,Restaurantes y hoteles (202409),indec_11_variacion_interanual,196.7,%,indec,2026-08-05T21:48:05.576542+00:00
AR,2024-09-01,Bienes y servicios varios (202409),indec_12_indice,6918.474,indice,indec,2026-08-05T21:48:05.576542+00:00
AR,2024-09-01,Bienes y servicios varios (202409),indec_12_variacion_mensual,3.3,%,indec,2026-08-05T21:48:05.576542+00:00
AR,2024-09-01,Bienes y servicios varios (202409),indec_12_variacion_interanual,263.9,%,indec,2026-08-05T21:48:05.576542+00:00
AR,2024-09-01,nan (202409),indec_Estacional_indice,7479.682,indice,indec,2026-08-05T21:48:05.576542+00:00
AR,2024-09-01,nan (202409),indec_Estacional_variacion_mensual,2.9,%,indec,2026-08-05T21:48:05.576542+00:00
AR,2024-09-01,nan (202409),indec_Estacional_variacion_interanual,167.7,%,indec,2026-08-05T21:48:05.576542+00:00
AR,2024-09-01,nan (202409),indec_Núcleo_indice,7157.927,indice,indec,2026-08-05T21:48:05.576542+00:00
AR,2024-09-01,nan (202409),indec_Núcleo_variacion_mensual,3.3,%,indec,2026-08-05T21:48:05.576542+00:00
AR,2024-09-01,nan (202409),indec_Núcleo_variacion_interanual,198.1,%,indec,2026-08-05T21:48:05.576542+00:00
AR,2024-09-01,nan (202409),indec_Regulados_indice,6825.258,indice,indec,2026-08-05T21:48:05.576542+00:00
AR,2024-09-01,nan (202409),indec_Regulados_variacion_mensual,4.5,%,indec,2026-08-05T21:48:05.576542+00:00
AR,2024-09-01,nan (202409),indec_Regulados_variacion_interanual,294.1,%,indec,2026-08-05T21:48:05.576542+00:00
AR,2024-09-01,nan (202409),indec_B_indice,7600.06,indice,indec,2026-08-05T21:48:05.576542+00:00
AR,2024-09-01,nan (202409),indec_B_variacion_mensual,3.0,%,indec,2026-08-05T21:48:05.576542+00:00
AR,2024-09-01,nan (202409),indec_B_variacion_interanual,197.0,%,indec,2026-08-05T21:48:05.576542+00:00
AR,2024-09-01,nan (202409),indec_S_indice,6204.713,indice,indec,2026-08-05T21:48:05.576542+00:00
AR,2024-09-01,nan (202409),indec_S_variacion_mensual,4.6,%,indec,2026-08-05T21:48:05.576542+00:00
AR,2024-09-01,nan (202409),indec_S_variacion_interanual,244.3,%,indec,2026-08-05T21:48:05.576542+00:00
AR,2024-10-01,NIVEL GENERAL (202410),indec_0_indice,7313.954,indice,indec,2026-08-05T21:48:05.576542+00:00
AR,2024-10-01,NIVEL GENERAL (202410),indec_0_variacion_mensual,2.7,%,indec,2026-08-05T21:48:05.576542+00:00
AR,2024-10-01,NIVEL GENERAL (202410),indec_0_variacion_interanual,193.0,%,indec,2026-08-05T21:48:05.576542+00:00
AR,2024-10-01,Alimentos y bebidas no alcohólicas (202410),indec_01_indice,7880.586,indice,indec,2026-08-05T21:48:05.576542+00:00
AR,2024-10-01,Alimentos y bebidas no alcohólicas (202410),indec_01_variacion_mensual,1.2,%,indec,2026-08-05T21:48:05.576542+00:00
AR,2024-10-01,Alimentos y bebidas no alcohólicas (202410),indec_01_variacion_interanual,183.2,%,indec,2026-08-05T21:48:05.576542+00:00
AR,2024-10-01,Bebidas alcohólicas y tabaco (202410),indec_02_indice,5617.03,indice,indec,2026-08-05T21:48:05.576542+00:00
AR,2024-10-01,Bebidas alcohólicas y tabaco (202410),indec_02_variacion_mensual,3.0,%,indec,2026-08-05T21:48:05.576542+00:00
AR,2024-10-01,Bebidas alcohólicas y tabaco (202410),indec_02_variacion_interanual,184.1,%,indec,2026-08-05T21:48:05.576542+00:00
AR,2024-10-01,Prendas de vestir y calzado (202410),indec_03_indice,6588.189,indice,indec,2026-08-05T21:48:05.576542+00:00
AR,2024-10-01,Prendas de vestir y calzado (202410),indec_03_variacion_mensual,4.4,%,indec,2026-08-05T21:48:05.576542+00:00
AR,2024-10-01,Prendas de vestir y calzado (202410),indec_03_variacion_interanual,130.0,%,indec,2026-08-05T21:48:05.576542+00:00
AR,2024-10-01,"Vivienda, agua, electricidad, gas y otros combustibles (202410)",indec_04_indice,6780.41,indice,indec,2026-08-05T21:48:05.576542+00:00
AR,2024-10-01,"Vivienda, agua, electricidad, gas y otros combustibles (202410)",indec_04_variacion_mensual,5.4,%,indec,2026-08-05T21:48:05.576542+00:00
AR,2024-10-01,"Vivienda, agua, electricidad, gas y otros combustibles (202410)",indec_04_variacion_interanual,285.8,%,indec,2026-08-05T21:48:05.576542+00:00
AR,2024-10-01,Equipamiento y mantenimiento del hogar (202410),indec_05_indice,6903.035,indice,indec,2026-08-05T21:48:05.576542+00:00
AR,2024-10-01,Equipamiento y mantenimiento del hogar (202410),indec_05_variacion_mensual,2.6,%,indec,2026-08-05T21:48:05.576542+00:00
AR,2024-10-01,Equipamiento y mantenimiento del hogar (202410),indec_05_variacion_interanual,166.2,%,indec,2026-08-05T21:48:05.576542+00:00
AR,2024-10-01,Salud (202410),indec_06_indice,8412.039,indice,indec,2026-08-05T21:48:05.576542+00:00
AR,2024-10-01,Salud (202410),indec_06_variacion_mensual,3.6,%,indec,2026-08-05T21:48:05.576542+00:00
AR,2024-10-01,Salud (202410),indec_06_variacion_interanual,220.2,%,indec,2026-08-05T21:48:05.576542+00:00
AR,2024-10-01,Transporte (202410),indec_07_indice,7677.733,indice,indec,2026-08-05T21:48:05.576542+00:00
AR,2024-10-01,Transporte (202410),indec_07_variacion_mensual,1.2,%,indec,2026-08-05T21:48:05.576542+00:00
AR,2024-10-01,Transporte (202410),indec_07_variacion_interanual,226.8,%,indec,2026-08-05T21:48:05.576542+00:00
AR,2024-10-01,Comunicación (202410),indec_08_indice,6440.16,indice,indec,2026-08-05T21:48:05.576542+00:00
AR,2024-10-01,Comunicación (202410),indec_08_variacion_mensual,2.1,%,indec,2026-08-05T21:48:05.576542+00:00
AR,2024-10-01,Comunicación (202410),indec_08_variacion_interanual,257.6,%,indec,2026-08-05T21:48:05.576542+00:00
AR,2024-10-01,Recreación y cultura (202410),indec_09_indice,6599.944,indice,indec,2026-08-05T21:48:05.576542+00:00
AR,2024-10-01,Recreación y cultura (202410),indec_09_variacion_mensual,2.9,%,indec,2026-08-05T21:48:05.576542+00:00
AR,2024-10-01,Recreación y cultura (202410),indec_09_variacion_interanual,170.7,%,indec,2026-08-05T21:48:05.576542+00:00
AR,2024-10-01,Educación (202410),indec_10_indice,5409.782,indice,indec,2026-08-05T21:48:05.576542+00:00
AR,2024-10-01,Educación (202410),indec_10_variacion_mensual,3.5,%,indec,2026-08-05T21:48:05.576542+00:00
AR,2024-10-01,Educación (202410),indec_10_variacion_interanual,188.5,%,indec,2026-08-05T21:48:05.576542+00:00
AR,2024-10-01,Restaurantes y hoteles (202410),indec_11_indice,8000.798,indice,indec,2026-08-05T21:48:05.576542+00:00
AR,2024-10-01,Restaurantes y hoteles (202410),indec_11_variacion_mensual,4.3,%,indec,2026-08-05T21:48:05.576542+00:00
AR,2024-10-01,Restaurantes y hoteles (202410),indec_11_variacion_interanual,184.4,%,indec,2026-08-05T21:48:05.576542+00:00
AR,2024-10-01,Bienes y servicios varios (202410),indec_12_indice,7112.73,indice,indec,2026-08-05T21:48:05.576542+00:00
AR,2024-10-01,Bienes y servicios varios (202410),indec_12_variacion_mensual,2.8,%,indec,2026-08-05T21:48:05.576542+00:00
AR,2024-10-01,Bienes y servicios varios (202410),indec_12_variacion_interanual,247.5,%,indec,2026-08-05T21:48:05.576542+00:00
AR,2024-10-01,nan (202410),indec_Estacional_indice,7581.591,indice,indec,2026-08-05T21:48:05.576542+00:00
AR,2024-10-01,nan (202410),indec_Estacional_variacion_mensual,1.4,%,indec,2026-08-05T21:48:05.576542+00:00
AR,2024-10-01,nan (202410),indec_Estacional_variacion_interanual,152.1,%,indec,2026-08-05T21:48:05.576542+00:00
AR,2024-10-01,nan (202410),indec_Núcleo_indice,7366.782,indice,indec,2026-08-05T21:48:05.576542+00:00
AR,2024-10-01,nan (202410),indec_Núcleo_variacion_mensual,2.9,%,indec,2026-08-05T21:48:05.576542+00:00
AR,2024-10-01,nan (202410),indec_Núcleo_variacion_interanual,182.0,%,indec,2026-08-05T21:48:05.576542+00:00
AR,2024-10-01,nan (202410),indec_Regulados_indice,7009.281,indice,indec,2026-08-05T21:48:05.576542+00:00
AR,2024-10-01,nan (202410),indec_Regulados_variacion_mensual,2.7,%,indec,2026-08-05T21:48:05.576542+00:00
AR,2024-10-01,nan (202410),indec_Regulados_variacion_interanual,279.5,%,indec,2026-08-05T21:48:05.576542+00:00
AR,2024-10-01,nan (202410),indec_B_indice,7756.818,indice,indec,2026-08-05T21:48:05.576542+00:00
AR,2024-10-01,nan (202410),indec_B_variacion_mensual,2.1,%,indec,2026-08-05T21:48:05.576542+00:00
AR,2024-10-01,nan (202410),indec_B_variacion_interanual,179.2,%,indec,2026-08-05T21:48:05.576542+00:00
AR,2024-10-01,nan (202410),indec_S_indice,6469.062,indice,indec,2026-08-05T21:48:05.576542+00:00
AR,2024-10-01,nan (202410),indec_S_variacion_mensual,4.3,%,indec,2026-08-05T21:48:05.576542+00:00
AR,2024-10-01,nan (202410),indec_S_variacion_interanual,233.1,%,indec,2026-08-05T21:48:05.576542+00:00
AR,2024-11-01,NIVEL GENERAL (202411),indec_0_indice,7491.431,indice,indec,2026-08-05T21:48:05.576542+00:00
AR,2024-11-01,NIVEL GENERAL (202411),indec_0_variacion_mensual,2.4,%,indec,2026-08-05T21:48:05.576542+00:00
AR,2024-11-01,NIVEL GENERAL (202411),indec_0_variacion_interanual,166.0,%,indec,2026-08-05T21:48:05.576542+00:00
AR,2024-11-01,Alimentos y bebidas no alcohólicas (202411),indec_01_indice,7952.043,indice,indec,2026-08-05T21:48:05.576542+00:00
AR,2024-11-01,Alimentos y bebidas no alcohólicas (202411),indec_01_variacion_mensual,0.9,%,indec,2026-08-05T21:48:05.576542+00:00
AR,2024-11-01,Alimentos y bebidas no alcohólicas (202411),indec_01_variacion_interanual,147.1,%,indec,2026-08-05T21:48:05.576542+00:00
AR,2024-11-01,Bebidas alcohólicas y tabaco (202411),indec_02_indice,5841.497,indice,indec,2026-08-05T21:48:05.576542+00:00
AR,2024-11-01,Bebidas alcohólicas y tabaco (202411),indec_02_variacion_mensual,4.0,%,indec,2026-08-05T21:48:05.576542+00:00
AR,2024-11-01,Bebidas alcohólicas y tabaco (202411),indec_02_variacion_interanual,164.4,%,indec,2026-08-05T21:48:05.576542+00:00
AR,2024-11-01,Prendas de vestir y calzado (202411),indec_03_indice,6713.028,indice,indec,2026-08-05T21:48:05.576542+00:00
AR,2024-11-01,Prendas de vestir y calzado (202411),indec_03_variacion_mensual,1.9,%,indec,2026-08-05T21:48:05.576542+00:00
AR,2024-11-01,Prendas de vestir y calzado (202411),indec_03_variacion_interanual,113.0,%,indec,2026-08-05T21:48:05.576542+00:00
AR,2024-11-01,"Vivienda, agua, electricidad, gas y otros combustibles (202411)",indec_04_indice,7083.03,indice,indec,2026-08-05T21:48:05.576542+00:00
AR,2024-11-01,"Vivienda, agua, electricidad, gas y otros combustibles (202411)",indec_04_variacion_mensual,4.5,%,indec,2026-08-05T21:48:05.576542+00:00
AR,2024-11-01,"Vivienda, agua, electricidad, gas y otros combustibles (202411)",indec_04_variacion_interanual,276.4,%,indec,2026-08-05T21:48:05.576542+00:00
AR,2024-11-01,Equipamiento y mantenimiento del hogar (202411),indec_05_indice,7007.157,indice,indec,2026-08-05T21:48:05.576542+00:00
AR,2024-11-01,Equipamiento y mantenimiento del hogar (202411),indec_05_variacion_mensual,1.5,%,indec,2026-08-05T21:48:05.576542+00:00
AR,2024-11-01,Equipamiento y mantenimiento del hogar (202411),indec_05_variacion_interanual,140.3,%,indec,2026-08-05T21:48:05.576542+00:00
AR,2024-11-01,Salud (202411),indec_06_indice,8657.936,indice,indec,2026-08-05T21:48:05.576542+00:00
AR,2024-11-01,Salud (202411),indec_06_variacion_mensual,2.9,%,indec,2026-08-05T21:48:05.576542+00:00
AR,2024-11-01,Salud (202411),indec_06_variacion_interanual,184.4,%,indec,2026-08-05T21:48:05.576542+00:00
AR,2024-11-01,Transporte (202411),indec_07_indice,7939.944,indice,indec,2026-08-05T21:48:05.576542+00:00
AR,2024-11-01,Transporte (202411),indec_07_variacion_mensual,3.4,%,indec,2026-08-05T21:48:05.576542+00:00
AR,2024-11-01,Transporte (202411),indec_07_variacion_interanual,206.2,%,indec,2026-08-05T21:48:05.576542+00:00
AR,2024-11-01,Comunicación (202411),indec_08_indice,6539.238,indice,indec,2026-08-05T21:48:05.576542+00:00
AR,2024-11-01,Comunicación (202411),indec_08_variacion_mensual,1.5,%,indec,2026-08-05T21:48:05.576542+00:00
AR,2024-11-01,Comunicación (202411),indec_08_variacion_interanual,215.2,%,indec,2026-08-05T21:48:05.576542+00:00
AR,2024-11-01,Recreación y cultura (202411),indec_09_indice,6798.731,indice,indec,2026-08-05T21:48:05.576542+00:00
AR,2024-11-01,Recreación y cultura (202411),indec_09_variacion_mensual,3.0,%,indec,2026-08-05T21:48:05.576542+00:00
AR,2024-11-01,Recreación y cultura (202411),indec_09_variacion_interanual,146.3,%,indec,2026-08-05T21:48:05.576542+00:00
AR,2024-11-01,Educación (202411),indec_10_indice,5686.295,indice,indec,2026-08-05T21:48:05.576542+00:00
AR,2024-11-01,Educación (202411),indec_10_variacion_mensual,5.1,%,indec,2026-08-05T21:48:05.576542+00:00
AR,2024-11-01,Educación (202411),indec_10_variacion_interanual,180.0,%,indec,2026-08-05T21:48:05.576542+00:00
AR,2024-11-01,Restaurantes y hoteles (202411),indec_11_indice,8290.103,indice,indec,2026-08-05T21:48:05.576542+00:00
AR,2024-11-01,Restaurantes y hoteles (202411),indec_11_variacion_mensual,3.6,%,indec,2026-08-05T21:48:05.576542+00:00
AR,2024-11-01,Restaurantes y hoteles (202411),indec_11_variacion_interanual,163.0,%,indec,2026-08-05T21:48:05.576542+00:00
AR,2024-11-01,Bienes y servicios varios (202411),indec_12_indice,7275.147,indice,indec,2026-08-05T21:48:05.576542+00:00
AR,2024-11-01,Bienes y servicios varios (202411),indec_12_variacion_mensual,2.3,%,indec,2026-08-05T21:48:05.576542+00:00
AR,2024-11-01,Bienes y servicios varios (202411),indec_12_variacion_interanual,218.7,%,indec,2026-08-05T21:48:05.576542+00:00
AR,2024-11-01,nan (202411),indec_Estacional_indice,7490.461,indice,indec,2026-08-05T21:48:05.576542+00:00
AR,2024-11-01,nan (202411),indec_Estacional_variacion_mensual,-1.2,%,indec,2026-08-05T21:48:05.576542+00:00
AR,2024-11-01,nan (202411),indec_Estacional_variacion_interanual,120.8,%,indec,2026-08-05T21:48:05.576542+00:00
AR,2024-11-01,nan (202411),indec_Núcleo_indice,7566.778,indice,indec,2026-08-05T21:48:05.576542+00:00
AR,2024-11-01,nan (202411),indec_Núcleo_variacion_mensual,2.7,%,indec,2026-08-05T21:48:05.576542+00:00
AR,2024-11-01,nan (202411),indec_Núcleo_variacion_interanual,155.4,%,indec,2026-08-05T21:48:05.576542+00:00
AR,2024-11-01,nan (202411),indec_Regulados_indice,7257.665,indice,indec,2026-08-05T21:48:05.576542+00:00
AR,2024-11-01,nan (202411),indec_Regulados_variacion_mensual,3.5,%,indec,2026-08-05T21:48:05.576542+00:00
AR,2024-11-01,nan (202411),indec_Regulados_variacion_interanual,257.1,%,indec,2026-08-05T21:48:05.576542+00:00
AR,2024-11-01,nan (202411),indec_B_indice,7880.48,indice,indec,2026-08-05T21:48:05.576542+00:00
AR,2024-11-01,nan (202411),indec_B_variacion_mensual,1.6,%,indec,2026-08-05T21:48:05.576542+00:00
AR,2024-11-01,nan (202411),indec_B_variacion_interanual,149.3,%,indec,2026-08-05T21:48:05.576542+00:00
AR,2024-11-01,nan (202411),indec_S_indice,6752.971,indice,indec,2026-08-05T21:48:05.576542+00:00
AR,2024-11-01,nan (202411),indec_S_variacion_mensual,4.4,%,indec,2026-08-05T21:48:05.576542+00:00
AR,2024-11-01,nan (202411),indec_S_variacion_interanual,215.5,%,indec,2026-08-05T21:48:05.576542+00:00
AR,2024-12-01,NIVEL GENERAL (202412),indec_0_indice,7694.0075,indice,indec,2026-08-05T21:48:05.576542+00:00
AR,2024-12-01,NIVEL GENERAL (202412),indec_0_variacion_mensual,2.7,%,indec,2026-08-05T21:48:05.576542+00:00
AR,2024-12-01,NIVEL GENERAL (202412),indec_0_variacion_interanual,117.8,%,indec,2026-08-05T21:48:05.576542+00:00
AR,2024-12-01,Alimentos y bebidas no alcohólicas (202412),indec_01_indice,8127.7647,indice,indec,2026-08-05T21:48:05.576542+00:00
AR,2024-12-01,Alimentos y bebidas no alcohólicas (202412),indec_01_variacion_mensual,2.2,%,indec,2026-08-05T21:48:05.576542+00:00
AR,2024-12-01,Alimentos y bebidas no alcohólicas (202412),indec_01_variacion_interanual,94.7,%,indec,2026-08-05T21:48:05.576542+00:00
AR,2024-12-01,Bebidas alcohólicas y tabaco (202412),indec_02_indice,5987.6081,indice,indec,2026-08-05T21:48:05.576542+00:00
AR,2024-12-01,Bebidas alcohólicas y tabaco (202412),indec_02_variacion_mensual,2.5,%,indec,2026-08-05T21:48:05.576542+00:00
AR,2024-12-01,Bebidas alcohólicas y tabaco (202412),indec_02_variacion_interanual,125.4,%,indec,2026-08-05T21:48:05.576542+00:00
AR,2024-12-01,Prendas de vestir y calzado (202412),indec_03_indice,6817.1412,indice,indec,2026-08-05T21:48:05.576542+00:00
AR,2024-12-01,Prendas de vestir y calzado (202412),indec_03_variacion_mensual,1.6,%,indec,2026-08-05T21:48:05.576542+00:00
AR,2024-12-01,Prendas de vestir y calzado (202412),indec_03_variacion_interanual,84.5,%,indec,2026-08-05T21:48:05.576542+00:00
AR,2024-12-01,"Vivienda, agua, electricidad, gas y otros combustibles (202412)",indec_04_indice,7457.2259,indice,indec,2026-08-05T21:48:05.576542+00:00
AR,2024-12-01,"Vivienda, agua, electricidad, gas y otros combustibles (202412)",indec_04_variacion_mensual,5.3,%,indec,2026-08-05T21:48:05.576542+00:00
AR,2024-12-01,"Vivienda, agua, electricidad, gas y otros combustibles (202412)",indec_04_variacion_interanual,248.2,%,indec,2026-08-05T21:48:05.576542+00:00
AR,2024-12-01,Equipamiento y mantenimiento del hogar (202412),indec_05_indice,7073.5091,indice,indec,2026-08-05T21:48:05.576542+00:00
AR,2024-12-01,Equipamiento y mantenimiento del hogar (202412),indec_05_variacion_mensual,0.9,%,indec,2026-08-05T21:48:05.576542+00:00
AR,2024-12-01,Equipamiento y mantenimiento del hogar (202412),indec_05_variacion_interanual,85.7,%,indec,2026-08-05T21:48:05.576542+00:00
AR,2024-12-01,Salud (202412),indec_06_indice,8840.1889,indice,indec,2026-08-05T21:48:05.576542+00:00
AR,2024-12-01,Salud (202412),indec_06_variacion_mensual,2.1,%,indec,2026-08-05T21:48:05.576542+00:00
AR,2024-12-01,Salud (202412),indec_06_variacion_interanual,119.0,%,indec,2026-08-05T21:48:05.576542+00:00
AR,2024-12-01,Transporte (202412),indec_07_indice,8118.1059,indice,indec,2026-08-05T21:48:05.576542+00:00
AR,2024-12-01,Transporte (202412),indec_07_variacion_mensual,2.2,%,indec,2026-08-05T21:48:05.576542+00:00
AR,2024-12-01,Transporte (202412),indec_07_variacion_interanual,137.8,%,indec,2026-08-05T21:48:05.576542+00:00
AR,2024-12-01,Comunicación (202412),indec_08_indice,6869.1427,indice,indec,2026-08-05T21:48:05.576542+00:00
AR,2024-12-01,Comunicación (202412),indec_08_variacion_mensual,5.0,%,indec,2026-08-05T21:48:05.576542+00:00
AR,2024-12-01,Comunicación (202412),indec_08_variacion_interanual,186.4,%,indec,2026-08-05T21:48:05.576542+00:00
AR,2024-12-01,Recreación y cultura (202412),indec_09_indice,6988.4998,indice,indec,2026-08-05T21:48:05.576542+00:00
AR,2024-12-01,Recreación y cultura (202412),indec_09_variacion_mensual,2.8,%,indec,2026-08-05T21:48:05.576542+00:00
AR,2024-12-01,Recreación y cultura (202412),indec_09_variacion_interanual,110.7,%,indec,2026-08-05T21:48:05.576542+00:00
AR,2024-12-01,Educación (202412),indec_10_indice,5812.5191,indice,indec,2026-08-05T21:48:05.576542+00:00
AR,2024-12-01,Educación (202412),indec_10_variacion_mensual,2.2,%,indec,2026-08-05T21:48:05.576542+00:00
AR,2024-12-01,Educación (202412),indec_10_variacion_interanual,169.4,%,indec,2026-08-05T21:48:05.576542+00:00
AR,2024-12-01,Restaurantes y hoteles (202412),indec_11_indice,8670.0443,indice,indec,2026-08-05T21:48:05.576542+00:00
AR,2024-12-01,Restaurantes y hoteles (202412),indec_11_variacion_mensual,4.6,%,indec,2026-08-05T21:48:05.576542+00:00
AR,2024-12-01,Restaurantes y hoteles (202412),indec_11_variacion_interanual,126.3,%,indec,2026-08-05T21:48:05.576542+00:00
AR,2024-12-01,Bienes y servicios varios (202412),indec_12_indice,7430.8945,indice,indec,2026-08-05T21:48:05.576542+00:00
AR,2024-12-01,Bienes y servicios varios (202412),indec_12_variacion_mensual,2.1,%,indec,2026-08-05T21:48:05.576542+00:00
AR,2024-12-01,Bienes y servicios varios (202412),indec_12_variacion_interanual,145.3,%,indec,2026-08-05T21:48:05.576542+00:00
AR,2024-12-01,nan (202412),indec_Estacional_indice,7385.2224,indice,indec,2026-08-05T21:48:05.576542+00:00
AR,2024-12-01,nan (202412),indec_Estacional_variacion_mensual,-1.4,%,indec,2026-08-05T21:48:05.576542+00:00
AR,2024-12-01,nan (202412),indec_Estacional_variacion_interanual,87.3,%,indec,2026-08-05T21:48:05.576542+00:00
AR,2024-12-01,nan (202412),indec_Núcleo_indice,7808.7094,indice,indec,2026-08-05T21:48:05.576542+00:00
AR,2024-12-01,nan (202412),indec_Núcleo_variacion_mensual,3.2,%,indec,2026-08-05T21:48:05.576542+00:00
AR,2024-12-01,nan (202412),indec_Núcleo_variacion_interanual,105.5,%,indec,2026-08-05T21:48:05.576542+00:00
AR,2024-12-01,nan (202412),indec_Regulados_indice,7502.5373,indice,indec,2026-08-05T21:48:05.576542+00:00
AR,2024-12-01,nan (202412),indec_Regulados_variacion_mensual,3.4,%,indec,2026-08-05T21:48:05.576542+00:00
AR,2024-12-01,nan (202412),indec_Regulados_variacion_interanual,205.9,%,indec,2026-08-05T21:48:05.576542+00:00
AR,2024-12-01,nan (202412),indec_B_indice,8031.8883,indice,indec,2026-08-05T21:48:05.576542+00:00
AR,2024-12-01,nan (202412),indec_B_variacion_mensual,1.9,%,indec,2026-08-05T21:48:05.576542+00:00
AR,2024-12-01,nan (202412),indec_B_variacion_interanual,96.3,%,indec,2026-08-05T21:48:05.576542+00:00
AR,2024-12-01,nan (202412),indec_S_indice,7053.1491,indice,indec,2026-08-05T21:48:05.576542+00:00
AR,2024-12-01,nan (202412),indec_S_variacion_mensual,4.4,%,indec,2026-08-05T21:48:05.576542+00:00
AR,2024-12-01,nan (202412),indec_S_variacion_interanual,189.0,%,indec,2026-08-05T21:48:05.576542+00:00
AR,2025-01-01,NIVEL GENERAL (202501),indec_0_indice,7864.1257,indice,indec,2026-08-05T21:48:05.576542+00:00
AR,2025-01-01,NIVEL GENERAL (202501),indec_0_variacion_mensual,2.2,%,indec,2026-08-05T21:48:05.576542+00:00
AR,2025-01-01,NIVEL GENERAL (202501),indec_0_variacion_interanual,84.5,%,indec,2026-08-05T21:48:05.576542+00:00
AR,2025-01-01,Alimentos y bebidas no alcohólicas (202501),indec_01_indice,8278.1147,indice,indec,2026-08-05T21:48:05.576542+00:00
AR,2025-01-01,Alimentos y bebidas no alcohólicas (202501),indec_01_variacion_mensual,1.8,%,indec,2026-08-05T21:48:05.576542+00:00
AR,2025-01-01,Alimentos y bebidas no alcohólicas (202501),indec_01_variacion_interanual,64.7,%,indec,2026-08-05T21:48:05.576542+00:00
AR,2025-01-01,Bebidas alcohólicas y tabaco (202501),indec_02_indice,6132.7085,indice,indec,2026-08-05T21:48:05.576542+00:00
AR,2025-01-01,Bebidas alcohólicas y tabaco (202501),indec_02_variacion_mensual,2.4,%,indec,2026-08-05T21:48:05.576542+00:00
AR,2025-01-01,Bebidas alcohólicas y tabaco (202501),indec_02_variacion_interanual,90.7,%,indec,2026-08-05T21:48:05.576542+00:00
AR,2025-01-01,Prendas de vestir y calzado (202501),indec_03_indice,6772.1731,indice,indec,2026-08-05T21:48:05.576542+00:00
AR,2025-01-01,Prendas de vestir y calzado (202501),indec_03_variacion_mensual,-0.7,%,indec,2026-08-05T21:48:05.576542+00:00
AR,2025-01-01,Prendas de vestir y calzado (202501),indec_03_variacion_interanual,63.7,%,indec,2026-08-05T21:48:05.576542+00:00
AR,2025-01-01,"Vivienda, agua, electricidad, gas y otros combustibles (202501)",indec_04_indice,7757.8158,indice,indec,2026-08-05T21:48:05.576542+00:00
AR,2025-01-01,"Vivienda, agua, electricidad, gas y otros combustibles (202501)",indec_04_variacion_mensual,4.0,%,indec,2026-08-05T21:48:05.576542+00:00
AR,2025-01-01,"Vivienda, agua, electricidad, gas y otros combustibles (202501)",indec_04_variacion_interanual,217.7,%,indec,2026-08-05T21:48:05.576542+00:00
AR,2025-01-01,Equipamiento y mantenimiento del hogar (202501),indec_05_indice,7187.8539,indice,indec,2026-08-05T21:48:05.576542+00:00
AR,2025-01-01,Equipamiento y mantenimiento del hogar (202501),indec_05_variacion_mensual,1.6,%,indec,2026-08-05T21:48:05.576542+00:00
AR,2025-01-01,Equipamiento y mantenimiento del hogar (202501),indec_05_variacion_interanual,54.2,%,indec,2026-08-05T21:48:05.576542+00:00
AR,2025-01-01,Salud (202501),indec_06_indice,9050.371,indice,indec,2026-08-05T21:48:05.576542+00:00
AR,2025-01-01,Salud (202501),indec_06_variacion_mensual,2.4,%,indec,2026-08-05T21:48:05.576542+00:00
AR,2025-01-01,Salud (202501),indec_06_variacion_interanual,86.2,%,indec,2026-08-05T21:48:05.576542+00:00
AR,2025-01-01,Transporte (202501),indec_07_indice,8217.8419,indice,indec,2026-08-05T21:48:05.576542+00:00
AR,2025-01-01,Transporte (202501),indec_07_variacion_mensual,1.2,%,indec,2026-08-05T21:48:05.576542+00:00
AR,2025-01-01,Transporte (202501),indec_07_variacion_interanual,90.6,%,indec,2026-08-05T21:48:05.576542+00:00
AR,2025-01-01,Comunicación (202501),indec_08_indice,7030.3817,indice,indec,2026-08-05T21:48:05.576542+00:00
AR,2025-01-01,Comunicación (202501),indec_08_variacion_mensual,2.3,%,indec,2026-08-05T21:48:05.576542+00:00
AR,2025-01-01,Comunicación (202501),indec_08_variacion_interanual,134.3,%,indec,2026-08-05T21:48:05.576542+00:00
AR,2025-01-01,Recreación y cultura (202501),indec_09_indice,7160.6092,indice,indec,2026-08-05T21:48:05.576542+00:00
AR,2025-01-01,Recreación y cultura (202501),indec_09_variacion_mensual,2.5,%,indec,2026-08-05T21:48:05.576542+00:00
AR,2025-01-01,Recreación y cultura (202501),indec_09_variacion_interanual,74.1,%,indec,2026-08-05T21:48:05.576542+00:00
AR,2025-01-01,Educación (202501),indec_10_indice,5844.2136,indice,indec,2026-08-05T21:48:05.576542+00:00
AR,2025-01-01,Educación (202501),indec_10_variacion_mensual,0.5,%,indec,2026-08-05T21:48:05.576542+00:00
AR,2025-01-01,Educación (202501),indec_10_variacion_interanual,168.6,%,indec,2026-08-05T21:48:05.576542+00:00
AR,2025-01-01,Restaurantes y hoteles (202501),indec_11_indice,9132.8654,indice,indec,2026-08-05T21:48:05.576542+00:00
AR,2025-01-01,Restaurantes y hoteles (202501),indec_11_variacion_mensual,5.3,%,indec,2026-08-05T21:48:05.576542+00:00
AR,2025-01-01,Restaurantes y hoteles (202501),indec_11_variacion_interanual,99.5,%,indec,2026-08-05T21:48:05.576542+00:00
AR,2025-01-01,Bienes y servicios varios (202501),indec_12_indice,7614.4036,indice,indec,2026-08-05T21:48:05.576542+00:00
AR,2025-01-01,Bienes y servicios varios (202501),indec_12_variacion_mensual,2.5,%,indec,2026-08-05T21:48:05.576542+00:00
AR,2025-01-01,Bienes y servicios varios (202501),indec_12_variacion_interanual,74.1,%,indec,2026-08-05T21:48:05.576542+00:00
AR,2025-01-01,nan (202501),indec_Estacional_indice,7411.5104,indice,indec,2026-08-05T21:48:05.576542+00:00
AR,2025-01-01,nan (202501),indec_Estacional_variacion_mensual,0.4,%,indec,2026-08-05T21:48:05.576542+00:00
AR,2025-01-01,nan (202501),indec_Estacional_variacion_interanual,61.8,%,indec,2026-08-05T21:48:05.576542+00:00
AR,2025-01-01,nan (202501),indec_Núcleo_indice,7995.938,indice,indec,2026-08-05T21:48:05.576542+00:00
AR,2025-01-01,nan (202501),indec_Núcleo_variacion_mensual,2.4,%,indec,2026-08-05T21:48:05.576542+00:00
AR,2025-01-01,nan (202501),indec_Núcleo_variacion_interanual,75.0,%,indec,2026-08-05T21:48:05.576542+00:00
AR,2025-01-01,nan (202501),indec_Regulados_indice,7698.607,indice,indec,2026-08-05T21:48:05.576542+00:00
AR,2025-01-01,nan (202501),indec_Regulados_variacion_mensual,2.6,%,indec,2026-08-05T21:48:05.576542+00:00
AR,2025-01-01,nan (202501),indec_Regulados_variacion_interanual,148.0,%,indec,2026-08-05T21:48:05.576542+00:00
AR,2025-01-01,nan (202501),indec_B_indice,8154.7531,indice,indec,2026-08-05T21:48:05.576542+00:00
AR,2025-01-01,nan (202501),indec_B_variacion_mensual,1.5,%,indec,2026-08-05T21:48:05.576542+00:00
AR,2025-01-01,nan (202501),indec_B_variacion_interanual,64.5,%,indec,2026-08-05T21:48:05.576542+00:00
AR,2025-01-01,nan (202501),indec_S_indice,7320.2711,indice,indec,2026-08-05T21:48:05.576542+00:00
AR,2025-01-01,nan (202501),indec_S_variacion_mensual,3.8,%,indec,2026-08-05T21:48:05.576542+00:00
AR,2025-01-01,nan (202501),indec_S_variacion_interanual,152.4,%,indec,2026-08-05T21:48:05.576542+00:00
AR,2025-02-01,NIVEL GENERAL (202502),indec_0_indice,8052.9927,indice,indec,2026-08-05T21:48:05.576542+00:00
AR,2025-02-01,NIVEL GENERAL (202502),indec_0_variacion_mensual,2.4,%,indec,2026-08-05T21:48:05.576542+00:00
AR,2025-02-01,NIVEL GENERAL (202502),indec_0_variacion_interanual,66.9,%,indec,2026-08-05T21:48:05.576542+00:00
AR,2025-02-01,Alimentos y bebidas no alcohólicas (202502),indec_01_indice,8546.6547,indice,indec,2026-08-05T21:48:05.576542+00:00
AR,2025-02-01,Alimentos y bebidas no alcohólicas (202502),indec_01_variacion_mensual,3.2,%,indec,2026-08-05T21:48:05.576542+00:00
AR,2025-02-01,Alimentos y bebidas no alcohólicas (202502),indec_01_variacion_interanual,52.0,%,indec,2026-08-05T21:48:05.576542+00:00
AR,2025-02-01,Bebidas alcohólicas y tabaco (202502),indec_02_indice,6212.9468,indice,indec,2026-08-05T21:48:05.576542+00:00
AR,2025-02-01,Bebidas alcohólicas y tabaco (202502),indec_02_variacion_mensual,1.3,%,indec,2026-08-05T21:48:05.576542+00:00
AR,2025-02-01,Bebidas alcohólicas y tabaco (202502),indec_02_variacion_interanual,64.2,%,indec,2026-08-05T21:48:05.576542+00:00
AR,2025-02-01,Prendas de vestir y calzado (202502),indec_03_indice,6800.5997,indice,indec,2026-08-05T21:48:05.576542+00:00
AR,2025-02-01,Prendas de vestir y calzado (202502),indec_03_variacion_mensual,0.4,%,indec,2026-08-05T21:48:05.576542+00:00
AR,2025-02-01,Prendas de vestir y calzado (202502),indec_03_variacion_interanual,53.4,%,indec,2026-08-05T21:48:05.576542+00:00
AR,2025-02-01,"Vivienda, agua, electricidad, gas y otros combustibles (202502)",indec_04_indice,8048.663,indice,indec,2026-08-05T21:48:05.576542+00:00
AR,2025-02-01,"Vivienda, agua, electricidad, gas y otros combustibles (202502)",indec_04_variacion_mensual,3.7,%,indec,2026-08-05T21:48:05.576542+00:00
AR,2025-02-01,"Vivienda, agua, electricidad, gas y otros combustibles (202502)",indec_04_variacion_interanual,174.2,%,indec,2026-08-05T21:48:05.576542+00:00
AR,2025-02-01,Equipamiento y mantenimiento del hogar (202502),indec_05_indice,7260.6442,indice,indec,2026-08-05T21:48:05.576542+00:00
AR,2025-02-01,Equipamiento y mantenimiento del hogar (202502),indec_05_variacion_mensual,1.0,%,indec,2026-08-05T21:48:05.576542+00:00
AR,2025-02-01,Equipamiento y mantenimiento del hogar (202502),indec_05_variacion_interanual,41.2,%,indec,2026-08-05T21:48:05.576542+00:00
AR,2025-02-01,Salud (202502),indec_06_indice,9236.2844,indice,indec,2026-08-05T21:48:05.576542+00:00
AR,2025-02-01,Salud (202502),indec_06_variacion_mensual,2.1,%,indec,2026-08-05T21:48:05.576542+00:00
AR,2025-02-01,Salud (202502),indec_06_variacion_interanual,67.3,%,indec,2026-08-05T21:48:05.576542+00:00
AR,2025-02-01,Transporte (202502),indec_07_indice,8359.8681,indice,indec,2026-08-05T21:48:05.576542+00:00
AR,2025-02-01,Transporte (202502),indec_07_variacion_mensual,1.7,%,indec,2026-08-05T21:48:05.576542+00:00
AR,2025-02-01,Transporte (202502),indec_07_variacion_interanual,59.4,%,indec,2026-08-05T21:48:05.576542+00:00
AR,2025-02-01,Comunicación (202502),indec_08_indice,7191.0294,indice,indec,2026-08-05T21:48:05.576542+00:00
AR,2025-02-01,Comunicación (202502),indec_08_variacion_mensual,2.3,%,indec,2026-08-05T21:48:05.576542+00:00
AR,2025-02-01,Comunicación (202502),indec_08_variacion_interanual,92.2,%,indec,2026-08-05T21:48:05.576542+00:00
AR,2025-02-01,Recreación y cultura (202502),indec_09_indice,7370.3538,indice,indec,2026-08-05T21:48:05.576542+00:00
AR,2025-02-01,Recreación y cultura (202502),indec_09_variacion_mensual,2.9,%,indec,2026-08-05T21:48:05.576542+00:00
AR,2025-02-01,Recreación y cultura (202502),indec_09_variacion_interanual,65.0,%,indec,2026-08-05T21:48:05.576542+00:00
AR,2025-02-01,Educación (202502),indec_10_indice,5980.8655,indice,indec,2026-08-05T21:48:05.576542+00:00
AR,2025-02-01,Educación (202502),indec_10_variacion_mensual,2.3,%,indec,2026-08-05T21:48:05.576542+00:00
AR,2025-02-01,Educación (202502),indec_10_variacion_interanual,150.0,%,indec,2026-08-05T21:48:05.576542+00:00
AR,2025-02-01,Restaurantes y hoteles (202502),indec_11_indice,9339.177,indice,indec,2026-08-05T21:48:05.576542+00:00
AR,2025-02-01,Restaurantes y hoteles (202502),indec_11_variacion_mensual,2.3,%,indec,2026-08-05T21:48:05.576542+00:00
AR,2025-02-01,Restaurantes y hoteles (202502),indec_11_variacion_interanual,83.6,%,indec,2026-08-05T21:48:05.576542+00:00
AR,2025-02-01,Bienes y servicios varios (202502),indec_12_indice,7837.1446,indice,indec,2026-08-05T21:48:05.576542+00:00
AR,2025-02-01,Bienes y servicios varios (202502),indec_12_variacion_mensual,2.9,%,indec,2026-08-05T21:48:05.576542+00:00
AR,2025-02-01,Bienes y servicios varios (202502),indec_12_variacion_interanual,53.7,%,indec,2026-08-05T21:48:05.576542+00:00
AR,2025-02-01,nan (202502),indec_Estacional_indice,7350.8325,indice,indec,2026-08-05T21:48:05.576542+00:00
AR,2025-02-01,nan (202502),indec_Estacional_variacion_mensual,-0.8,%,indec,2026-08-05T21:48:05.576542+00:00
AR,2025-02-01,nan (202502),indec_Estacional_variacion_interanual,47.6,%,indec,2026-08-05T21:48:05.576542+00:00
AR,2025-02-01,nan (202502),indec_Núcleo_indice,8229.4476,indice,indec,2026-08-05T21:48:05.576542+00:00
AR,2025-02-01,nan (202502),indec_Núcleo_variacion_mensual,2.9,%,indec,2026-08-05T21:48:05.576542+00:00
AR,2025-02-01,nan (202502),indec_Núcleo_variacion_interanual,60.4,%,indec,2026-08-05T21:48:05.576542+00:00
AR,2025-02-01,nan (202502),indec_Regulados_indice,7877.3099,indice,indec,2026-08-05T21:48:05.576542+00:00
AR,2025-02-01,nan (202502),indec_Regulados_variacion_mensual,2.3,%,indec,2026-08-05T21:48:05.576542+00:00
AR,2025-02-01,nan (202502),indec_Regulados_variacion_interanual,109.5,%,indec,2026-08-05T21:48:05.576542+00:00
AR,2025-02-01,nan (202502),indec_B_indice,8327.207,indice,indec,2026-08-05T21:48:05.576542+00:00
AR,2025-02-01,nan (202502),indec_B_variacion_mensual,2.1,%,indec,2026-08-05T21:48:05.576542+00:00
AR,2025-02-01,nan (202502),indec_B_variacion_interanual,50.2,%,indec,2026-08-05T21:48:05.576542+00:00
AR,2025-02-01,nan (202502),indec_S_indice,7545.3964,indice,indec,2026-08-05T21:48:05.576542+00:00
AR,2025-02-01,nan (202502),indec_S_variacion_mensual,3.1,%,indec,2026-08-05T21:48:05.576542+00:00
AR,2025-02-01,nan (202502),indec_S_variacion_interanual,121.3,%,indec,2026-08-05T21:48:05.576542+00:00
AR,2025-03-01,NIVEL GENERAL (202503),indec_0_indice,8353.3158,indice,indec,2026-08-05T21:48:05.576542+00:00
AR,2025-03-01,NIVEL GENERAL (202503),indec_0_variacion_mensual,3.7,%,indec,2026-08-05T21:48:05.576542+00:00
AR,2025-03-01,NIVEL GENERAL (202503),indec_0_variacion_interanual,55.9,%,indec,2026-08-05T21:48:05.576542+00:00
AR,2025-03-01,Alimentos y bebidas no alcohólicas (202503),indec_01_indice,9051.2822,indice,indec,2026-08-05T21:48:05.576542+00:00
AR,2025-03-01,Alimentos y bebidas no alcohólicas (202503),indec_01_variacion_mensual,5.9,%,indec,2026-08-05T21:48:05.576542+00:00
AR,2025-03-01,Alimentos y bebidas no alcohólicas (202503),indec_01_variacion_interanual,45.6,%,indec,2026-08-05T21:48:05.576542+00:00
AR,2025-03-01,Bebidas alcohólicas y tabaco (202503),indec_02_indice,6262.1312,indice,indec,2026-08-05T21:48:05.576542+00:00
AR,2025-03-01,Bebidas alcohólicas y tabaco (202503),indec_02_variacion_mensual,0.8,%,indec,2026-08-05T21:48:05.576542+00:00
AR,2025-03-01,Bebidas alcohólicas y tabaco (202503),indec_02_variacion_interanual,47.4,%,indec,2026-08-05T21:48:05.576542+00:00
AR,2025-03-01,Prendas de vestir y calzado (202503),indec_03_indice,7112.5925,indice,indec,2026-08-05T21:48:05.576542+00:00
AR,2025-03-01,Prendas de vestir y calzado (202503),indec_03_variacion_mensual,4.6,%,indec,2026-08-05T21:48:05.576542+00:00
AR,2025-03-01,Prendas de vestir y calzado (202503),indec_03_variacion_interanual,44.6,%,indec,2026-08-05T21:48:05.576542+00:00
AR,2025-03-01,"Vivienda, agua, electricidad, gas y otros combustibles (202503)",indec_04_indice,8279.5282,indice,indec,2026-08-05T21:48:05.576542+00:00
AR,2025-03-01,"Vivienda, agua, electricidad, gas y otros combustibles (202503)",indec_04_variacion_mensual,2.9,%,indec,2026-08-05T21:48:05.576542+00:00
AR,2025-03-01,"Vivienda, agua, electricidad, gas y otros combustibles (202503)",indec_04_variacion_interanual,149.0,%,indec,2026-08-05T21:48:05.576542+00:00
AR,2025-03-01,Equipamiento y mantenimiento del hogar (202503),indec_05_indice,7368.221,indice,indec,2026-08-05T21:48:05.576542+00:00
AR,2025-03-01,Equipamiento y mantenimiento del hogar (202503),indec_05_variacion_mensual,1.5,%,indec,2026-08-05T21:48:05.576542+00:00
AR,2025-03-01,Equipamiento y mantenimiento del hogar (202503),indec_05_variacion_interanual,36.4,%,indec,2026-08-05T21:48:05.576542+00:00
AR,2025-03-01,Salud (202503),indec_06_indice,9406.4734,indice,indec,2026-08-05T21:48:05.576542+00:00
AR,2025-03-01,Salud (202503),indec_06_variacion_mensual,1.8,%,indec,2026-08-05T21:48:05.576542+00:00
AR,2025-03-01,Salud (202503),indec_06_variacion_interanual,51.8,%,indec,2026-08-05T21:48:05.576542+00:00
AR,2025-03-01,Transporte (202503),indec_07_indice,8502.5399,indice,indec,2026-08-05T21:48:05.576542+00:00
AR,2025-03-01,Transporte (202503),indec_07_variacion_mensual,1.7,%,indec,2026-08-05T21:48:05.576542+00:00
AR,2025-03-01,Transporte (202503),indec_07_variacion_interanual,43.5,%,indec,2026-08-05T21:48:05.576542+00:00
AR,2025-03-01,Comunicación (202503),indec_08_indice,7371.0947,indice,indec,2026-08-05T21:48:05.576542+00:00
AR,2025-03-01,Comunicación (202503),indec_08_variacion_mensual,2.5,%,indec,2026-08-05T21:48:05.576542+00:00
AR,2025-03-01,Comunicación (202503),indec_08_variacion_interanual,69.9,%,indec,2026-08-05T21:48:05.576542+00:00
AR,2025-03-01,Recreación y cultura (202503),indec_09_indice,7382.2025,indice,indec,2026-08-05T21:48:05.576542+00:00
AR,2025-03-01,Recreación y cultura (202503),indec_09_variacion_mensual,0.2,%,indec,2026-08-05T21:48:05.576542+00:00
AR,2025-03-01,Recreación y cultura (202503),indec_09_variacion_interanual,52.3,%,indec,2026-08-05T21:48:05.576542+00:00
AR,2025-03-01,Educación (202503),indec_10_indice,7275.3457,indice,indec,2026-08-05T21:48:05.576542+00:00
AR,2025-03-01,Educación (202503),indec_10_variacion_mensual,21.6,%,indec,2026-08-05T21:48:05.576542+00:00
AR,2025-03-01,Educación (202503),indec_10_variacion_interanual,99.2,%,indec,2026-08-05T21:48:05.576542+00:00
AR,2025-03-01,Restaurantes y hoteles (202503),indec_11_indice,9702.5819,indice,indec,2026-08-05T21:48:05.576542+00:00
AR,2025-03-01,Restaurantes y hoteles (202503),indec_11_variacion_mensual,3.9,%,indec,2026-08-05T21:48:05.576542+00:00
AR,2025-03-01,Restaurantes y hoteles (202503),indec_11_variacion_interanual,76.1,%,indec,2026-08-05T21:48:05.576542+00:00
AR,2025-03-01,Bienes y servicios varios (202503),indec_12_indice,8084.5484,indice,indec,2026-08-05T21:48:05.576542+00:00
AR,2025-03-01,Bienes y servicios varios (202503),indec_12_variacion_mensual,3.2,%,indec,2026-08-05T21:48:05.576542+00:00
AR,2025-03-01,Bienes y servicios varios (202503),indec_12_variacion_interanual,44.7,%,indec,2026-08-05T21:48:05.576542+00:00
AR,2025-03-01,nan (202503),indec_Estacional_indice,7971.2748,indice,indec,2026-08-05T21:48:05.576542+00:00
AR,2025-03-01,nan (202503),indec_Estacional_variacion_mensual,8.4,%,indec,2026-08-05T21:48:05.576542+00:00
AR,2025-03-01,nan (202503),indec_Estacional_variacion_interanual,44.0,%,indec,2026-08-05T21:48:05.576542+00:00
AR,2025-03-01,nan (202503),indec_Núcleo_indice,8492.1966,indice,indec,2026-08-05T21:48:05.576542+00:00
AR,2025-03-01,nan (202503),indec_Núcleo_variacion_mensual,3.2,%,indec,2026-08-05T21:48:05.576542+00:00
AR,2025-03-01,nan (202503),indec_Núcleo_variacion_interanual,51.3,%,indec,2026-08-05T21:48:05.576542+00:00
AR,2025-03-01,nan (202503),indec_Regulados_indice,8129.994,indice,indec,2026-08-05T21:48:05.576542+00:00
AR,2025-03-01,nan (202503),indec_Regulados_variacion_mensual,3.2,%,indec,2026-08-05T21:48:05.576542+00:00
AR,2025-03-01,nan (202503),indec_Regulados_variacion_interanual,83.1,%,indec,2026-08-05T21:48:05.576542+00:00
AR,2025-03-01,nan (202503),indec_B_indice,8629.4258,indice,indec,2026-08-05T21:48:05.576542+00:00
AR,2025-03-01,nan (202503),indec_B_variacion_mensual,3.6,%,indec,2026-08-05T21:48:05.576542+00:00
AR,2025-03-01,nan (202503),indec_B_variacion_interanual,41.8,%,indec,2026-08-05T21:48:05.576542+00:00
AR,2025-03-01,nan (202503),indec_S_indice,7844.6013,indice,indec,2026-08-05T21:48:05.576542+00:00
AR,2025-03-01,nan (202503),indec_S_variacion_mensual,4.0,%,indec,2026-08-05T21:48:05.576542+00:00
AR,2025-03-01,nan (202503),indec_S_variacion_interanual,99.2,%,indec,2026-08-05T21:48:05.576542+00:00
AR,2025-04-01,NIVEL GENERAL (202504),indec_0_indice,8585.6078,indice,indec,2026-08-05T21:48:05.576542+00:00
AR,2025-04-01,NIVEL GENERAL (202504),indec_0_variacion_mensual,2.8,%,indec,2026-08-05T21:48:05.576542+00:00
AR,2025-04-01,NIVEL GENERAL (202504),indec_0_variacion_interanual,47.3,%,indec,2026-08-05T21:48:05.576542+00:00
AR,2025-04-01,Alimentos y bebidas no alcohólicas (202504),indec_01_indice,9318.2093,indice,indec,2026-08-05T21:48:05.576542+00:00
AR,2025-04-01,Alimentos y bebidas no alcohólicas (202504),indec_01_variacion_mensual,2.9,%,indec,2026-08-05T21:48:05.576542+00:00
AR,2025-04-01,Alimentos y bebidas no alcohólicas (202504),indec_01_variacion_interanual,41.4,%,indec,2026-08-05T21:48:05.576542+00:00
AR,2025-04-01,Bebidas alcohólicas y tabaco (202504),indec_02_indice,6440.2537,indice,indec,2026-08-05T21:48:05.576542+00:00
AR,2025-04-01,Bebidas alcohólicas y tabaco (202504),indec_02_variacion_mensual,2.8,%,indec,2026-08-05T21:48:05.576542+00:00
AR,2025-04-01,Bebidas alcohólicas y tabaco (202504),indec_02_variacion_interanual,43.7,%,indec,2026-08-05T21:48:05.576542+00:00
AR,2025-04-01,Prendas de vestir y calzado (202504),indec_03_indice,7385.4063,indice,indec,2026-08-05T21:48:05.576542+00:00
AR,2025-04-01,Prendas de vestir y calzado (202504),indec_03_variacion_mensual,3.8,%,indec,2026-08-05T21:48:05.576542+00:00
AR,2025-04-01,Prendas de vestir y calzado (202504),indec_03_variacion_interanual,36.9,%,indec,2026-08-05T21:48:05.576542+00:00
AR,2025-04-01,"Vivienda, agua, electricidad, gas y otros combustibles (202504)",indec_04_indice,8435.1033,indice,indec,2026-08-05T21:48:05.576542+00:00
AR,2025-04-01,"Vivienda, agua, electricidad, gas y otros combustibles (202504)",indec_04_variacion_mensual,1.9,%,indec,2026-08-05T21:48:05.576542+00:00
AR,2025-04-01,"Vivienda, agua, electricidad, gas y otros combustibles (202504)",indec_04_variacion_interanual,87.1,%,indec,2026-08-05T21:48:05.576542+00:00
AR,2025-04-01,Equipamiento y mantenimiento del hogar (202504),indec_05_indice,7437.0978,indice,indec,2026-08-05T21:48:05.576542+00:00
AR,2025-04-01,Equipamiento y mantenimiento del hogar (202504),indec_05_variacion_mensual,0.9,%,indec,2026-08-05T21:48:05.576542+00:00
AR,2025-04-01,Equipamiento y mantenimiento del hogar (202504),indec_05_variacion_interanual,29.3,%,indec,2026-08-05T21:48:05.576542+00:00
AR,2025-04-01,Salud (202504),indec_06_indice,9641.606,indice,indec,2026-08-05T21:48:05.576542+00:00
AR,2025-04-01,Salud (202504),indec_06_variacion_mensual,2.5,%,indec,2026-08-05T21:48:05.576542+00:00
AR,2025-04-01,Salud (202504),indec_06_variacion_interanual,42.6,%,indec,2026-08-05T21:48:05.576542+00:00
AR,2025-04-01,Transporte (202504),indec_07_indice,8644.5585,indice,indec,2026-08-05T21:48:05.576542+00:00
AR,2025-04-01,Transporte (202504),indec_07_variacion_mensual,1.7,%,indec,2026-08-05T21:48:05.576542+00:00
AR,2025-04-01,Transporte (202504),indec_07_variacion_interanual,37.3,%,indec,2026-08-05T21:48:05.576542+00:00
AR,2025-04-01,Comunicación (202504),indec_08_indice,7577.0727,indice,indec,2026-08-05T21:48:05.576542+00:00
AR,2025-04-01,Comunicación (202504),indec_08_variacion_mensual,2.8,%,indec,2026-08-05T21:48:05.576542+00:00
AR,2025-04-01,Comunicación (202504),indec_08_variacion_interanual,53.0,%,indec,2026-08-05T21:48:05.576542+00:00
AR,2025-04-01,Recreación y cultura (202504),indec_09_indice,7676.2045,indice,indec,2026-08-05T21:48:05.576542+00:00
AR,2025-04-01,Recreación y cultura (202504),indec_09_variacion_mensual,4.0,%,indec,2026-08-05T21:48:05.576542+00:00
AR,2025-04-01,Recreación y cultura (202504),indec_09_variacion_interanual,47.8,%,indec,2026-08-05T21:48:05.576542+00:00
AR,2025-04-01,Educación (202504),indec_10_indice,7455.8399,indice,indec,2026-08-05T21:48:05.576542+00:00
AR,2025-04-01,Educación (202504),indec_10_variacion_mensual,2.5,%,indec,2026-08-05T21:48:05.576542+00:00
AR,2025-04-01,Educación (202504),indec_10_variacion_interanual,88.0,%,indec,2026-08-05T21:48:05.576542+00:00
AR,2025-04-01,Restaurantes y hoteles (202504),indec_11_indice,10102.2226,indice,indec,2026-08-05T21:48:05.576542+00:00
AR,2025-04-01,Restaurantes y hoteles (202504),indec_11_variacion_mensual,4.1,%,indec,2026-08-05T21:48:05.576542+00:00
AR,2025-04-01,Restaurantes y hoteles (202504),indec_11_variacion_interanual,70.9,%,indec,2026-08-05T21:48:05.576542+00:00
AR,2025-04-01,Bienes y servicios varios (202504),indec_12_indice,8290.2259,indice,indec,2026-08-05T21:48:05.576542+00:00
AR,2025-04-01,Bienes y servicios varios (202504),indec_12_variacion_mensual,2.5,%,indec,2026-08-05T21:48:05.576542+00:00
AR,2025-04-01,Bienes y servicios varios (202504),indec_12_variacion_interanual,40.4,%,indec,2026-08-05T21:48:05.576542+00:00
AR,2025-04-01,nan (202504),indec_Estacional_indice,8121.3082,indice,indec,2026-08-05T21:48:05.576542+00:00
AR,2025-04-01,nan (202504),indec_Estacional_variacion_mensual,1.9,%,indec,2026-08-05T21:48:05.576542+00:00
AR,2025-04-01,nan (202504),indec_Estacional_variacion_interanual,33.5,%,indec,2026-08-05T21:48:05.576542+00:00
AR,2025-04-01,nan (202504),indec_Núcleo_indice,8765.1966,indice,indec,2026-08-05T21:48:05.576542+00:00
AR,2025-04-01,nan (202504),indec_Núcleo_variacion_mensual,3.2,%,indec,2026-08-05T21:48:05.576542+00:00
AR,2025-04-01,nan (202504),indec_Núcleo_variacion_interanual,46.9,%,indec,2026-08-05T21:48:05.576542+00:00
AR,2025-04-01,nan (202504),indec_Regulados_indice,8273.8986,indice,indec,2026-08-05T21:48:05.576542+00:00
AR,2025-04-01,nan (202504),indec_Regulados_variacion_mensual,1.8,%,indec,2026-08-05T21:48:05.576542+00:00
AR,2025-04-01,nan (202504),indec_Regulados_variacion_interanual,57.4,%,indec,2026-08-05T21:48:05.576542+00:00
AR,2025-04-01,nan (202504),indec_B_indice,8862.2757,indice,indec,2026-08-05T21:48:05.576542+00:00
AR,2025-04-01,nan (202504),indec_B_variacion_mensual,2.7,%,indec,2026-08-05T21:48:05.576542+00:00
AR,2025-04-01,nan (202504),indec_B_variacion_interanual,37.0,%,indec,2026-08-05T21:48:05.576542+00:00
AR,2025-04-01,nan (202504),indec_S_indice,8081.0711,indice,indec,2026-08-05T21:48:05.576542+00:00
AR,2025-04-01,nan (202504),indec_S_variacion_mensual,3.0,%,indec,2026-08-05T21:48:05.576542+00:00
AR,2025-04-01,nan (202504),indec_S_variacion_interanual,76.1,%,indec,2026-08-05T21:48:05.576542+00:00
AR,2025-05-01,NIVEL GENERAL (202505),indec_0_indice,8714.4871,indice,indec,2026-08-05T21:48:05.576542+00:00
AR,2025-05-01,NIVEL GENERAL (202505),indec_0_variacion_mensual,1.5,%,indec,2026-08-05T21:48:05.576542+00:00
AR,2025-05-01,NIVEL GENERAL (202505),indec_0_variacion_interanual,43.5,%,indec,2026-08-05T21:48:05.576542+00:00
AR,2025-05-01,Alimentos y bebidas no alcohólicas (202505),indec_01_indice,9365.3121,indice,indec,2026-08-05T21:48:05.576542+00:00
AR,2025-05-01,Alimentos y bebidas no alcohólicas (202505),indec_01_variacion_mensual,0.5,%,indec,2026-08-05T21:48:05.576542+00:00
AR,2025-05-01,Alimentos y bebidas no alcohólicas (202505),indec_01_variacion_interanual,35.5,%,indec,2026-08-05T21:48:05.576542+00:00
AR,2025-05-01,Bebidas alcohólicas y tabaco (202505),indec_02_indice,6477.8365,indice,indec,2026-08-05T21:48:05.576542+00:00
AR,2025-05-01,Bebidas alcohólicas y tabaco (202505),indec_02_variacion_mensual,0.6,%,indec,2026-08-05T21:48:05.576542+00:00
AR,2025-05-01,Bebidas alcohólicas y tabaco (202505),indec_02_variacion_interanual,35.5,%,indec,2026-08-05T21:48:05.576542+00:00
AR,2025-05-01,Prendas de vestir y calzado (202505),indec_03_indice,7453.7558,indice,indec,2026-08-05T21:48:05.576542+00:00
AR,2025-05-01,Prendas de vestir y calzado (202505),indec_03_variacion_mensual,0.9,%,indec,2026-08-05T21:48:05.576542+00:00
AR,2025-05-01,Prendas de vestir y calzado (202505),indec_03_variacion_interanual,33.5,%,indec,2026-08-05T21:48:05.576542+00:00
AR,2025-05-01,"Vivienda, agua, electricidad, gas y otros combustibles (202505)",indec_04_indice,8641.5515,indice,indec,2026-08-05T21:48:05.576542+00:00
AR,2025-05-01,"Vivienda, agua, electricidad, gas y otros combustibles (202505)",indec_04_variacion_mensual,2.4,%,indec,2026-08-05T21:48:05.576542+00:00
AR,2025-05-01,"Vivienda, agua, electricidad, gas y otros combustibles (202505)",indec_04_variacion_interanual,86.9,%,indec,2026-08-05T21:48:05.576542+00:00
AR,2025-05-01,Equipamiento y mantenimiento del hogar (202505),indec_05_indice,7540.4993,indice,indec,2026-08-05T21:48:05.576542+00:00
AR,2025-05-01,Equipamiento y mantenimiento del hogar (202505),indec_05_variacion_mensual,1.4,%,indec,2026-08-05T21:48:05.576542+00:00
AR,2025-05-01,Equipamiento y mantenimiento del hogar (202505),indec_05_variacion_interanual,27.0,%,indec,2026-08-05T21:48:05.576542+00:00
AR,2025-05-01,Salud (202505),indec_06_indice,9905.8259,indice,indec,2026-08-05T21:48:05.576542+00:00
AR,2025-05-01,Salud (202505),indec_06_variacion_mensual,2.7,%,indec,2026-08-05T21:48:05.576542+00:00
AR,2025-05-01,Salud (202505),indec_06_variacion_interanual,45.5,%,indec,2026-08-05T21:48:05.576542+00:00
AR,2025-05-01,Transporte (202505),indec_07_indice,8676.0013,indice,indec,2026-08-05T21:48:05.576542+00:00
AR,2025-05-01,Transporte (202505),indec_07_variacion_mensual,0.4,%,indec,2026-08-05T21:48:05.576542+00:00
AR,2025-05-01,Transporte (202505),indec_07_variacion_interanual,32.6,%,indec,2026-08-05T21:48:05.576542+00:00
AR,2025-05-01,Comunicación (202505),indec_08_indice,7889.7331,indice,indec,2026-08-05T21:48:05.576542+00:00
AR,2025-05-01,Comunicación (202505),indec_08_variacion_mensual,4.1,%,indec,2026-08-05T21:48:05.576542+00:00
AR,2025-05-01,Comunicación (202505),indec_08_variacion_interanual,47.2,%,indec,2026-08-05T21:48:05.576542+00:00
AR,2025-05-01,Recreación y cultura (202505),indec_09_indice,7807.3673,indice,indec,2026-08-05T21:48:05.576542+00:00
AR,2025-05-01,Recreación y cultura (202505),indec_09_variacion_mensual,1.7,%,indec,2026-08-05T21:48:05.576542+00:00
AR,2025-05-01,Recreación y cultura (202505),indec_09_variacion_interanual,43.8,%,indec,2026-08-05T21:48:05.576542+00:00
AR,2025-05-01,Educación (202505),indec_10_indice,7595.3193,indice,indec,2026-08-05T21:48:05.576542+00:00
AR,2025-05-01,Educación (202505),indec_10_variacion_mensual,1.9,%,indec,2026-08-05T21:48:05.576542+00:00
AR,2025-05-01,Educación (202505),indec_10_variacion_interanual,77.9,%,indec,2026-08-05T21:48:05.576542+00:00
AR,2025-05-01,Restaurantes y hoteles (202505),indec_11_indice,10406.4718,indice,indec,2026-08-05T21:48:05.576542+00:00
AR,2025-05-01,Restaurantes y hoteles (202505),indec_11_variacion_mensual,3.0,%,indec,2026-08-05T21:48:05.576542+00:00
AR,2025-05-01,Restaurantes y hoteles (202505),indec_11_variacion_interanual,66.8,%,indec,2026-08-05T21:48:05.576542+00:00
AR,2025-05-01,Bienes y servicios varios (202505),indec_12_indice,8504.0579,indice,indec,2026-08-05T21:48:05.576542+00:00
AR,2025-05-01,Bienes y servicios varios (202505),indec_12_variacion_mensual,2.6,%,indec,2026-08-05T21:48:05.576542+00:00
AR,2025-05-01,Bienes y servicios varios (202505),indec_12_variacion_interanual,38.1,%,indec,2026-08-05T21:48:05.576542+00:00
AR,2025-05-01,nan (202505),indec_Estacional_indice,7899.4762,indice,indec,2026-08-05T21:48:05.576542+00:00
AR,2025-05-01,nan (202505),indec_Estacional_variacion_mensual,-2.7,%,indec,2026-08-05T21:48:05.576542+00:00
AR,2025-05-01,nan (202505),indec_Estacional_variacion_interanual,21.1,%,indec,2026-08-05T21:48:05.576542+00:00
AR,2025-05-01,nan (202505),indec_Núcleo_indice,8957.7912,indice,indec,2026-08-05T21:48:05.576542+00:00
AR,2025-05-01,nan (202505),indec_Núcleo_variacion_mensual,2.2,%,indec,2026-08-05T21:48:05.576542+00:00
AR,2025-05-01,nan (202505),indec_Núcleo_variacion_interanual,44.7,%,indec,2026-08-05T21:48:05.576542+00:00
AR,2025-05-01,nan (202505),indec_Regulados_indice,8382.4957,indice,indec,2026-08-05T21:48:05.576542+00:00
AR,2025-05-01,nan (202505),indec_Regulados_variacion_mensual,1.3,%,indec,2026-08-05T21:48:05.576542+00:00
AR,2025-05-01,nan (202505),indec_Regulados_variacion_interanual,53.3,%,indec,2026-08-05T21:48:05.576542+00:00
AR,2025-05-01,nan (202505),indec_B_indice,8942.4266,indice,indec,2026-08-05T21:48:05.576542+00:00
AR,2025-05-01,nan (202505),indec_B_variacion_mensual,0.9,%,indec,2026-08-05T21:48:05.576542+00:00
AR,2025-05-01,nan (202505),indec_B_variacion_interanual,33.1,%,indec,2026-08-05T21:48:05.576542+00:00
AR,2025-05-01,nan (202505),indec_S_indice,8302.8934,indice,indec,2026-08-05T21:48:05.576542+00:00
AR,2025-05-01,nan (202505),indec_S_variacion_mensual,2.7,%,indec,2026-08-05T21:48:05.576542+00:00
AR,2025-05-01,nan (202505),indec_S_variacion_interanual,72.4,%,indec,2026-08-05T21:48:05.576542+00:00
AR,2025-06-01,NIVEL GENERAL (202506),indec_0_indice,8855.5681,indice,indec,2026-08-05T21:48:05.576542+00:00
AR,2025-06-01,NIVEL GENERAL (202506),indec_0_variacion_mensual,1.6,%,indec,2026-08-05T21:48:05.576542+00:00
AR,2025-06-01,NIVEL GENERAL (202506),indec_0_variacion_interanual,39.4,%,indec,2026-08-05T21:48:05.576542+00:00
AR,2025-06-01,Alimentos y bebidas no alcohólicas (202506),indec_01_indice,9418.0826,indice,indec,2026-08-05T21:48:05.576542+00:00
AR,2025-06-01,Alimentos y bebidas no alcohólicas (202506),indec_01_variacion_mensual,0.6,%,indec,2026-08-05T21:48:05.576542+00:00
AR,2025-06-01,Alimentos y bebidas no alcohólicas (202506),indec_01_variacion_interanual,32.3,%,indec,2026-08-05T21:48:05.576542+00:00
AR,2025-06-01,Bebidas alcohólicas y tabaco (202506),indec_02_indice,6658.8334,indice,indec,2026-08-05T21:48:05.576542+00:00
AR,2025-06-01,Bebidas alcohólicas y tabaco (202506),indec_02_variacion_mensual,2.8,%,indec,2026-08-05T21:48:05.576542+00:00
AR,2025-06-01,Bebidas alcohólicas y tabaco (202506),indec_02_variacion_interanual,36.4,%,indec,2026-08-05T21:48:05.576542+00:00
AR,2025-06-01,Prendas de vestir y calzado (202506),indec_03_indice,7490.0195,indice,indec,2026-08-05T21:48:05.576542+00:00
AR,2025-06-01,Prendas de vestir y calzado (202506),indec_03_variacion_mensual,0.5,%,indec,2026-08-05T21:48:05.576542+00:00
AR,2025-06-01,Prendas de vestir y calzado (202506),indec_03_variacion_interanual,30.6,%,indec,2026-08-05T21:48:05.576542+00:00
AR,2025-06-01,"Vivienda, agua, electricidad, gas y otros combustibles (202506)",indec_04_indice,8939.0041,indice,indec,2026-08-05T21:48:05.576542+00:00
AR,2025-06-01,"Vivienda, agua, electricidad, gas y otros combustibles (202506)",indec_04_variacion_mensual,3.4,%,indec,2026-08-05T21:48:05.576542+00:00
AR,2025-06-01,"Vivienda, agua, electricidad, gas y otros combustibles (202506)",indec_04_variacion_interanual,69.2,%,indec,2026-08-05T21:48:05.576542+00:00
AR,2025-06-01,Equipamiento y mantenimiento del hogar (202506),indec_05_indice,7683.5823,indice,indec,2026-08-05T21:48:05.576542+00:00
AR,2025-06-01,Equipamiento y mantenimiento del hogar (202506),indec_05_variacion_mensual,1.9,%,indec,2026-08-05T21:48:05.576542+00:00
AR,2025-06-01,Equipamiento y mantenimiento del hogar (202506),indec_05_variacion_interanual,26.5,%,indec,2026-08-05T21:48:05.576542+00:00
AR,2025-06-01,Salud (202506),indec_06_indice,10119.3057,indice,indec,2026-08-05T21:48:05.576542+00:00
AR,2025-06-01,Salud (202506),indec_06_variacion_mensual,2.2,%,indec,2026-08-05T21:48:05.576542+00:00
AR,2025-06-01,Salud (202506),indec_06_variacion_interanual,41.9,%,indec,2026-08-05T21:48:05.576542+00:00
AR,2025-06-01,Transporte (202506),indec_07_indice,8816.3323,indice,indec,2026-08-05T21:48:05.576542+00:00
AR,2025-06-01,Transporte (202506),indec_07_variacion_mensual,1.6,%,indec,2026-08-05T21:48:05.576542+00:00
AR,2025-06-01,Transporte (202506),indec_07_variacion_interanual,29.6,%,indec,2026-08-05T21:48:05.576542+00:00
AR,2025-06-01,Comunicación (202506),indec_08_indice,8030.954,indice,indec,2026-08-05T21:48:05.576542+00:00
AR,2025-06-01,Comunicación (202506),indec_08_variacion_mensual,1.8,%,indec,2026-08-05T21:48:05.576542+00:00
AR,2025-06-01,Comunicación (202506),indec_08_variacion_interanual,42.3,%,indec,2026-08-05T21:48:05.576542+00:00
AR,2025-06-01,Recreación y cultura (202506),indec_09_indice,8000.1427,indice,indec,2026-08-05T21:48:05.576542+00:00
AR,2025-06-01,Recreación y cultura (202506),indec_09_variacion_mensual,2.5,%,indec,2026-08-05T21:48:05.576542+00:00
AR,2025-06-01,Recreación y cultura (202506),indec_09_variacion_interanual,39.5,%,indec,2026-08-05T21:48:05.576542+00:00
AR,2025-06-01,Educación (202506),indec_10_indice,7875.8853,indice,indec,2026-08-05T21:48:05.576542+00:00
AR,2025-06-01,Educación (202506),indec_10_variacion_mensual,3.7,%,indec,2026-08-05T21:48:05.576542+00:00
AR,2025-06-01,Educación (202506),indec_10_variacion_interanual,74.4,%,indec,2026-08-05T21:48:05.576542+00:00
AR,2025-06-01,Restaurantes y hoteles (202506),indec_11_indice,10624.8993,indice,indec,2026-08-05T21:48:05.576542+00:00
AR,2025-06-01,Restaurantes y hoteles (202506),indec_11_variacion_mensual,2.1,%,indec,2026-08-05T21:48:05.576542+00:00
AR,2025-06-01,Restaurantes y hoteles (202506),indec_11_variacion_interanual,60.2,%,indec,2026-08-05T21:48:05.576542+00:00
AR,2025-06-01,Bienes y servicios varios (202506),indec_12_indice,8588.9464,indice,indec,2026-08-05T21:48:05.576542+00:00
AR,2025-06-01,Bienes y servicios varios (202506),indec_12_variacion_mensual,1.0,%,indec,2026-08-05T21:48:05.576542+00:00
AR,2025-06-01,Bienes y servicios varios (202506),indec_12_variacion_interanual,35.7,%,indec,2026-08-05T21:48:05.576542+00:00
AR,2025-06-01,nan (202506),indec_Estacional_indice,7882.5607,indice,indec,2026-08-05T21:48:05.576542+00:00
AR,2025-06-01,nan (202506),indec_Estacional_variacion_mensual,-0.2,%,indec,2026-08-05T21:48:05.576542+00:00
AR,2025-06-01,nan (202506),indec_Estacional_variacion_interanual,15.7,%,indec,2026-08-05T21:48:05.576542+00:00
AR,2025-06-01,nan (202506),indec_Núcleo_indice,9111.304,indice,indec,2026-08-05T21:48:05.576542+00:00
AR,2025-06-01,nan (202506),indec_Núcleo_variacion_mensual,1.7,%,indec,2026-08-05T21:48:05.576542+00:00
AR,2025-06-01,nan (202506),indec_Núcleo_variacion_interanual,42.0,%,indec,2026-08-05T21:48:05.576542+00:00
AR,2025-06-01,nan (202506),indec_Regulados_indice,8569.0645,indice,indec,2026-08-05T21:48:05.576542+00:00
AR,2025-06-01,nan (202506),indec_Regulados_variacion_mensual,2.2,%,indec,2026-08-05T21:48:05.576542+00:00
AR,2025-06-01,nan (202506),indec_Regulados_variacion_interanual,45.0,%,indec,2026-08-05T21:48:05.576542+00:00
AR,2025-06-01,nan (202506),indec_B_indice,9017.1201,indice,indec,2026-08-05T21:48:05.576542+00:00
AR,2025-06-01,nan (202506),indec_B_variacion_mensual,0.8,%,indec,2026-08-05T21:48:05.576542+00:00
AR,2025-06-01,nan (202506),indec_B_variacion_interanual,30.1,%,indec,2026-08-05T21:48:05.576542+00:00
AR,2025-06-01,nan (202506),indec_S_indice,8566.1693,indice,indec,2026-08-05T21:48:05.576542+00:00
AR,2025-06-01,nan (202506),indec_S_variacion_mensual,3.2,%,indec,2026-08-05T21:48:05.576542+00:00
AR,2025-06-01,nan (202506),indec_S_variacion_interanual,63.6,%,indec,2026-08-05T21:48:05.576542+00:00
AR,2025-07-01,NIVEL GENERAL (202507),indec_0_indice,9023.973,indice,indec,2026-08-05T21:48:05.576542+00:00
AR,2025-07-01,NIVEL GENERAL (202507),indec_0_variacion_mensual,1.9,%,indec,2026-08-05T21:48:05.576542+00:00
AR,2025-07-01,NIVEL GENERAL (202507),indec_0_variacion_interanual,36.6,%,indec,2026-08-05T21:48:05.576542+00:00
AR,2025-07-01,Alimentos y bebidas no alcohólicas (202507),indec_01_indice,9596.7407,indice,indec,2026-08-05T21:48:05.576542+00:00
AR,2025-07-01,Alimentos y bebidas no alcohólicas (202507),indec_01_variacion_mensual,1.9,%,indec,2026-08-05T21:48:05.576542+00:00
AR,2025-07-01,Alimentos y bebidas no alcohólicas (202507),indec_01_variacion_interanual,30.6,%,indec,2026-08-05T21:48:05.576542+00:00
AR,2025-07-01,Bebidas alcohólicas y tabaco (202507),indec_02_indice,6701.1649,indice,indec,2026-08-05T21:48:05.576542+00:00
AR,2025-07-01,Bebidas alcohólicas y tabaco (202507),indec_02_variacion_mensual,0.6,%,indec,2026-08-05T21:48:05.576542+00:00
AR,2025-07-01,Bebidas alcohólicas y tabaco (202507),indec_02_variacion_interanual,29.4,%,indec,2026-08-05T21:48:05.576542+00:00
AR,2025-07-01,Prendas de vestir y calzado (202507),indec_03_indice,7420.9382,indice,indec,2026-08-05T21:48:05.576542+00:00
AR,2025-07-01,Prendas de vestir y calzado (202507),indec_03_variacion_mensual,-0.9,%,indec,2026-08-05T21:48:05.576542+00:00
AR,2025-07-01,Prendas de vestir y calzado (202507),indec_03_variacion_interanual,27.3,%,indec,2026-08-05T21:48:05.576542+00:00
AR,2025-07-01,"Vivienda, agua, electricidad, gas y otros combustibles (202507)",indec_04_indice,9071.797,indice,indec,2026-08-05T21:48:05.576542+00:00
AR,2025-07-01,"Vivienda, agua, electricidad, gas y otros combustibles (202507)",indec_04_variacion_mensual,1.5,%,indec,2026-08-05T21:48:05.576542+00:00
AR,2025-07-01,"Vivienda, agua, electricidad, gas y otros combustibles (202507)",indec_04_variacion_interanual,62.0,%,indec,2026-08-05T21:48:05.576542+00:00
AR,2025-07-01,Equipamiento y mantenimiento del hogar (202507),indec_05_indice,7801.8271,indice,indec,2026-08-05T21:48:05.576542+00:00
AR,2025-07-01,Equipamiento y mantenimiento del hogar (202507),indec_05_variacion_mensual,1.5,%,indec,2026-08-05T21:48:05.576542+00:00
AR,2025-07-01,Equipamiento y mantenimiento del hogar (202507),indec_05_variacion_interanual,24.2,%,indec,2026-08-05T21:48:05.576542+00:00
AR,2025-07-01,Salud (202507),indec_06_indice,10234.5966,indice,indec,2026-08-05T21:48:05.576542+00:00
AR,2025-07-01,Salud (202507),indec_06_variacion_mensual,1.1,%,indec,2026-08-05T21:48:05.576542+00:00
AR,2025-07-01,Salud (202507),indec_06_variacion_interanual,35.6,%,indec,2026-08-05T21:48:05.576542+00:00
AR,2025-07-01,Transporte (202507),indec_07_indice,9061.1273,indice,indec,2026-08-05T21:48:05.576542+00:00
AR,2025-07-01,Transporte (202507),indec_07_variacion_mensual,2.8,%,indec,2026-08-05T21:48:05.576542+00:00
AR,2025-07-01,Transporte (202507),indec_07_variacion_interanual,29.8,%,indec,2026-08-05T21:48:05.576542+00:00
AR,2025-07-01,Comunicación (202507),indec_08_indice,8214.616,indice,indec,2026-08-05T21:48:05.576542+00:00
AR,2025-07-01,Comunicación (202507),indec_08_variacion_mensual,2.3,%,indec,2026-08-05T21:48:05.576542+00:00
AR,2025-07-01,Comunicación (202507),indec_08_variacion_interanual,40.6,%,indec,2026-08-05T21:48:05.576542+00:00
AR,2025-07-01,Recreación y cultura (202507),indec_09_indice,8384.8501,indice,indec,2026-08-05T21:48:05.576542+00:00
AR,2025-07-01,Recreación y cultura (202507),indec_09_variacion_mensual,4.8,%,indec,2026-08-05T21:48:05.576542+00:00
AR,2025-07-01,Recreación y cultura (202507),indec_09_variacion_interanual,38.4,%,indec,2026-08-05T21:48:05.576542+00:00
AR,2025-07-01,Educación (202507),indec_10_indice,8027.0607,indice,indec,2026-08-05T21:48:05.576542+00:00
AR,2025-07-01,Educación (202507),indec_10_variacion_mensual,1.9,%,indec,2026-08-05T21:48:05.576542+00:00
AR,2025-07-01,Educación (202507),indec_10_variacion_interanual,70.6,%,indec,2026-08-05T21:48:05.576542+00:00
AR,2025-07-01,Restaurantes y hoteles (202507),indec_11_indice,10917.6195,indice,indec,2026-08-05T21:48:05.576542+00:00
AR,2025-07-01,Restaurantes y hoteles (202507),indec_11_variacion_mensual,2.8,%,indec,2026-08-05T21:48:05.576542+00:00
AR,2025-07-01,Restaurantes y hoteles (202507),indec_11_variacion_interanual,54.6,%,indec,2026-08-05T21:48:05.576542+00:00
AR,2025-07-01,Bienes y servicios varios (202507),indec_12_indice,8772.9432,indice,indec,2026-08-05T21:48:05.576542+00:00
AR,2025-07-01,Bienes y servicios varios (202507),indec_12_variacion_mensual,2.1,%,indec,2026-08-05T21:48:05.576542+00:00
AR,2025-07-01,Bienes y servicios varios (202507),indec_12_variacion_interanual,34.0,%,indec,2026-08-05T21:48:05.576542+00:00
AR,2025-07-01,nan (202507),indec_Estacional_indice,8201.9212,indice,indec,2026-08-05T21:48:05.576542+00:00
AR,2025-07-01,nan (202507),indec_Estacional_variacion_mensual,4.1,%,indec,2026-08-05T21:48:05.576542+00:00
AR,2025-07-01,nan (202507),indec_Estacional_variacion_interanual,14.6,%,indec,2026-08-05T21:48:05.576542+00:00
AR,2025-07-01,nan (202507),indec_Núcleo_indice,9246.0737,indice,indec,2026-08-05T21:48:05.576542+00:00
AR,2025-07-01,nan (202507),indec_Núcleo_variacion_mensual,1.5,%,indec,2026-08-05T21:48:05.576542+00:00
AR,2025-07-01,nan (202507),indec_Núcleo_variacion_interanual,38.9,%,indec,2026-08-05T21:48:05.576542+00:00
AR,2025-07-01,nan (202507),indec_Regulados_indice,8766.629,indice,indec,2026-08-05T21:48:05.576542+00:00
AR,2025-07-01,nan (202507),indec_Regulados_variacion_mensual,2.3,%,indec,2026-08-05T21:48:05.576542+00:00
AR,2025-07-01,nan (202507),indec_Regulados_variacion_interanual,42.2,%,indec,2026-08-05T21:48:05.576542+00:00
AR,2025-07-01,nan (202507),indec_B_indice,9139.3674,indice,indec,2026-08-05T21:48:05.576542+00:00
AR,2025-07-01,nan (202507),indec_B_variacion_mensual,1.4,%,indec,2026-08-05T21:48:05.576542+00:00
AR,2025-07-01,nan (202507),indec_B_variacion_interanual,27.8,%,indec,2026-08-05T21:48:05.576542+00:00
AR,2025-07-01,nan (202507),indec_S_indice,8827.7358,indice,indec,2026-08-05T21:48:05.576542+00:00
AR,2025-07-01,nan (202507),indec_S_variacion_mensual,3.1,%,indec,2026-08-05T21:48:05.576542+00:00
AR,2025-07-01,nan (202507),indec_S_variacion_interanual,58.5,%,indec,2026-08-05T21:48:05.576542+00:00
AR,2025-08-01,NIVEL GENERAL (202508),indec_0_indice,9193.2441,indice,indec,2026-08-05T21:48:05.576542+00:00
AR,2025-08-01,NIVEL GENERAL (202508),indec_0_variacion_mensual,1.9,%,indec,2026-08-05T21:48:05.576542+00:00
AR,2025-08-01,NIVEL GENERAL (202508),indec_0_variacion_interanual,33.6,%,indec,2026-08-05T21:48:05.576542+00:00
AR,2025-08-01,Alimentos y bebidas no alcohólicas (202508),indec_01_indice,9729.0211,indice,indec,2026-08-05T21:48:05.576542+00:00
AR,2025-08-01,Alimentos y bebidas no alcohólicas (202508),indec_01_variacion_mensual,1.4,%,indec,2026-08-05T21:48:05.576542+00:00
AR,2025-08-01,Alimentos y bebidas no alcohólicas (202508),indec_01_variacion_interanual,27.8,%,indec,2026-08-05T21:48:05.576542+00:00
AR,2025-08-01,Bebidas alcohólicas y tabaco (202508),indec_02_indice,6932.52,indice,indec,2026-08-05T21:48:05.576542+00:00
AR,2025-08-01,Bebidas alcohólicas y tabaco (202508),indec_02_variacion_mensual,3.5,%,indec,2026-08-05T21:48:05.576542+00:00
AR,2025-08-01,Bebidas alcohólicas y tabaco (202508),indec_02_variacion_interanual,29.9,%,indec,2026-08-05T21:48:05.576542+00:00
AR,2025-08-01,Prendas de vestir y calzado (202508),indec_03_indice,7401.8179,indice,indec,2026-08-05T21:48:05.576542+00:00
AR,2025-08-01,Prendas de vestir y calzado (202508),indec_03_variacion_mensual,-0.3,%,indec,2026-08-05T21:48:05.576542+00:00
AR,2025-08-01,Prendas de vestir y calzado (202508),indec_03_variacion_interanual,24.4,%,indec,2026-08-05T21:48:05.576542+00:00
AR,2025-08-01,"Vivienda, agua, electricidad, gas y otros combustibles (202508)",indec_04_indice,9314.2826,indice,indec,2026-08-05T21:48:05.576542+00:00
AR,2025-08-01,"Vivienda, agua, electricidad, gas y otros combustibles (202508)",indec_04_variacion_mensual,2.7,%,indec,2026-08-05T21:48:05.576542+00:00
AR,2025-08-01,"Vivienda, agua, electricidad, gas y otros combustibles (202508)",indec_04_variacion_interanual,55.4,%,indec,2026-08-05T21:48:05.576542+00:00
AR,2025-08-01,Equipamiento y mantenimiento del hogar (202508),indec_05_indice,7874.7486,indice,indec,2026-08-05T21:48:05.576542+00:00
AR,2025-08-01,Equipamiento y mantenimiento del hogar (202508),indec_05_variacion_mensual,0.9,%,indec,2026-08-05T21:48:05.576542+00:00
AR,2025-08-01,Equipamiento y mantenimiento del hogar (202508),indec_05_variacion_interanual,20.2,%,indec,2026-08-05T21:48:05.576542+00:00
AR,2025-08-01,Salud (202508),indec_06_indice,10410.6938,indice,indec,2026-08-05T21:48:05.576542+00:00
AR,2025-08-01,Salud (202508),indec_06_variacion_mensual,1.7,%,indec,2026-08-05T21:48:05.576542+00:00
AR,2025-08-01,Salud (202508),indec_06_variacion_interanual,32.4,%,indec,2026-08-05T21:48:05.576542+00:00
AR,2025-08-01,Transporte (202508),indec_07_indice,9384.5631,indice,indec,2026-08-05T21:48:05.576542+00:00
AR,2025-08-01,Transporte (202508),indec_07_variacion_mensual,3.6,%,indec,2026-08-05T21:48:05.576542+00:00
AR,2025-08-01,Transporte (202508),indec_07_variacion_interanual,27.9,%,indec,2026-08-05T21:48:05.576542+00:00
AR,2025-08-01,Comunicación (202508),indec_08_indice,8369.2742,indice,indec,2026-08-05T21:48:05.576542+00:00
AR,2025-08-01,Comunicación (202508),indec_08_variacion_mensual,1.9,%,indec,2026-08-05T21:48:05.576542+00:00
AR,2025-08-01,Comunicación (202508),indec_08_variacion_interanual,36.6,%,indec,2026-08-05T21:48:05.576542+00:00
AR,2025-08-01,Recreación y cultura (202508),indec_09_indice,8429.7057,indice,indec,2026-08-05T21:48:05.576542+00:00
AR,2025-08-01,Recreación y cultura (202508),indec_09_variacion_mensual,0.5,%,indec,2026-08-05T21:48:05.576542+00:00
AR,2025-08-01,Recreación y cultura (202508),indec_09_variacion_interanual,34.2,%,indec,2026-08-05T21:48:05.576542+00:00
AR,2025-08-01,Educación (202508),indec_10_indice,8230.8327,indice,indec,2026-08-05T21:48:05.576542+00:00
AR,2025-08-01,Educación (202508),indec_10_variacion_mensual,2.5,%,indec,2026-08-05T21:48:05.576542+00:00
AR,2025-08-01,Educación (202508),indec_10_variacion_interanual,64.2,%,indec,2026-08-05T21:48:05.576542+00:00
AR,2025-08-01,Restaurantes y hoteles (202508),indec_11_indice,11291.3028,indice,indec,2026-08-05T21:48:05.576542+00:00
AR,2025-08-01,Restaurantes y hoteles (202508),indec_11_variacion_mensual,3.4,%,indec,2026-08-05T21:48:05.576542+00:00
AR,2025-08-01,Restaurantes y hoteles (202508),indec_11_variacion_interanual,52.5,%,indec,2026-08-05T21:48:05.576542+00:00
AR,2025-08-01,Bienes y servicios varios (202508),indec_12_indice,8970.2821,indice,indec,2026-08-05T21:48:05.576542+00:00
AR,2025-08-01,Bienes y servicios varios (202508),indec_12_variacion_mensual,2.2,%,indec,2026-08-05T21:48:05.576542+00:00
AR,2025-08-01,Bienes y servicios varios (202508),indec_12_variacion_interanual,34.0,%,indec,2026-08-05T21:48:05.576542+00:00
AR,2025-08-01,nan (202508),indec_Estacional_indice,8137.0132,indice,indec,2026-08-05T21:48:05.576542+00:00
AR,2025-08-01,nan (202508),indec_Estacional_variacion_mensual,-0.8,%,indec,2026-08-05T21:48:05.576542+00:00
AR,2025-08-01,nan (202508),indec_Estacional_variacion_interanual,12.0,%,indec,2026-08-05T21:48:05.576542+00:00
AR,2025-08-01,nan (202508),indec_Núcleo_indice,9435.1467,indice,indec,2026-08-05T21:48:05.576542+00:00
AR,2025-08-01,nan (202508),indec_Núcleo_variacion_mensual,2.0,%,indec,2026-08-05T21:48:05.576542+00:00
AR,2025-08-01,nan (202508),indec_Núcleo_variacion_interanual,36.1,%,indec,2026-08-05T21:48:05.576542+00:00
AR,2025-08-01,nan (202508),indec_Regulados_indice,9000.5641,indice,indec,2026-08-05T21:48:05.576542+00:00
AR,2025-08-01,nan (202508),indec_Regulados_variacion_mensual,2.7,%,indec,2026-08-05T21:48:05.576542+00:00
AR,2025-08-01,nan (202508),indec_Regulados_variacion_interanual,37.8,%,indec,2026-08-05T21:48:05.576542+00:00
AR,2025-08-01,nan (202508),indec_B_indice,9288.4688,indice,indec,2026-08-05T21:48:05.576542+00:00
AR,2025-08-01,nan (202508),indec_B_variacion_mensual,1.6,%,indec,2026-08-05T21:48:05.576542+00:00
AR,2025-08-01,nan (202508),indec_B_variacion_interanual,25.9,%,indec,2026-08-05T21:48:05.576542+00:00
AR,2025-08-01,nan (202508),indec_S_indice,9044.8689,indice,indec,2026-08-05T21:48:05.576542+00:00
AR,2025-08-01,nan (202508),indec_S_variacion_mensual,2.5,%,indec,2026-08-05T21:48:05.576542+00:00
AR,2025-08-01,nan (202508),indec_S_variacion_interanual,52.4,%,indec,2026-08-05T21:48:05.576542+00:00
AR,2025-09-01,NIVEL GENERAL (202509),indec_0_indice,9384.0922,indice,indec,2026-08-05T21:48:05.576542+00:00
AR,2025-09-01,NIVEL GENERAL (202509),indec_0_variacion_mensual,2.1,%,indec,2026-08-05T21:48:05.576542+00:00
AR,2025-09-01,NIVEL GENERAL (202509),indec_0_variacion_interanual,31.8,%,indec,2026-08-05T21:48:05.576542+00:00
AR,2025-09-01,Alimentos y bebidas no alcohólicas (202509),indec_01_indice,9910.131,indice,indec,2026-08-05T21:48:05.576542+00:00
AR,2025-09-01,Alimentos y bebidas no alcohólicas (202509),indec_01_variacion_mensual,1.9,%,indec,2026-08-05T21:48:05.576542+00:00
AR,2025-09-01,Alimentos y bebidas no alcohólicas (202509),indec_01_variacion_interanual,27.3,%,indec,2026-08-05T21:48:05.576542+00:00
AR,2025-09-01,Bebidas alcohólicas y tabaco (202509),indec_02_indice,7042.0634,indice,indec,2026-08-05T21:48:05.576542+00:00
AR,2025-09-01,Bebidas alcohólicas y tabaco (202509),indec_02_variacion_mensual,1.6,%,indec,2026-08-05T21:48:05.576542+00:00
AR,2025-09-01,Bebidas alcohólicas y tabaco (202509),indec_02_variacion_interanual,29.1,%,indec,2026-08-05T21:48:05.576542+00:00
AR,2025-09-01,Prendas de vestir y calzado (202509),indec_03_indice,7553.7487,indice,indec,2026-08-05T21:48:05.576542+00:00
AR,2025-09-01,Prendas de vestir y calzado (202509),indec_03_variacion_mensual,2.1,%,indec,2026-08-05T21:48:05.576542+00:00
AR,2025-09-01,Prendas de vestir y calzado (202509),indec_03_variacion_interanual,19.7,%,indec,2026-08-05T21:48:05.576542+00:00
AR,2025-09-01,"Vivienda, agua, electricidad, gas y otros combustibles (202509)",indec_04_indice,9605.6566,indice,indec,2026-08-05T21:48:05.576542+00:00
AR,2025-09-01,"Vivienda, agua, electricidad, gas y otros combustibles (202509)",indec_04_variacion_mensual,3.1,%,indec,2026-08-05T21:48:05.576542+00:00
AR,2025-09-01,"Vivienda, agua, electricidad, gas y otros combustibles (202509)",indec_04_variacion_interanual,49.3,%,indec,2026-08-05T21:48:05.576542+00:00
AR,2025-09-01,Equipamiento y mantenimiento del hogar (202509),indec_05_indice,8048.6896,indice,indec,2026-08-05T21:48:05.576542+00:00
AR,2025-09-01,Equipamiento y mantenimiento del hogar (202509),indec_05_variacion_mensual,2.2,%,indec,2026-08-05T21:48:05.576542+00:00
AR,2025-09-01,Equipamiento y mantenimiento del hogar (202509),indec_05_variacion_interanual,19.6,%,indec,2026-08-05T21:48:05.576542+00:00
AR,2025-09-01,Salud (202509),indec_06_indice,10648.1896,indice,indec,2026-08-05T21:48:05.576542+00:00
AR,2025-09-01,Salud (202509),indec_06_variacion_mensual,2.3,%,indec,2026-08-05T21:48:05.576542+00:00
AR,2025-09-01,Salud (202509),indec_06_variacion_interanual,31.1,%,indec,2026-08-05T21:48:05.576542+00:00
AR,2025-09-01,Transporte (202509),indec_07_indice,9663.0675,indice,indec,2026-08-05T21:48:05.576542+00:00
AR,2025-09-01,Transporte (202509),indec_07_variacion_mensual,3.0,%,indec,2026-08-05T21:48:05.576542+00:00
AR,2025-09-01,Transporte (202509),indec_07_variacion_interanual,27.4,%,indec,2026-08-05T21:48:05.576542+00:00
AR,2025-09-01,Comunicación (202509),indec_08_indice,8550.2948,indice,indec,2026-08-05T21:48:05.576542+00:00
AR,2025-09-01,Comunicación (202509),indec_08_variacion_mensual,2.2,%,indec,2026-08-05T21:48:05.576542+00:00
AR,2025-09-01,Comunicación (202509),indec_08_variacion_interanual,35.5,%,indec,2026-08-05T21:48:05.576542+00:00
AR,2025-09-01,Recreación y cultura (202509),indec_09_indice,8542.3767,indice,indec,2026-08-05T21:48:05.576542+00:00
AR,2025-09-01,Recreación y cultura (202509),indec_09_variacion_mensual,1.3,%,indec,2026-08-05T21:48:05.576542+00:00
AR,2025-09-01,Recreación y cultura (202509),indec_09_variacion_interanual,33.1,%,indec,2026-08-05T21:48:05.576542+00:00
AR,2025-09-01,Educación (202509),indec_10_indice,8483.1542,indice,indec,2026-08-05T21:48:05.576542+00:00
AR,2025-09-01,Educación (202509),indec_10_variacion_mensual,3.1,%,indec,2026-08-05T21:48:05.576542+00:00
AR,2025-09-01,Educación (202509),indec_10_variacion_interanual,62.2,%,indec,2026-08-05T21:48:05.576542+00:00
AR,2025-09-01,Restaurantes y hoteles (202509),indec_11_indice,11412.4415,indice,indec,2026-08-05T21:48:05.576542+00:00
AR,2025-09-01,Restaurantes y hoteles (202509),indec_11_variacion_mensual,1.1,%,indec,2026-08-05T21:48:05.576542+00:00
AR,2025-09-01,Restaurantes y hoteles (202509),indec_11_variacion_interanual,48.7,%,indec,2026-08-05T21:48:05.576542+00:00
AR,2025-09-01,Bienes y servicios varios (202509),indec_12_indice,9162.4211,indice,indec,2026-08-05T21:48:05.576542+00:00
AR,2025-09-01,Bienes y servicios varios (202509),indec_12_variacion_mensual,2.1,%,indec,2026-08-05T21:48:05.576542+00:00
AR,2025-09-01,Bienes y servicios varios (202509),indec_12_variacion_interanual,32.4,%,indec,2026-08-05T21:48:05.576542+00:00
AR,2025-09-01,nan (202509),indec_Estacional_indice,8316.258,indice,indec,2026-08-05T21:48:05.576542+00:00
AR,2025-09-01,nan (202509),indec_Estacional_variacion_mensual,2.2,%,indec,2026-08-05T21:48:05.576542+00:00
AR,2025-09-01,nan (202509),indec_Estacional_variacion_interanual,11.2,%,indec,2026-08-05T21:48:05.576542+00:00
AR,2025-09-01,nan (202509),indec_Núcleo_indice,9614.0254,indice,indec,2026-08-05T21:48:05.576542+00:00
AR,2025-09-01,nan (202509),indec_Núcleo_variacion_mensual,1.9,%,indec,2026-08-05T21:48:05.576542+00:00
AR,2025-09-01,nan (202509),indec_Núcleo_variacion_interanual,34.3,%,indec,2026-08-05T21:48:05.576542+00:00
AR,2025-09-01,nan (202509),indec_Regulados_indice,9237.6711,indice,indec,2026-08-05T21:48:05.576542+00:00
AR,2025-09-01,nan (202509),indec_Regulados_variacion_mensual,2.6,%,indec,2026-08-05T21:48:05.576542+00:00
AR,2025-09-01,nan (202509),indec_Regulados_variacion_interanual,35.3,%,indec,2026-08-05T21:48:05.576542+00:00
AR,2025-09-01,nan (202509),indec_B_indice,9472.1622,indice,indec,2026-08-05T21:48:05.576542+00:00
AR,2025-09-01,nan (202509),indec_B_variacion_mensual,2.0,%,indec,2026-08-05T21:48:05.576542+00:00
AR,2025-09-01,nan (202509),indec_B_variacion_interanual,24.6,%,indec,2026-08-05T21:48:05.576542+00:00
AR,2025-09-01,nan (202509),indec_S_indice,9256.5425,indice,indec,2026-08-05T21:48:05.576542+00:00
AR,2025-09-01,nan (202509),indec_S_variacion_mensual,2.3,%,indec,2026-08-05T21:48:05.576542+00:00
AR,2025-09-01,nan (202509),indec_S_variacion_interanual,49.2,%,indec,2026-08-05T21:48:05.576542+00:00
AR,2025-10-01,NIVEL GENERAL (202510),indec_0_indice,9603.8623,indice,indec,2026-08-05T21:48:05.576542+00:00
AR,2025-10-01,NIVEL GENERAL (202510),indec_0_variacion_mensual,2.3,%,indec,2026-08-05T21:48:05.576542+00:00
AR,2025-10-01,NIVEL GENERAL (202510),indec_0_variacion_interanual,31.3,%,indec,2026-08-05T21:48:05.576542+00:00
AR,2025-10-01,Alimentos y bebidas no alcohólicas (202510),indec_01_indice,10136.6605,indice,indec,2026-08-05T21:48:05.576542+00:00
AR,2025-10-01,Alimentos y bebidas no alcohólicas (202510),indec_01_variacion_mensual,2.3,%,indec,2026-08-05T21:48:05.576542+00:00
AR,2025-10-01,Alimentos y bebidas no alcohólicas (202510),indec_01_variacion_interanual,28.6,%,indec,2026-08-05T21:48:05.576542+00:00
AR,2025-10-01,Bebidas alcohólicas y tabaco (202510),indec_02_indice,7209.6846,indice,indec,2026-08-05T21:48:05.576542+00:00
AR,2025-10-01,Bebidas alcohólicas y tabaco (202510),indec_02_variacion_mensual,2.4,%,indec,2026-08-05T21:48:05.576542+00:00
AR,2025-10-01,Bebidas alcohólicas y tabaco (202510),indec_02_variacion_interanual,28.4,%,indec,2026-08-05T21:48:05.576542+00:00
AR,2025-10-01,Prendas de vestir y calzado (202510),indec_03_indice,7736.2575,indice,indec,2026-08-05T21:48:05.576542+00:00
AR,2025-10-01,Prendas de vestir y calzado (202510),indec_03_variacion_mensual,2.4,%,indec,2026-08-05T21:48:05.576542+00:00
AR,2025-10-01,Prendas de vestir y calzado (202510),indec_03_variacion_interanual,17.4,%,indec,2026-08-05T21:48:05.576542+00:00
AR,2025-10-01,"Vivienda, agua, electricidad, gas y otros combustibles (202510)",indec_04_indice,9874.9092,indice,indec,2026-08-05T21:48:05.576542+00:00
AR,2025-10-01,"Vivienda, agua, electricidad, gas y otros combustibles (202510)",indec_04_variacion_mensual,2.8,%,indec,2026-08-05T21:48:05.576542+00:00
AR,2025-10-01,"Vivienda, agua, electricidad, gas y otros combustibles (202510)",indec_04_variacion_interanual,45.6,%,indec,2026-08-05T21:48:05.576542+00:00
AR,2025-10-01,Equipamiento y mantenimiento del hogar (202510),indec_05_indice,8179.996,indice,indec,2026-08-05T21:48:05.576542+00:00
AR,2025-10-01,Equipamiento y mantenimiento del hogar (202510),indec_05_variacion_mensual,1.6,%,indec,2026-08-05T21:48:05.576542+00:00
AR,2025-10-01,Equipamiento y mantenimiento del hogar (202510),indec_05_variacion_interanual,18.5,%,indec,2026-08-05T21:48:05.576542+00:00
AR,2025-10-01,Salud (202510),indec_06_indice,10842.673,indice,indec,2026-08-05T21:48:05.576542+00:00
AR,2025-10-01,Salud (202510),indec_06_variacion_mensual,1.8,%,indec,2026-08-05T21:48:05.576542+00:00
AR,2025-10-01,Salud (202510),indec_06_variacion_interanual,28.9,%,indec,2026-08-05T21:48:05.576542+00:00
AR,2025-10-01,Transporte (202510),indec_07_indice,9997.0294,indice,indec,2026-08-05T21:48:05.576542+00:00
AR,2025-10-01,Transporte (202510),indec_07_variacion_mensual,3.5,%,indec,2026-08-05T21:48:05.576542+00:00
AR,2025-10-01,Transporte (202510),indec_07_variacion_interanual,30.2,%,indec,2026-08-05T21:48:05.576542+00:00
AR,2025-10-01,Comunicación (202510),indec_08_indice,8739.731,indice,indec,2026-08-05T21:48:05.576542+00:00
AR,2025-10-01,Comunicación (202510),indec_08_variacion_mensual,2.2,%,indec,2026-08-05T21:48:05.576542+00:00
AR,2025-10-01,Comunicación (202510),indec_08_variacion_interanual,35.7,%,indec,2026-08-05T21:48:05.576542+00:00
AR,2025-10-01,Recreación y cultura (202510),indec_09_indice,8680.0313,indice,indec,2026-08-05T21:48:05.576542+00:00
AR,2025-10-01,Recreación y cultura (202510),indec_09_variacion_mensual,1.6,%,indec,2026-08-05T21:48:05.576542+00:00
AR,2025-10-01,Recreación y cultura (202510),indec_09_variacion_interanual,31.5,%,indec,2026-08-05T21:48:05.576542+00:00
AR,2025-10-01,Educación (202510),indec_10_indice,8626.8402,indice,indec,2026-08-05T21:48:05.576542+00:00
AR,2025-10-01,Educación (202510),indec_10_variacion_mensual,1.7,%,indec,2026-08-05T21:48:05.576542+00:00
AR,2025-10-01,Educación (202510),indec_10_variacion_interanual,59.5,%,indec,2026-08-05T21:48:05.576542+00:00
AR,2025-10-01,Restaurantes y hoteles (202510),indec_11_indice,11665.8824,indice,indec,2026-08-05T21:48:05.576542+00:00
AR,2025-10-01,Restaurantes y hoteles (202510),indec_11_variacion_mensual,2.2,%,indec,2026-08-05T21:48:05.576542+00:00
AR,2025-10-01,Restaurantes y hoteles (202510),indec_11_variacion_interanual,45.8,%,indec,2026-08-05T21:48:05.576542+00:00
AR,2025-10-01,Bienes y servicios varios (202510),indec_12_indice,9386.3089,indice,indec,2026-08-05T21:48:05.576542+00:00
AR,2025-10-01,Bienes y servicios varios (202510),indec_12_variacion_mensual,2.4,%,indec,2026-08-05T21:48:05.576542+00:00
AR,2025-10-01,Bienes y servicios varios (202510),indec_12_variacion_interanual,32.0,%,indec,2026-08-05T21:48:05.576542+00:00
AR,2025-10-01,nan (202510),indec_Estacional_indice,8548.5791,indice,indec,2026-08-05T21:48:05.576542+00:00
AR,2025-10-01,nan (202510),indec_Estacional_variacion_mensual,2.8,%,indec,2026-08-05T21:48:05.576542+00:00
AR,2025-10-01,nan (202510),indec_Estacional_variacion_interanual,12.8,%,indec,2026-08-05T21:48:05.576542+00:00
AR,2025-10-01,nan (202510),indec_Núcleo_indice,9827.1413,indice,indec,2026-08-05T21:48:05.576542+00:00
AR,2025-10-01,nan (202510),indec_Núcleo_variacion_mensual,2.2,%,indec,2026-08-05T21:48:05.576542+00:00
AR,2025-10-01,nan (202510),indec_Núcleo_variacion_interanual,33.4,%,indec,2026-08-05T21:48:05.576542+00:00
AR,2025-10-01,nan (202510),indec_Regulados_indice,9474.6115,indice,indec,2026-08-05T21:48:05.576542+00:00
AR,2025-10-01,nan (202510),indec_Regulados_variacion_mensual,2.6,%,indec,2026-08-05T21:48:05.576542+00:00
AR,2025-10-01,nan (202510),indec_Regulados_variacion_interanual,35.2,%,indec,2026-08-05T21:48:05.576542+00:00
AR,2025-10-01,nan (202510),indec_B_indice,9687.5801,indice,indec,2026-08-05T21:48:05.576542+00:00
AR,2025-10-01,nan (202510),indec_B_variacion_mensual,2.3,%,indec,2026-08-05T21:48:05.576542+00:00
AR,2025-10-01,nan (202510),indec_B_variacion_interanual,24.9,%,indec,2026-08-05T21:48:05.576542+00:00
AR,2025-10-01,nan (202510),indec_S_indice,9490.5471,indice,indec,2026-08-05T21:48:05.576542+00:00
AR,2025-10-01,nan (202510),indec_S_variacion_mensual,2.5,%,indec,2026-08-05T21:48:05.576542+00:00
AR,2025-10-01,nan (202510),indec_S_variacion_interanual,46.7,%,indec,2026-08-05T21:48:05.576542+00:00
AR,2025-11-01,NIVEL GENERAL (202511),indec_0_indice,9841.3581,indice,indec,2026-08-05T21:48:05.576542+00:00
AR,2025-11-01,NIVEL GENERAL (202511),indec_0_variacion_mensual,2.5,%,indec,2026-08-05T21:48:05.576542+00:00
AR,2025-11-01,NIVEL GENERAL (202511),indec_0_variacion_interanual,31.4,%,indec,2026-08-05T21:48:05.576542+00:00
AR,2025-11-01,Alimentos y bebidas no alcohólicas (202511),indec_01_indice,10421.9128,indice,indec,2026-08-05T21:48:05.576542+00:00
AR,2025-11-01,Alimentos y bebidas no alcohólicas (202511),indec_01_variacion_mensual,2.8,%,indec,2026-08-05T21:48:05.576542+00:00
AR,2025-11-01,Alimentos y bebidas no alcohólicas (202511),indec_01_variacion_interanual,31.1,%,indec,2026-08-05T21:48:05.576542+00:00
AR,2025-11-01,Bebidas alcohólicas y tabaco (202511),indec_02_indice,7293.6616,indice,indec,2026-08-05T21:48:05.576542+00:00
AR,2025-11-01,Bebidas alcohólicas y tabaco (202511),indec_02_variacion_mensual,1.2,%,indec,2026-08-05T21:48:05.576542+00:00
AR,2025-11-01,Bebidas alcohólicas y tabaco (202511),indec_02_variacion_interanual,24.9,%,indec,2026-08-05T21:48:05.576542+00:00
AR,2025-11-01,Prendas de vestir y calzado (202511),indec_03_indice,7776.5032,indice,indec,2026-08-05T21:48:05.576542+00:00
AR,2025-11-01,Prendas de vestir y calzado (202511),indec_03_variacion_mensual,0.5,%,indec,2026-08-05T21:48:05.576542+00:00
AR,2025-11-01,Prendas de vestir y calzado (202511),indec_03_variacion_interanual,15.8,%,indec,2026-08-05T21:48:05.576542+00:00
AR,2025-11-01,"Vivienda, agua, electricidad, gas y otros combustibles (202511)",indec_04_indice,10213.7353,indice,indec,2026-08-05T21:48:05.576542+00:00
AR,2025-11-01,"Vivienda, agua, electricidad, gas y otros combustibles (202511)",indec_04_variacion_mensual,3.4,%,indec,2026-08-05T21:48:05.576542+00:00
AR,2025-11-01,"Vivienda, agua, electricidad, gas y otros combustibles (202511)",indec_04_variacion_interanual,44.2,%,indec,2026-08-05T21:48:05.576542+00:00
AR,2025-11-01,Equipamiento y mantenimiento del hogar (202511),indec_05_indice,8271.6454,indice,indec,2026-08-05T21:48:05.576542+00:00
AR,2025-11-01,Equipamiento y mantenimiento del hogar (202511),indec_05_variacion_mensual,1.1,%,indec,2026-08-05T21:48:05.576542+00:00
AR,2025-11-01,Equipamiento y mantenimiento del hogar (202511),indec_05_variacion_interanual,18.0,%,indec,2026-08-05T21:48:05.576542+00:00
AR,2025-11-01,Salud (202511),indec_06_indice,11102.6118,indice,indec,2026-08-05T21:48:05.576542+00:00
AR,2025-11-01,Salud (202511),indec_06_variacion_mensual,2.4,%,indec,2026-08-05T21:48:05.576542+00:00
AR,2025-11-01,Salud (202511),indec_06_variacion_interanual,28.2,%,indec,2026-08-05T21:48:05.576542+00:00
AR,2025-11-01,Transporte (202511),indec_07_indice,10299.7148,indice,indec,2026-08-05T21:48:05.576542+00:00
AR,2025-11-01,Transporte (202511),indec_07_variacion_mensual,3.0,%,indec,2026-08-05T21:48:05.576542+00:00
AR,2025-11-01,Transporte (202511),indec_07_variacion_interanual,29.7,%,indec,2026-08-05T21:48:05.576542+00:00
AR,2025-11-01,Comunicación (202511),indec_08_indice,8974.1837,indice,indec,2026-08-05T21:48:05.576542+00:00
AR,2025-11-01,Comunicación (202511),indec_08_variacion_mensual,2.7,%,indec,2026-08-05T21:48:05.576542+00:00
AR,2025-11-01,Comunicación (202511),indec_08_variacion_interanual,37.2,%,indec,2026-08-05T21:48:05.576542+00:00
AR,2025-11-01,Recreación y cultura (202511),indec_09_indice,8892.1372,indice,indec,2026-08-05T21:48:05.576542+00:00
AR,2025-11-01,Recreación y cultura (202511),indec_09_variacion_mensual,2.4,%,indec,2026-08-05T21:48:05.576542+00:00
AR,2025-11-01,Recreación y cultura (202511),indec_09_variacion_interanual,30.8,%,indec,2026-08-05T21:48:05.576542+00:00
AR,2025-11-01,Educación (202511),indec_10_indice,8819.1806,indice,indec,2026-08-05T21:48:05.576542+00:00
AR,2025-11-01,Educación (202511),indec_10_variacion_mensual,2.2,%,indec,2026-08-05T21:48:05.576542+00:00
AR,2025-11-01,Educación (202511),indec_10_variacion_interanual,55.1,%,indec,2026-08-05T21:48:05.576542+00:00
AR,2025-11-01,Restaurantes y hoteles (202511),indec_11_indice,11952.2159,indice,indec,2026-08-05T21:48:05.576542+00:00
AR,2025-11-01,Restaurantes y hoteles (202511),indec_11_variacion_mensual,2.5,%,indec,2026-08-05T21:48:05.576542+00:00
AR,2025-11-01,Restaurantes y hoteles (202511),indec_11_variacion_interanual,44.2,%,indec,2026-08-05T21:48:05.576542+00:00
AR,2025-11-01,Bienes y servicios varios (202511),indec_12_indice,9621.3785,indice,indec,2026-08-05T21:48:05.576542+00:00
AR,2025-11-01,Bienes y servicios varios (202511),indec_12_variacion_mensual,2.5,%,indec,2026-08-05T21:48:05.576542+00:00
AR,2025-11-01,Bienes y servicios varios (202511),indec_12_variacion_interanual,32.2,%,indec,2026-08-05T21:48:05.576542+00:00
AR,2025-11-01,nan (202511),indec_Estacional_indice,8584.9379,indice,indec,2026-08-05T21:48:05.576542+00:00
AR,2025-11-01,nan (202511),indec_Estacional_variacion_mensual,0.4,%,indec,2026-08-05T21:48:05.576542+00:00
AR,2025-11-01,nan (202511),indec_Estacional_variacion_interanual,14.6,%,indec,2026-08-05T21:48:05.576542+00:00
AR,2025-11-01,nan (202511),indec_Núcleo_indice,10086.4793,indice,indec,2026-08-05T21:48:05.576542+00:00
AR,2025-11-01,nan (202511),indec_Núcleo_variacion_mensual,2.6,%,indec,2026-08-05T21:48:05.576542+00:00
AR,2025-11-01,nan (202511),indec_Núcleo_variacion_interanual,33.3,%,indec,2026-08-05T21:48:05.576542+00:00
AR,2025-11-01,nan (202511),indec_Regulados_indice,9748.309,indice,indec,2026-08-05T21:48:05.576542+00:00
AR,2025-11-01,nan (202511),indec_Regulados_variacion_mensual,2.9,%,indec,2026-08-05T21:48:05.576542+00:00
AR,2025-11-01,nan (202511),indec_Regulados_variacion_interanual,34.3,%,indec,2026-08-05T21:48:05.576542+00:00
AR,2025-11-01,nan (202511),indec_B_indice,9908.218,indice,indec,2026-08-05T21:48:05.576542+00:00
AR,2025-11-01,nan (202511),indec_B_variacion_mensual,2.3,%,indec,2026-08-05T21:48:05.576542+00:00
AR,2025-11-01,nan (202511),indec_B_variacion_interanual,25.7,%,indec,2026-08-05T21:48:05.576542+00:00
AR,2025-11-01,nan (202511),indec_S_indice,9762.7718,indice,indec,2026-08-05T21:48:05.576542+00:00
AR,2025-11-01,nan (202511),indec_S_variacion_mensual,2.9,%,indec,2026-08-05T21:48:05.576542+00:00
AR,2025-11-01,nan (202511),indec_S_variacion_interanual,44.6,%,indec,2026-08-05T21:48:05.576542+00:00
AR,2025-12-01,NIVEL GENERAL (202512),indec_0_indice,10121.3715,indice,indec,2026-08-05T21:48:05.576542+00:00
AR,2025-12-01,NIVEL GENERAL (202512),indec_0_variacion_mensual,2.8,%,indec,2026-08-05T21:48:05.576542+00:00
AR,2025-12-01,NIVEL GENERAL (202512),indec_0_variacion_interanual,31.5,%,indec,2026-08-05T21:48:05.576542+00:00
AR,2025-12-01,Alimentos y bebidas no alcohólicas (202512),indec_01_indice,10748.4071,indice,indec,2026-08-05T21:48:05.576542+00:00
AR,2025-12-01,Alimentos y bebidas no alcohólicas (202512),indec_01_variacion_mensual,3.1,%,indec,2026-08-05T21:48:05.576542+00:00
AR,2025-12-01,Alimentos y bebidas no alcohólicas (202512),indec_01_variacion_interanual,32.2,%,indec,2026-08-05T21:48:05.576542+00:00
AR,2025-12-01,Bebidas alcohólicas y tabaco (202512),indec_02_indice,7499.3541,indice,indec,2026-08-05T21:48:05.576542+00:00
AR,2025-12-01,Bebidas alcohólicas y tabaco (202512),indec_02_variacion_mensual,2.8,%,indec,2026-08-05T21:48:05.576542+00:00
AR,2025-12-01,Bebidas alcohólicas y tabaco (202512),indec_02_variacion_interanual,25.2,%,indec,2026-08-05T21:48:05.576542+00:00
AR,2025-12-01,Prendas de vestir y calzado (202512),indec_03_indice,7861.3245,indice,indec,2026-08-05T21:48:05.576542+00:00
AR,2025-12-01,Prendas de vestir y calzado (202512),indec_03_variacion_mensual,1.1,%,indec,2026-08-05T21:48:05.576542+00:00
AR,2025-12-01,Prendas de vestir y calzado (202512),indec_03_variacion_interanual,15.3,%,indec,2026-08-05T21:48:05.576542+00:00
AR,2025-12-01,"Vivienda, agua, electricidad, gas y otros combustibles (202512)",indec_04_indice,10561.7634,indice,indec,2026-08-05T21:48:05.576542+00:00
AR,2025-12-01,"Vivienda, agua, electricidad, gas y otros combustibles (202512)",indec_04_variacion_mensual,3.4,%,indec,2026-08-05T21:48:05.576542+00:00
AR,2025-12-01,"Vivienda, agua, electricidad, gas y otros combustibles (202512)",indec_04_variacion_interanual,41.6,%,indec,2026-08-05T21:48:05.576542+00:00
AR,2025-12-01,Equipamiento y mantenimiento del hogar (202512),indec_05_indice,8436.8959,indice,indec,2026-08-05T21:48:05.576542+00:00
AR,2025-12-01,Equipamiento y mantenimiento del hogar (202512),indec_05_variacion_mensual,2.0,%,indec,2026-08-05T21:48:05.576542+00:00
AR,2025-12-01,Equipamiento y mantenimiento del hogar (202512),indec_05_variacion_interanual,19.3,%,indec,2026-08-05T21:48:05.576542+00:00
AR,2025-12-01,Salud (202512),indec_06_indice,11335.1633,indice,indec,2026-08-05T21:48:05.576542+00:00
AR,2025-12-01,Salud (202512),indec_06_variacion_mensual,2.1,%,indec,2026-08-05T21:48:05.576542+00:00
AR,2025-12-01,Salud (202512),indec_06_variacion_interanual,28.2,%,indec,2026-08-05T21:48:05.576542+00:00
AR,2025-12-01,Transporte (202512),indec_07_indice,10712.0821,indice,indec,2026-08-05T21:48:05.576542+00:00
AR,2025-12-01,Transporte (202512),indec_07_variacion_mensual,4.0,%,indec,2026-08-05T21:48:05.576542+00:00
AR,2025-12-01,Transporte (202512),indec_07_variacion_interanual,32.0,%,indec,2026-08-05T21:48:05.576542+00:00
AR,2025-12-01,Comunicación (202512),indec_08_indice,9271.0637,indice,indec,2026-08-05T21:48:05.576542+00:00
AR,2025-12-01,Comunicación (202512),indec_08_variacion_mensual,3.3,%,indec,2026-08-05T21:48:05.576542+00:00
AR,2025-12-01,Comunicación (202512),indec_08_variacion_interanual,35.0,%,indec,2026-08-05T21:48:05.576542+00:00
AR,2025-12-01,Recreación y cultura (202512),indec_09_indice,9118.0448,indice,indec,2026-08-05T21:48:05.576542+00:00
AR,2025-12-01,Recreación y cultura (202512),indec_09_variacion_mensual,2.5,%,indec,2026-08-05T21:48:05.576542+00:00
AR,2025-12-01,Recreación y cultura (202512),indec_09_variacion_interanual,30.5,%,indec,2026-08-05T21:48:05.576542+00:00
AR,2025-12-01,Educación (202512),indec_10_indice,8851.3058,indice,indec,2026-08-05T21:48:05.576542+00:00
AR,2025-12-01,Educación (202512),indec_10_variacion_mensual,0.4,%,indec,2026-08-05T21:48:05.576542+00:00
AR,2025-12-01,Educación (202512),indec_10_variacion_interanual,52.3,%,indec,2026-08-05T21:48:05.576542+00:00
AR,2025-12-01,Restaurantes y hoteles (202512),indec_11_indice,12333.0229,indice,indec,2026-08-05T21:48:05.576542+00:00
AR,2025-12-01,Restaurantes y hoteles (202512),indec_11_variacion_mensual,3.2,%,indec,2026-08-05T21:48:05.576542+00:00
AR,2025-12-01,Restaurantes y hoteles (202512),indec_11_variacion_interanual,42.2,%,indec,2026-08-05T21:48:05.576542+00:00
AR,2025-12-01,Bienes y servicios varios (202512),indec_12_indice,9875.41,indice,indec,2026-08-05T21:48:05.576542+00:00
AR,2025-12-01,Bienes y servicios varios (202512),indec_12_variacion_mensual,2.6,%,indec,2026-08-05T21:48:05.576542+00:00
AR,2025-12-01,Bienes y servicios varios (202512),indec_12_variacion_interanual,32.9,%,indec,2026-08-05T21:48:05.576542+00:00
AR,2025-12-01,nan (202512),indec_Estacional_indice,8637.1055,indice,indec,2026-08-05T21:48:05.576542+00:00
AR,2025-12-01,nan (202512),indec_Estacional_variacion_mensual,0.6,%,indec,2026-08-05T21:48:05.576542+00:00
AR,2025-12-01,nan (202512),indec_Estacional_variacion_interanual,17.0,%,indec,2026-08-05T21:48:05.576542+00:00
AR,2025-12-01,nan (202512),indec_Núcleo_indice,10392.4922,indice,indec,2026-08-05T21:48:05.576542+00:00
AR,2025-12-01,nan (202512),indec_Núcleo_variacion_mensual,3.0,%,indec,2026-08-05T21:48:05.576542+00:00
AR,2025-12-01,nan (202512),indec_Núcleo_variacion_interanual,33.1,%,indec,2026-08-05T21:48:05.576542+00:00
AR,2025-12-01,nan (202512),indec_Regulados_indice,10069.0986,indice,indec,2026-08-05T21:48:05.576542+00:00
AR,2025-12-01,nan (202512),indec_Regulados_variacion_mensual,3.3,%,indec,2026-08-05T21:48:05.576542+00:00
AR,2025-12-01,nan (202512),indec_Regulados_variacion_interanual,34.2,%,indec,2026-08-05T21:48:05.576542+00:00
AR,2025-12-01,nan (202512),indec_B_indice,10162.6429,indice,indec,2026-08-05T21:48:05.576542+00:00
AR,2025-12-01,nan (202512),indec_B_variacion_mensual,2.6,%,indec,2026-08-05T21:48:05.576542+00:00
AR,2025-12-01,nan (202512),indec_B_variacion_interanual,26.5,%,indec,2026-08-05T21:48:05.576542+00:00
AR,2025-12-01,nan (202512),indec_S_indice,10090.5744,indice,indec,2026-08-05T21:48:05.576542+00:00
AR,2025-12-01,nan (202512),indec_S_variacion_mensual,3.4,%,indec,2026-08-05T21:48:05.576542+00:00
AR,2025-12-01,nan (202512),indec_S_variacion_interanual,43.1,%,indec,2026-08-05T21:48:05.576542+00:00
AR,2026-01-01,NIVEL GENERAL (202601),indec_0_indice,10413.0309,indice,indec,2026-08-05T21:48:05.576542+00:00
AR,2026-01-01,NIVEL GENERAL (202601),indec_0_variacion_mensual,2.9,%,indec,2026-08-05T21:48:05.576542+00:00
AR,2026-01-01,NIVEL GENERAL (202601),indec_0_variacion_interanual,32.4,%,indec,2026-08-05T21:48:05.576542+00:00
AR,2026-01-01,Alimentos y bebidas no alcohólicas (202601),indec_01_indice,11251.1166,indice,indec,2026-08-05T21:48:05.576542+00:00
AR,2026-01-01,Alimentos y bebidas no alcohólicas (202601),indec_01_variacion_mensual,4.7,%,indec,2026-08-05T21:48:05.576542+00:00
AR,2026-01-01,Alimentos y bebidas no alcohólicas (202601),indec_01_variacion_interanual,35.9,%,indec,2026-08-05T21:48:05.576542+00:00
AR,2026-01-01,Bebidas alcohólicas y tabaco (202601),indec_02_indice,7612.5319,indice,indec,2026-08-05T21:48:05.576542+00:00
AR,2026-01-01,Bebidas alcohólicas y tabaco (202601),indec_02_variacion_mensual,1.5,%,indec,2026-08-05T21:48:05.576542+00:00
AR,2026-01-01,Bebidas alcohólicas y tabaco (202601),indec_02_variacion_interanual,24.1,%,indec,2026-08-05T21:48:05.576542+00:00
AR,2026-01-01,Prendas de vestir y calzado (202601),indec_03_indice,7825.2642,indice,indec,2026-08-05T21:48:05.576542+00:00
AR,2026-01-01,Prendas de vestir y calzado (202601),indec_03_variacion_mensual,-0.5,%,indec,2026-08-05T21:48:05.576542+00:00
AR,2026-01-01,Prendas de vestir y calzado (202601),indec_03_variacion_interanual,15.6,%,indec,2026-08-05T21:48:05.576542+00:00
AR,2026-01-01,"Vivienda, agua, electricidad, gas y otros combustibles (202601)",indec_04_indice,10879.7233,indice,indec,2026-08-05T21:48:05.576542+00:00
AR,2026-01-01,"Vivienda, agua, electricidad, gas y otros combustibles (202601)",indec_04_variacion_mensual,3.0,%,indec,2026-08-05T21:48:05.576542+00:00
AR,2026-01-01,"Vivienda, agua, electricidad, gas y otros combustibles (202601)",indec_04_variacion_interanual,40.2,%,indec,2026-08-05T21:48:05.576542+00:00
AR,2026-01-01,Equipamiento y mantenimiento del hogar (202601),indec_05_indice,8591.3743,indice,indec,2026-08-05T21:48:05.576542+00:00
AR,2026-01-01,Equipamiento y mantenimiento del hogar (202601),indec_05_variacion_mensual,1.8,%,indec,2026-08-05T21:48:05.576542+00:00
AR,2026-01-01,Equipamiento y mantenimiento del hogar (202601),indec_05_variacion_interanual,19.5,%,indec,2026-08-05T21:48:05.576542+00:00
AR,2026-01-01,Salud (202601),indec_06_indice,11600.3264,indice,indec,2026-08-05T21:48:05.576542+00:00
AR,2026-01-01,Salud (202601),indec_06_variacion_mensual,2.3,%,indec,2026-08-05T21:48:05.576542+00:00
AR,2026-01-01,Salud (202601),indec_06_variacion_interanual,28.2,%,indec,2026-08-05T21:48:05.576542+00:00
AR,2026-01-01,Transporte (202601),indec_07_indice,10909.2325,indice,indec,2026-08-05T21:48:05.576542+00:00
AR,2026-01-01,Transporte (202601),indec_07_variacion_mensual,1.8,%,indec,2026-08-05T21:48:05.576542+00:00
AR,2026-01-01,Transporte (202601),indec_07_variacion_interanual,32.8,%,indec,2026-08-05T21:48:05.576542+00:00
AR,2026-01-01,Comunicación (202601),indec_08_indice,9607.476,indice,indec,2026-08-05T21:48:05.576542+00:00
AR,2026-01-01,Comunicación (202601),indec_08_variacion_mensual,3.6,%,indec,2026-08-05T21:48:05.576542+00:00
AR,2026-01-01,Comunicación (202601),indec_08_variacion_interanual,36.7,%,indec,2026-08-05T21:48:05.576542+00:00
AR,2026-01-01,Recreación y cultura (202601),indec_09_indice,9211.9913,indice,indec,2026-08-05T21:48:05.576542+00:00
AR,2026-01-01,Recreación y cultura (202601),indec_09_variacion_mensual,1.0,%,indec,2026-08-05T21:48:05.576542+00:00
AR,2026-01-01,Recreación y cultura (202601),indec_09_variacion_interanual,28.6,%,indec,2026-08-05T21:48:05.576542+00:00
AR,2026-01-01,Educación (202601),indec_10_indice,8906.6187,indice,indec,2026-08-05T21:48:05.576542+00:00
AR,2026-01-01,Educación (202601),indec_10_variacion_mensual,0.6,%,indec,2026-08-05T21:48:05.576542+00:00
AR,2026-01-01,Educación (202601),indec_10_variacion_interanual,52.4,%,indec,2026-08-05T21:48:05.576542+00:00
AR,2026-01-01,Restaurantes y hoteles (202601),indec_11_indice,12843.2705,indice,indec,2026-08-05T21:48:05.576542+00:00
AR,2026-01-01,Restaurantes y hoteles (202601),indec_11_variacion_mensual,4.1,%,indec,2026-08-05T21:48:05.576542+00:00
AR,2026-01-01,Restaurantes y hoteles (202601),indec_11_variacion_interanual,40.6,%,indec,2026-08-05T21:48:05.576542+00:00
AR,2026-01-01,Bienes y servicios varios (202601),indec_12_indice,10144.8418,indice,indec,2026-08-05T21:48:05.576542+00:00
AR,2026-01-01,Bienes y servicios varios (202601),indec_12_variacion_mensual,2.7,%,indec,2026-08-05T21:48:05.576542+00:00
AR,2026-01-01,Bienes y servicios varios (202601),indec_12_variacion_interanual,33.2,%,indec,2026-08-05T21:48:05.576542+00:00
AR,2026-01-01,nan (202601),indec_Estacional_indice,9130.0503,indice,indec,2026-08-05T21:48:05.576542+00:00
AR,2026-01-01,nan (202601),indec_Estacional_variacion_mensual,5.7,%,indec,2026-08-05T21:48:05.576542+00:00
AR,2026-01-01,nan (202601),indec_Estacional_variacion_interanual,23.2,%,indec,2026-08-05T21:48:05.576542+00:00
AR,2026-01-01,nan (202601),indec_Núcleo_indice,10665.8531,indice,indec,2026-08-05T21:48:05.576542+00:00
AR,2026-01-01,nan (202601),indec_Núcleo_variacion_mensual,2.6,%,indec,2026-08-05T21:48:05.576542+00:00
AR,2026-01-01,nan (202601),indec_Núcleo_variacion_interanual,33.4,%,indec,2026-08-05T21:48:05.576542+00:00
AR,2026-01-01,nan (202601),indec_Regulados_indice,10313.8016,indice,indec,2026-08-05T21:48:05.576542+00:00
AR,2026-01-01,nan (202601),indec_Regulados_variacion_mensual,2.4,%,indec,2026-08-05T21:48:05.576542+00:00
AR,2026-01-01,nan (202601),indec_Regulados_variacion_interanual,34.0,%,indec,2026-08-05T21:48:05.576542+00:00
AR,2026-01-01,nan (202601),indec_B_indice,10447.6709,indice,indec,2026-08-05T21:48:05.576542+00:00
AR,2026-01-01,nan (202601),indec_B_variacion_mensual,2.8,%,indec,2026-08-05T21:48:05.576542+00:00
AR,2026-01-01,nan (202601),indec_B_variacion_interanual,28.1,%,indec,2026-08-05T21:48:05.576542+00:00
AR,2026-01-01,nan (202601),indec_S_indice,10401.8561,indice,indec,2026-08-05T21:48:05.576542+00:00
AR,2026-01-01,nan (202601),indec_S_variacion_mensual,3.1,%,indec,2026-08-05T21:48:05.576542+00:00
AR,2026-01-01,nan (202601),indec_S_variacion_interanual,42.1,%,indec,2026-08-05T21:48:05.576542+00:00
AR,2026-02-01,NIVEL GENERAL (202602),indec_0_indice,10714.6255,indice,indec,2026-08-05T21:48:05.576542+00:00
AR,2026-02-01,NIVEL GENERAL (202602),indec_0_variacion_mensual,2.9,%,indec,2026-08-05T21:48:05.576542+00:00
AR,2026-02-01,NIVEL GENERAL (202602),indec_0_variacion_interanual,33.1,%,indec,2026-08-05T21:48:05.576542+00:00
AR,2026-02-01,Alimentos y bebidas no alcohólicas (202602),indec_01_indice,11624.9808,indice,indec,2026-08-05T21:48:05.576542+00:00
AR,2026-02-01,Alimentos y bebidas no alcohólicas (202602),indec_01_variacion_mensual,3.3,%,indec,2026-08-05T21:48:05.576542+00:00
AR,2026-02-01,Alimentos y bebidas no alcohólicas (202602),indec_01_variacion_interanual,36.0,%,indec,2026-08-05T21:48:05.576542+00:00
AR,2026-02-01,Bebidas alcohólicas y tabaco (202602),indec_02_indice,7659.9125,indice,indec,2026-08-05T21:48:05.576542+00:00
AR,2026-02-01,Bebidas alcohólicas y tabaco (202602),indec_02_variacion_mensual,0.6,%,indec,2026-08-05T21:48:05.576542+00:00
AR,2026-02-01,Bebidas alcohólicas y tabaco (202602),indec_02_variacion_interanual,23.3,%,indec,2026-08-05T21:48:05.576542+00:00
AR,2026-02-01,Prendas de vestir y calzado (202602),indec_03_indice,7824.4543,indice,indec,2026-08-05T21:48:05.576542+00:00
AR,2026-02-01,Prendas de vestir y calzado (202602),indec_03_variacion_mensual,0.0,%,indec,2026-08-05T21:48:05.576542+00:00
AR,2026-02-01,Prendas de vestir y calzado (202602),indec_03_variacion_interanual,15.1,%,indec,2026-08-05T21:48:05.576542+00:00
AR,2026-02-01,"Vivienda, agua, electricidad, gas y otros combustibles (202602)",indec_04_indice,11614.1853,indice,indec,2026-08-05T21:48:05.576542+00:00
AR,2026-02-01,"Vivienda, agua, electricidad, gas y otros combustibles (202602)",indec_04_variacion_mensual,6.8,%,indec,2026-08-05T21:48:05.576542+00:00
AR,2026-02-01,"Vivienda, agua, electricidad, gas y otros combustibles (202602)",indec_04_variacion_interanual,44.3,%,indec,2026-08-05T21:48:05.576542+00:00
AR,2026-02-01,Equipamiento y mantenimiento del hogar (202602),indec_05_indice,8811.537,indice,indec,2026-08-05T21:48:05.576542+00:00
AR,2026-02-01,Equipamiento y mantenimiento del hogar (202602),indec_05_variacion_mensual,2.6,%,indec,2026-08-05T21:48:05.576542+00:00
AR,2026-02-01,Equipamiento y mantenimiento del hogar (202602),indec_05_variacion_interanual,21.4,%,indec,2026-08-05T21:48:05.576542+00:00
AR,2026-02-01,Salud (202602),indec_06_indice,11886.5002,indice,indec,2026-08-05T21:48:05.576542+00:00
AR,2026-02-01,Salud (202602),indec_06_variacion_mensual,2.5,%,indec,2026-08-05T21:48:05.576542+00:00
AR,2026-02-01,Salud (202602),indec_06_variacion_interanual,28.7,%,indec,2026-08-05T21:48:05.576542+00:00
AR,2026-02-01,Transporte (202602),indec_07_indice,11124.8788,indice,indec,2026-08-05T21:48:05.576542+00:00
AR,2026-02-01,Transporte (202602),indec_07_variacion_mensual,2.0,%,indec,2026-08-05T21:48:05.576542+00:00
AR,2026-02-01,Transporte (202602),indec_07_variacion_interanual,33.1,%,indec,2026-08-05T21:48:05.576542+00:00
AR,2026-02-01,Comunicación (202602),indec_08_indice,9784.5611,indice,indec,2026-08-05T21:48:05.576542+00:00
AR,2026-02-01,Comunicación (202602),indec_08_variacion_mensual,1.8,%,indec,2026-08-05T21:48:05.576542+00:00
AR,2026-02-01,Comunicación (202602),indec_08_variacion_interanual,36.1,%,indec,2026-08-05T21:48:05.576542+00:00
AR,2026-02-01,Recreación y cultura (202602),indec_09_indice,9427.9443,indice,indec,2026-08-05T21:48:05.576542+00:00
AR,2026-02-01,Recreación y cultura (202602),indec_09_variacion_mensual,2.3,%,indec,2026-08-05T21:48:05.576542+00:00
AR,2026-02-01,Recreación y cultura (202602),indec_09_variacion_interanual,27.9,%,indec,2026-08-05T21:48:05.576542+00:00
AR,2026-02-01,Educación (202602),indec_10_indice,9010.4,indice,indec,2026-08-05T21:48:05.576542+00:00
AR,2026-02-01,Educación (202602),indec_10_variacion_mensual,1.2,%,indec,2026-08-05T21:48:05.576542+00:00
AR,2026-02-01,Educación (202602),indec_10_variacion_interanual,50.7,%,indec,2026-08-05T21:48:05.576542+00:00
AR,2026-02-01,Restaurantes y hoteles (202602),indec_11_indice,13228.6515,indice,indec,2026-08-05T21:48:05.576542+00:00
AR,2026-02-01,Restaurantes y hoteles (202602),indec_11_variacion_mensual,3.0,%,indec,2026-08-05T21:48:05.576542+00:00
AR,2026-02-01,Restaurantes y hoteles (202602),indec_11_variacion_interanual,41.6,%,indec,2026-08-05T21:48:05.576542+00:00
AR,2026-02-01,Bienes y servicios varios (202602),indec_12_indice,10476.9884,indice,indec,2026-08-05T21:48:05.576542+00:00
AR,2026-02-01,Bienes y servicios varios (202602),indec_12_variacion_mensual,3.3,%,indec,2026-08-05T21:48:05.576542+00:00
AR,2026-02-01,Bienes y servicios varios (202602),indec_12_variacion_interanual,33.7,%,indec,2026-08-05T21:48:05.576542+00:00
AR,2026-02-01,nan (202602),indec_Estacional_indice,9013.6124,indice,indec,2026-08-05T21:48:05.576542+00:00
AR,2026-02-01,nan (202602),indec_Estacional_variacion_mensual,-1.3,%,indec,2026-08-05T21:48:05.576542+00:00
AR,2026-02-01,nan (202602),indec_Estacional_variacion_interanual,22.6,%,indec,2026-08-05T21:48:05.576542+00:00
AR,2026-02-01,nan (202602),indec_Núcleo_indice,10993.8681,indice,indec,2026-08-05T21:48:05.576542+00:00
AR,2026-02-01,nan (202602),indec_Núcleo_variacion_mensual,3.1,%,indec,2026-08-05T21:48:05.576542+00:00
AR,2026-02-01,nan (202602),indec_Núcleo_variacion_interanual,33.6,%,indec,2026-08-05T21:48:05.576542+00:00
AR,2026-02-01,nan (202602),indec_Regulados_indice,10752.23,indice,indec,2026-08-05T21:48:05.576542+00:00
AR,2026-02-01,nan (202602),indec_Regulados_variacion_mensual,4.3,%,indec,2026-08-05T21:48:05.576542+00:00
AR,2026-02-01,nan (202602),indec_Regulados_variacion_interanual,36.5,%,indec,2026-08-05T21:48:05.576542+00:00
AR,2026-02-01,nan (202602),indec_B_indice,10692.0487,indice,indec,2026-08-05T21:48:05.576542+00:00
AR,2026-02-01,nan (202602),indec_B_variacion_mensual,2.3,%,indec,2026-08-05T21:48:05.576542+00:00
AR,2026-02-01,nan (202602),indec_B_variacion_interanual,28.4,%,indec,2026-08-05T21:48:05.576542+00:00
AR,2026-02-01,nan (202602),indec_S_indice,10822.7791,indice,indec,2026-08-05T21:48:05.576542+00:00
AR,2026-02-01,nan (202602),indec_S_variacion_mensual,4.0,%,indec,2026-08-05T21:48:05.576542+00:00
AR,2026-02-01,nan (202602),indec_S_variacion_interanual,43.4,%,indec,2026-08-05T21:48:05.576542+00:00
AR,2026-03-01,NIVEL GENERAL (202603),indec_0_indice,11077.0608,indice,indec,2026-08-05T21:48:05.576542+00:00
AR,2026-03-01,NIVEL GENERAL (202603),indec_0_variacion_mensual,3.4,%,indec,2026-08-05T21:48:05.576542+00:00
AR,2026-03-01,NIVEL GENERAL (202603),indec_0_variacion_interanual,32.6,%,indec,2026-08-05T21:48:05.576542+00:00
AR,2026-03-01,Alimentos y bebidas no alcohólicas (202603),indec_01_indice,12014.7,indice,indec,2026-08-05T21:48:05.576542+00:00
AR,2026-03-01,Alimentos y bebidas no alcohólicas (202603),indec_01_variacion_mensual,3.4,%,indec,2026-08-05T21:48:05.576542+00:00
AR,2026-03-01,Alimentos y bebidas no alcohólicas (202603),indec_01_variacion_interanual,32.7,%,indec,2026-08-05T21:48:05.576542+00:00
AR,2026-03-01,Bebidas alcohólicas y tabaco (202603),indec_02_indice,7823.3561,indice,indec,2026-08-05T21:48:05.576542+00:00
AR,2026-03-01,Bebidas alcohólicas y tabaco (202603),indec_02_variacion_mensual,2.1,%,indec,2026-08-05T21:48:05.576542+00:00
AR,2026-03-01,Bebidas alcohólicas y tabaco (202603),indec_02_variacion_interanual,24.9,%,indec,2026-08-05T21:48:05.576542+00:00
AR,2026-03-01,Prendas de vestir y calzado (202603),indec_03_indice,8067.5324,indice,indec,2026-08-05T21:48:05.576542+00:00
AR,2026-03-01,Prendas de vestir y calzado (202603),indec_03_variacion_mensual,3.1,%,indec,2026-08-05T21:48:05.576542+00:00
AR,2026-03-01,Prendas de vestir y calzado (202603),indec_03_variacion_interanual,13.4,%,indec,2026-08-05T21:48:05.576542+00:00
AR,2026-03-01,"Vivienda, agua, electricidad, gas y otros combustibles (202603)",indec_04_indice,12045.2252,indice,indec,2026-08-05T21:48:05.576542+00:00
AR,2026-03-01,"Vivienda, agua, electricidad, gas y otros combustibles (202603)",indec_04_variacion_mensual,3.7,%,indec,2026-08-05T21:48:05.576542+00:00
AR,2026-03-01,"Vivienda, agua, electricidad, gas y otros combustibles (202603)",indec_04_variacion_interanual,45.5,%,indec,2026-08-05T21:48:05.576542+00:00
AR,2026-03-01,Equipamiento y mantenimiento del hogar (202603),indec_05_indice,8925.2054,indice,indec,2026-08-05T21:48:05.576542+00:00
AR,2026-03-01,Equipamiento y mantenimiento del hogar (202603),indec_05_variacion_mensual,1.3,%,indec,2026-08-05T21:48:05.576542+00:00
AR,2026-03-01,Equipamiento y mantenimiento del hogar (202603),indec_05_variacion_interanual,21.1,%,indec,2026-08-05T21:48:05.576542+00:00
AR,2026-03-01,Salud (202603),indec_06_indice,12201.3116,indice,indec,2026-08-05T21:48:05.576542+00:00
AR,2026-03-01,Salud (202603),indec_06_variacion_mensual,2.6,%,indec,2026-08-05T21:48:05.576542+00:00
AR,2026-03-01,Salud (202603),indec_06_variacion_interanual,29.7,%,indec,2026-08-05T21:48:05.576542+00:00
AR,2026-03-01,Transporte (202603),indec_07_indice,11583.956,indice,indec,2026-08-05T21:48:05.576542+00:00
AR,2026-03-01,Transporte (202603),indec_07_variacion_mensual,4.1,%,indec,2026-08-05T21:48:05.576542+00:00
AR,2026-03-01,Transporte (202603),indec_07_variacion_interanual,36.2,%,indec,2026-08-05T21:48:05.576542+00:00
AR,2026-03-01,Comunicación (202603),indec_08_indice,10069.9375,indice,indec,2026-08-05T21:48:05.576542+00:00
AR,2026-03-01,Comunicación (202603),indec_08_variacion_mensual,2.9,%,indec,2026-08-05T21:48:05.576542+00:00
AR,2026-03-01,Comunicación (202603),indec_08_variacion_interanual,36.6,%,indec,2026-08-05T21:48:05.576542+00:00
AR,2026-03-01,Recreación y cultura (202603),indec_09_indice,9763.4636,indice,indec,2026-08-05T21:48:05.576542+00:00
AR,2026-03-01,Recreación y cultura (202603),indec_09_variacion_mensual,3.6,%,indec,2026-08-05T21:48:05.576542+00:00
AR,2026-03-01,Recreación y cultura (202603),indec_09_variacion_interanual,32.3,%,indec,2026-08-05T21:48:05.576542+00:00
AR,2026-03-01,Educación (202603),indec_10_indice,10103.1575,indice,indec,2026-08-05T21:48:05.576542+00:00
AR,2026-03-01,Educación (202603),indec_10_variacion_mensual,12.1,%,indec,2026-08-05T21:48:05.576542+00:00
AR,2026-03-01,Educación (202603),indec_10_variacion_interanual,38.9,%,indec,2026-08-05T21:48:05.576542+00:00
AR,2026-03-01,Restaurantes y hoteles (202603),indec_11_indice,13684.7468,indice,indec,2026-08-05T21:48:05.576542+00:00
AR,2026-03-01,Restaurantes y hoteles (202603),indec_11_variacion_mensual,3.4,%,indec,2026-08-05T21:48:05.576542+00:00
AR,2026-03-01,Restaurantes y hoteles (202603),indec_11_variacion_interanual,41.0,%,indec,2026-08-05T21:48:05.576542+00:00
AR,2026-03-01,Bienes y servicios varios (202603),indec_12_indice,10653.9253,indice,indec,2026-08-05T21:48:05.576542+00:00
AR,2026-03-01,Bienes y servicios varios (202603),indec_12_variacion_mensual,1.7,%,indec,2026-08-05T21:48:05.576542+00:00
AR,2026-03-01,Bienes y servicios varios (202603),indec_12_variacion_interanual,31.8,%,indec,2026-08-05T21:48:05.576542+00:00
AR,2026-03-01,nan (202603),indec_Estacional_indice,9107.887,indice,indec,2026-08-05T21:48:05.576542+00:00
AR,2026-03-01,nan (202603),indec_Estacional_variacion_mensual,1.0,%,indec,2026-08-05T21:48:05.576542+00:00
AR,2026-03-01,nan (202603),indec_Estacional_variacion_interanual,14.3,%,indec,2026-08-05T21:48:05.576542+00:00
AR,2026-03-01,nan (202603),indec_Núcleo_indice,11344.4566,indice,indec,2026-08-05T21:48:05.576542+00:00
AR,2026-03-01,nan (202603),indec_Núcleo_variacion_mensual,3.2,%,indec,2026-08-05T21:48:05.576542+00:00
AR,2026-03-01,nan (202603),indec_Núcleo_variacion_interanual,33.6,%,indec,2026-08-05T21:48:05.576542+00:00
AR,2026-03-01,nan (202603),indec_Regulados_indice,11298.7045,indice,indec,2026-08-05T21:48:05.576542+00:00
AR,2026-03-01,nan (202603),indec_Regulados_variacion_mensual,5.1,%,indec,2026-08-05T21:48:05.576542+00:00
AR,2026-03-01,nan (202603),indec_Regulados_variacion_interanual,39.0,%,indec,2026-08-05T21:48:05.576542+00:00
AR,2026-03-01,nan (202603),indec_B_indice,11012.1275,indice,indec,2026-08-05T21:48:05.576542+00:00
AR,2026-03-01,nan (202603),indec_B_variacion_mensual,3.0,%,indec,2026-08-05T21:48:05.576542+00:00
AR,2026-03-01,nan (202603),indec_B_variacion_interanual,27.6,%,indec,2026-08-05T21:48:05.576542+00:00
AR,2026-03-01,nan (202603),indec_S_indice,11271.9282,indice,indec,2026-08-05T21:48:05.576542+00:00
AR,2026-03-01,nan (202603),indec_S_variacion_mensual,4.2,%,indec,2026-08-05T21:48:05.576542+00:00
AR,2026-03-01,nan (202603),indec_S_variacion_interanual,43.7,%,indec,2026-08-05T21:48:05.576542+00:00
AR,2026-04-01,NIVEL GENERAL (202604),indec_0_indice,11363.0904,indice,indec,2026-08-05T21:48:05.576542+00:00
AR,2026-04-01,NIVEL GENERAL (202604),indec_0_variacion_mensual,2.6,%,indec,2026-08-05T21:48:05.576542+00:00
AR,2026-04-01,NIVEL GENERAL (202604),indec_0_variacion_interanual,32.4,%,indec,2026-08-05T21:48:05.576542+00:00
AR,2026-04-01,Alimentos y bebidas no alcohólicas (202604),indec_01_indice,12194.882,indice,indec,2026-08-05T21:48:05.576542+00:00
AR,2026-04-01,Alimentos y bebidas no alcohólicas (202604),indec_01_variacion_mensual,1.5,%,indec,2026-08-05T21:48:05.576542+00:00
AR,2026-04-01,Alimentos y bebidas no alcohólicas (202604),indec_01_variacion_interanual,30.9,%,indec,2026-08-05T21:48:05.576542+00:00
AR,2026-04-01,Bebidas alcohólicas y tabaco (202604),indec_02_indice,7969.9785,indice,indec,2026-08-05T21:48:05.576542+00:00
AR,2026-04-01,Bebidas alcohólicas y tabaco (202604),indec_02_variacion_mensual,1.9,%,indec,2026-08-05T21:48:05.576542+00:00
AR,2026-04-01,Bebidas alcohólicas y tabaco (202604),indec_02_variacion_interanual,23.8,%,indec,2026-08-05T21:48:05.576542+00:00
AR,2026-04-01,Prendas de vestir y calzado (202604),indec_03_indice,8326.6612,indice,indec,2026-08-05T21:48:05.576542+00:00
AR,2026-04-01,Prendas de vestir y calzado (202604),indec_03_variacion_mensual,3.2,%,indec,2026-08-05T21:48:05.576542+00:00
AR,2026-04-01,Prendas de vestir y calzado (202604),indec_03_variacion_interanual,12.7,%,indec,2026-08-05T21:48:05.576542+00:00
AR,2026-04-01,"Vivienda, agua, electricidad, gas y otros combustibles (202604)",indec_04_indice,12470.6962,indice,indec,2026-08-05T21:48:05.576542+00:00
AR,2026-04-01,"Vivienda, agua, electricidad, gas y otros combustibles (202604)",indec_04_variacion_mensual,3.5,%,indec,2026-08-05T21:48:05.576542+00:00
AR,2026-04-01,"Vivienda, agua, electricidad, gas y otros combustibles (202604)",indec_04_variacion_interanual,47.8,%,indec,2026-08-05T21:48:05.576542+00:00
AR,2026-04-01,Equipamiento y mantenimiento del hogar (202604),indec_05_indice,9182.794,indice,indec,2026-08-05T21:48:05.576542+00:00
AR,2026-04-01,Equipamiento y mantenimiento del hogar (202604),indec_05_variacion_mensual,2.9,%,indec,2026-08-05T21:48:05.576542+00:00
AR,2026-04-01,Equipamiento y mantenimiento del hogar (202604),indec_05_variacion_interanual,23.5,%,indec,2026-08-05T21:48:05.576542+00:00
AR,2026-04-01,Salud (202604),indec_06_indice,12508.3899,indice,indec,2026-08-05T21:48:05.576542+00:00
AR,2026-04-01,Salud (202604),indec_06_variacion_mensual,2.5,%,indec,2026-08-05T21:48:05.576542+00:00
AR,2026-04-01,Salud (202604),indec_06_variacion_interanual,29.7,%,indec,2026-08-05T21:48:05.576542+00:00
AR,2026-04-01,Transporte (202604),indec_07_indice,12091.593,indice,indec,2026-08-05T21:48:05.576542+00:00
AR,2026-04-01,Transporte (202604),indec_07_variacion_mensual,4.4,%,indec,2026-08-05T21:48:05.576542+00:00
AR,2026-04-01,Transporte (202604),indec_07_variacion_interanual,39.9,%,indec,2026-08-05T21:48:05.576542+00:00
AR,2026-04-01,Comunicación (202604),indec_08_indice,10478.7314,indice,indec,2026-08-05T21:48:05.576542+00:00
AR,2026-04-01,Comunicación (202604),indec_08_variacion_mensual,4.1,%,indec,2026-08-05T21:48:05.576542+00:00
AR,2026-04-01,Comunicación (202604),indec_08_variacion_interanual,38.3,%,indec,2026-08-05T21:48:05.576542+00:00
AR,2026-04-01,Recreación y cultura (202604),indec_09_indice,9860.2728,indice,indec,2026-08-05T21:48:05.576542+00:00
AR,2026-04-01,Recreación y cultura (202604),indec_09_variacion_mensual,1.0,%,indec,2026-08-05T21:48:05.576542+00:00
AR,2026-04-01,Recreación y cultura (202604),indec_09_variacion_interanual,28.5,%,indec,2026-08-05T21:48:05.576542+00:00
AR,2026-04-01,Educación (202604),indec_10_indice,10532.1344,indice,indec,2026-08-05T21:48:05.576542+00:00
AR,2026-04-01,Educación (202604),indec_10_variacion_mensual,4.2,%,indec,2026-08-05T21:48:05.576542+00:00
AR,2026-04-01,Educación (202604),indec_10_variacion_interanual,41.3,%,indec,2026-08-05T21:48:05.576542+00:00
AR,2026-04-01,Restaurantes y hoteles (202604),indec_11_indice,14041.1974,indice,indec,2026-08-05T21:48:05.576542+00:00
AR,2026-04-01,Restaurantes y hoteles (202604),indec_11_variacion_mensual,2.6,%,indec,2026-08-05T21:48:05.576542+00:00
AR,2026-04-01,Restaurantes y hoteles (202604),indec_11_variacion_interanual,39.0,%,indec,2026-08-05T21:48:05.576542+00:00
AR,2026-04-01,Bienes y servicios varios (202604),indec_12_indice,10914.151,indice,indec,2026-08-05T21:48:05.576542+00:00
AR,2026-04-01,Bienes y servicios varios (202604),indec_12_variacion_mensual,2.4,%,indec,2026-08-05T21:48:05.576542+00:00
AR,2026-04-01,Bienes y servicios varios (202604),indec_12_variacion_interanual,31.7,%,indec,2026-08-05T21:48:05.576542+00:00
AR,2026-04-01,nan (202604),indec_Estacional_indice,9103.5096,indice,indec,2026-08-05T21:48:05.576542+00:00
AR,2026-04-01,nan (202604),indec_Estacional_variacion_mensual,0.0,%,indec,2026-08-05T21:48:05.576542+00:00
AR,2026-04-01,nan (202604),indec_Estacional_variacion_interanual,12.1,%,indec,2026-08-05T21:48:05.576542+00:00
AR,2026-04-01,nan (202604),indec_Núcleo_indice,11603.8447,indice,indec,2026-08-05T21:48:05.576542+00:00
AR,2026-04-01,nan (202604),indec_Núcleo_variacion_mensual,2.3,%,indec,2026-08-05T21:48:05.576542+00:00
AR,2026-04-01,nan (202604),indec_Núcleo_variacion_interanual,32.4,%,indec,2026-08-05T21:48:05.576542+00:00
AR,2026-04-01,nan (202604),indec_Regulados_indice,11828.0421,indice,indec,2026-08-05T21:48:05.576542+00:00
AR,2026-04-01,nan (202604),indec_Regulados_variacion_mensual,4.7,%,indec,2026-08-05T21:48:05.576542+00:00
AR,2026-04-01,nan (202604),indec_Regulados_variacion_interanual,43.0,%,indec,2026-08-05T21:48:05.576542+00:00
AR,2026-04-01,nan (202604),indec_B_indice,11289.6872,indice,indec,2026-08-05T21:48:05.576542+00:00
AR,2026-04-01,nan (202604),indec_B_variacion_mensual,2.5,%,indec,2026-08-05T21:48:05.576542+00:00
AR,2026-04-01,nan (202604),indec_B_variacion_interanual,27.4,%,indec,2026-08-05T21:48:05.576542+00:00
AR,2026-04-01,nan (202604),indec_S_indice,11566.6891,indice,indec,2026-08-05T21:48:05.576542+00:00
AR,2026-04-01,nan (202604),indec_S_variacion_mensual,2.6,%,indec,2026-08-05T21:48:05.576542+00:00
AR,2026-04-01,nan (202604),indec_S_variacion_interanual,43.1,%,indec,2026-08-05T21:48:05.576542+00:00
AR,2026-05-01,NIVEL GENERAL (202605),indec_0_indice,11607.3937,indice,indec,2026-08-05T21:48:05.576542+00:00
AR,2026-05-01,NIVEL GENERAL (202605),indec_0_variacion_mensual,2.1,%,indec,2026-08-05T21:48:05.576542+00:00
AR,2026-05-01,NIVEL GENERAL (202605),indec_0_variacion_interanual,33.2,%,indec,2026-08-05T21:48:05.576542+00:00
AR,2026-05-01,Alimentos y bebidas no alcohólicas (202605),indec_01_indice,12494.9767,indice,indec,2026-08-05T21:48:05.576542+00:00
AR,2026-05-01,Alimentos y bebidas no alcohólicas (202605),indec_01_variacion_mensual,2.5,%,indec,2026-08-05T21:48:05.576542+00:00
AR,2026-05-01,Alimentos y bebidas no alcohólicas (202605),indec_01_variacion_interanual,33.4,%,indec,2026-08-05T21:48:05.576542+00:00
AR,2026-05-01,Bebidas alcohólicas y tabaco (202605),indec_02_indice,8033.2555,indice,indec,2026-08-05T21:48:05.576542+00:00
AR,2026-05-01,Bebidas alcohólicas y tabaco (202605),indec_02_variacion_mensual,0.8,%,indec,2026-08-05T21:48:05.576542+00:00
AR,2026-05-01,Bebidas alcohólicas y tabaco (202605),indec_02_variacion_interanual,24.0,%,indec,2026-08-05T21:48:05.576542+00:00
AR,2026-05-01,Prendas de vestir y calzado (202605),indec_03_indice,8350.2424,indice,indec,2026-08-05T21:48:05.576542+00:00
AR,2026-05-01,Prendas de vestir y calzado (202605),indec_03_variacion_mensual,0.3,%,indec,2026-08-05T21:48:05.576542+00:00
AR,2026-05-01,Prendas de vestir y calzado (202605),indec_03_variacion_interanual,12.0,%,indec,2026-08-05T21:48:05.576542+00:00
AR,2026-05-01,"Vivienda, agua, electricidad, gas y otros combustibles (202605)",indec_04_indice,12790.0776,indice,indec,2026-08-05T21:48:05.576542+00:00
AR,2026-05-01,"Vivienda, agua, electricidad, gas y otros combustibles (202605)",indec_04_variacion_mensual,2.6,%,indec,2026-08-05T21:48:05.576542+00:00
AR,2026-05-01,"Vivienda, agua, electricidad, gas y otros combustibles (202605)",indec_04_variacion_interanual,48.0,%,indec,2026-08-05T21:48:05.576542+00:00
AR,2026-05-01,Equipamiento y mantenimiento del hogar (202605),indec_05_indice,9312.2108,indice,indec,2026-08-05T21:48:05.576542+00:00
AR,2026-05-01,Equipamiento y mantenimiento del hogar (202605),indec_05_variacion_mensual,1.4,%,indec,2026-08-05T21:48:05.576542+00:00
AR,2026-05-01,Equipamiento y mantenimiento del hogar (202605),indec_05_variacion_interanual,23.5,%,indec,2026-08-05T21:48:05.576542+00:00
AR,2026-05-01,Salud (202605),indec_06_indice,12832.0291,indice,indec,2026-08-05T21:48:05.576542+00:00
AR,2026-05-01,Salud (202605),indec_06_variacion_mensual,2.6,%,indec,2026-08-05T21:48:05.576542+00:00
AR,2026-05-01,Salud (202605),indec_06_variacion_interanual,29.5,%,indec,2026-08-05T21:48:05.576542+00:00
AR,2026-05-01,Transporte (202605),indec_07_indice,12330.5017,indice,indec,2026-08-05T21:48:05.576542+00:00
AR,2026-05-01,Transporte (202605),indec_07_variacion_mensual,2.0,%,indec,2026-08-05T21:48:05.576542+00:00
AR,2026-05-01,Transporte (202605),indec_07_variacion_interanual,42.1,%,indec,2026-08-05T21:48:05.576542+00:00
AR,2026-05-01,Comunicación (202605),indec_08_indice,10838.4277,indice,indec,2026-08-05T21:48:05.576542+00:00
AR,2026-05-01,Comunicación (202605),indec_08_variacion_mensual,3.4,%,indec,2026-08-05T21:48:05.576542+00:00
AR,2026-05-01,Comunicación (202605),indec_08_variacion_interanual,37.4,%,indec,2026-08-05T21:48:05.576542+00:00
AR,2026-05-01,Recreación y cultura (202605),indec_09_indice,10132.3705,indice,indec,2026-08-05T21:48:05.576542+00:00
AR,2026-05-01,Recreación y cultura (202605),indec_09_variacion_mensual,2.8,%,indec,2026-08-05T21:48:05.576542+00:00
AR,2026-05-01,Recreación y cultura (202605),indec_09_variacion_interanual,29.8,%,indec,2026-08-05T21:48:05.576542+00:00
AR,2026-05-01,Educación (202605),indec_10_indice,10840.9295,indice,indec,2026-08-05T21:48:05.576542+00:00
AR,2026-05-01,Educación (202605),indec_10_variacion_mensual,2.9,%,indec,2026-08-05T21:48:05.576542+00:00
AR,2026-05-01,Educación (202605),indec_10_variacion_interanual,42.7,%,indec,2026-08-05T21:48:05.576542+00:00
AR,2026-05-01,Restaurantes y hoteles (202605),indec_11_indice,14291.4848,indice,indec,2026-08-05T21:48:05.576542+00:00
AR,2026-05-01,Restaurantes y hoteles (202605),indec_11_variacion_mensual,1.8,%,indec,2026-08-05T21:48:05.576542+00:00
AR,2026-05-01,Restaurantes y hoteles (202605),indec_11_variacion_interanual,37.3,%,indec,2026-08-05T21:48:05.576542+00:00
AR,2026-05-01,Bienes y servicios varios (202605),indec_12_indice,11171.6219,indice,indec,2026-08-05T21:48:05.576542+00:00
AR,2026-05-01,Bienes y servicios varios (202605),indec_12_variacion_mensual,2.4,%,indec,2026-08-05T21:48:05.576542+00:00
AR,2026-05-01,Bienes y servicios varios (202605),indec_12_variacion_interanual,31.4,%,indec,2026-08-05T21:48:05.576542+00:00
AR,2026-05-01,nan (202605),indec_Estacional_indice,9420.5342,indice,indec,2026-08-05T21:48:05.576542+00:00
AR,2026-05-01,nan (202605),indec_Estacional_variacion_mensual,3.5,%,indec,2026-08-05T21:48:05.576542+00:00
AR,2026-05-01,nan (202605),indec_Estacional_variacion_interanual,19.3,%,indec,2026-08-05T21:48:05.576542+00:00
AR,2026-05-01,nan (202605),indec_Núcleo_indice,11824.7213,indice,indec,2026-08-05T21:48:05.576542+00:00
AR,2026-05-01,nan (202605),indec_Núcleo_variacion_mensual,1.9,%,indec,2026-08-05T21:48:05.576542+00:00
AR,2026-05-01,nan (202605),indec_Núcleo_variacion_interanual,32.0,%,indec,2026-08-05T21:48:05.576542+00:00
AR,2026-05-01,nan (202605),indec_Regulados_indice,12111.4533,indice,indec,2026-08-05T21:48:05.576542+00:00
AR,2026-05-01,nan (202605),indec_Regulados_variacion_mensual,2.4,%,indec,2026-08-05T21:48:05.576542+00:00
AR,2026-05-01,nan (202605),indec_Regulados_variacion_interanual,44.5,%,indec,2026-08-05T21:48:05.576542+00:00
AR,2026-05-01,nan (202605),indec_B_indice,11514.1432,indice,indec,2026-08-05T21:48:05.576542+00:00
AR,2026-05-01,nan (202605),indec_B_variacion_mensual,2.0,%,indec,2026-08-05T21:48:05.576542+00:00
AR,2026-05-01,nan (202605),indec_B_variacion_interanual,28.8,%,indec,2026-08-05T21:48:05.576542+00:00
AR,2026-05-01,nan (202605),indec_S_indice,11856.0739,indice,indec,2026-08-05T21:48:05.576542+00:00
AR,2026-05-01,nan (202605),indec_S_variacion_mensual,2.5,%,indec,2026-08-05T21:48:05.576542+00:00
AR,2026-05-01,nan (202605),indec_S_variacion_interanual,42.8,%,indec,2026-08-05T21:48:05.576542+00:00
AR,2026-06-01,NIVEL GENERAL (202606),indec_0_indice,11826.4103,indice,indec,2026-08-05T21:48:05.576542+00:00
AR,2026-06-01,NIVEL GENERAL (202606),indec_0_variacion_mensual,1.9,%,indec,2026-08-05T21:48:05.576542+00:00
AR,2026-06-01,NIVEL GENERAL (202606),indec_0_variacion_interanual,33.5,%,indec,2026-08-05T21:48:05.576542+00:00
AR,2026-06-01,Alimentos y bebidas no alcohólicas (202606),indec_01_indice,12657.4575,indice,indec,2026-08-05T21:48:05.576542+00:00
AR,2026-06-01,Alimentos y bebidas no alcohólicas (202606),indec_01_variacion_mensual,1.3,%,indec,2026-08-05T21:48:05.576542+00:00
AR,2026-06-01,Alimentos y bebidas no alcohólicas (202606),indec_01_variacion_interanual,34.4,%,indec,2026-08-05T21:48:05.576542+00:00
AR,2026-06-01,Bebidas alcohólicas y tabaco (202606),indec_02_indice,8201.663,indice,indec,2026-08-05T21:48:05.576542+00:00
AR,2026-06-01,Bebidas alcohólicas y tabaco (202606),indec_02_variacion_mensual,2.1,%,indec,2026-08-05T21:48:05.576542+00:00
AR,2026-06-01,Bebidas alcohólicas y tabaco (202606),indec_02_variacion_interanual,23.2,%,indec,2026-08-05T21:48:05.576542+00:00
AR,2026-06-01,Prendas de vestir y calzado (202606),indec_03_indice,8384.717,indice,indec,2026-08-05T21:48:05.576542+00:00
AR,2026-06-01,Prendas de vestir y calzado (202606),indec_03_variacion_mensual,0.4,%,indec,2026-08-05T21:48:05.576542+00:00
AR,2026-06-01,Prendas de vestir y calzado (202606),indec_03_variacion_interanual,11.9,%,indec,2026-08-05T21:48:05.576542+00:00
AR,2026-06-01,"Vivienda, agua, electricidad, gas y otros combustibles (202606)",indec_04_indice,13213.1497,indice,indec,2026-08-05T21:48:05.576542+00:00
AR,2026-06-01,"Vivienda, agua, electricidad, gas y otros combustibles (202606)",indec_04_variacion_mensual,3.3,%,indec,2026-08-05T21:48:05.576542+00:00
AR,2026-06-01,"Vivienda, agua, electricidad, gas y otros combustibles (202606)",indec_04_variacion_interanual,47.8,%,indec,2026-08-05T21:48:05.576542+00:00
AR,2026-06-01,Equipamiento y mantenimiento del hogar (202606),indec_05_indice,9455.0367,indice,indec,2026-08-05T21:48:05.576542+00:00
AR,2026-06-01,Equipamiento y mantenimiento del hogar (202606),indec_05_variacion_mensual,1.5,%,indec,2026-08-05T21:48:05.576542+00:00
AR,2026-06-01,Equipamiento y mantenimiento del hogar (202606),indec_05_variacion_interanual,23.1,%,indec,2026-08-05T21:48:05.576542+00:00
AR,2026-06-01,Salud (202606),indec_06_indice,13200.749,indice,indec,2026-08-05T21:48:05.576542+00:00
AR,2026-06-01,Salud (202606),indec_06_variacion_mensual,2.9,%,indec,2026-08-05T21:48:05.576542+00:00
AR,2026-06-01,Salud (202606),indec_06_variacion_interanual,30.5,%,indec,2026-08-05T21:48:05.576542+00:00
AR,2026-06-01,Transporte (202606),indec_07_indice,12531.7975,indice,indec,2026-08-05T21:48:05.576542+00:00
AR,2026-06-01,Transporte (202606),indec_07_variacion_mensual,1.6,%,indec,2026-08-05T21:48:05.576542+00:00
AR,2026-06-01,Transporte (202606),indec_07_variacion_interanual,42.1,%,indec,2026-08-05T21:48:05.576542+00:00
AR,2026-06-01,Comunicación (202606),indec_08_indice,10933.5551,indice,indec,2026-08-05T21:48:05.576542+00:00
AR,2026-06-01,Comunicación (202606),indec_08_variacion_mensual,0.9,%,indec,2026-08-05T21:48:05.576542+00:00
AR,2026-06-01,Comunicación (202606),indec_08_variacion_interanual,36.1,%,indec,2026-08-05T21:48:05.576542+00:00
AR,2026-06-01,Recreación y cultura (202606),indec_09_indice,10556.461,indice,indec,2026-08-05T21:48:05.576542+00:00
AR,2026-06-01,Recreación y cultura (202606),indec_09_variacion_mensual,4.2,%,indec,2026-08-05T21:48:05.576542+00:00
AR,2026-06-01,Recreación y cultura (202606),indec_09_variacion_interanual,32.0,%,indec,2026-08-05T21:48:05.576542+00:00
AR,2026-06-01,Educación (202606),indec_10_indice,11025.3986,indice,indec,2026-08-05T21:48:05.576542+00:00
AR,2026-06-01,Educación (202606),indec_10_variacion_mensual,1.7,%,indec,2026-08-05T21:48:05.576542+00:00
AR,2026-06-01,Educación (202606),indec_10_variacion_interanual,40.0,%,indec,2026-08-05T21:48:05.576542+00:00
AR,2026-06-01,Restaurantes y hoteles (202606),indec_11_indice,14524.0788,indice,indec,2026-08-05T21:48:05.576542+00:00
AR,2026-06-01,Restaurantes y hoteles (202606),indec_11_variacion_mensual,1.6,%,indec,2026-08-05T21:48:05.576542+00:00
AR,2026-06-01,Restaurantes y hoteles (202606),indec_11_variacion_interanual,36.7,%,indec,2026-08-05T21:48:05.576542+00:00
AR,2026-06-01,Bienes y servicios varios (202606),indec_12_indice,11373.1428,indice,indec,2026-08-05T21:48:05.576542+00:00
AR,2026-06-01,Bienes y servicios varios (202606),indec_12_variacion_mensual,1.8,%,indec,2026-08-05T21:48:05.576542+00:00
AR,2026-06-01,Bienes y servicios varios (202606),indec_12_variacion_interanual,32.4,%,indec,2026-08-05T21:48:05.576542+00:00
AR,2026-06-01,nan (202606),indec_Estacional_indice,9738.5609,indice,indec,2026-08-05T21:48:05.576542+00:00
AR,2026-06-01,nan (202606),indec_Estacional_variacion_mensual,3.4,%,indec,2026-08-05T21:48:05.576542+00:00
AR,2026-06-01,nan (202606),indec_Estacional_variacion_interanual,23.5,%,indec,2026-08-05T21:48:05.576542+00:00
AR,2026-06-01,nan (202606),indec_Núcleo_indice,12010.3199,indice,indec,2026-08-05T21:48:05.576542+00:00
AR,2026-06-01,nan (202606),indec_Núcleo_variacion_mensual,1.6,%,indec,2026-08-05T21:48:05.576542+00:00
AR,2026-06-01,nan (202606),indec_Núcleo_variacion_interanual,31.8,%,indec,2026-08-05T21:48:05.576542+00:00
AR,2026-06-01,nan (202606),indec_Regulados_indice,12389.4344,indice,indec,2026-08-05T21:48:05.576542+00:00
AR,2026-06-01,nan (202606),indec_Regulados_variacion_mensual,2.3,%,indec,2026-08-05T21:48:05.576542+00:00
AR,2026-06-01,nan (202606),indec_Regulados_variacion_interanual,44.6,%,indec,2026-08-05T21:48:05.576542+00:00
AR,2026-06-01,nan (202606),indec_B_indice,11669.7596,indice,indec,2026-08-05T21:48:05.576542+00:00
AR,2026-06-01,nan (202606),indec_B_variacion_mensual,1.4,%,indec,2026-08-05T21:48:05.576542+00:00
AR,2026-06-01,nan (202606),indec_B_variacion_interanual,29.4,%,indec,2026-08-05T21:48:05.576542+00:00
AR,2026-06-01,nan (202606),indec_S_indice,12197.4173,indice,indec,2026-08-05T21:48:05.576542+00:00
AR,2026-06-01,nan (202606),indec_S_variacion_mensual,2.9,%,indec,2026-08-05T21:48:05.576542+00:00
AR,2026-06-01,nan (202606),indec_S_variacion_interanual,42.4,%,indec,2026-08-05T21:48:05.576542+00:00
